timestamp,temperature_2m,humidity_2m,wind_speed_10m,wind_direction_10m,precipitation,pressure,boundary_layer_height
2025-07-20 00:00:00,27.6,83,6.5,182,0.0,975.2,160.0
2025-07-20 01:00:00,27.2,85,5.2,186,0.0,975.0,120.0
2025-07-20 02:00:00,26.7,87,4.4,207,0.0,974.6,75.0
2025-07-20 03:00:00,26.4,89,4.4,215,0.0,974.2,60.0
2025-07-20 04:00:00,26.2,88,4.5,220,0.0,974.5,65.0
2025-07-20 05:00:00,26.1,88,5.1,228,0.0,974.6,75.0
2025-07-20 06:00:00,27.4,86,5.6,222,0.0,974.8,115.0
2025-07-20 07:00:00,28.3,84,5.1,222,0.0,975.1,300.0
2025-07-20 08:00:00,29.5,76,6.4,238,0.0,975.3,505.0
2025-07-20 09:00:00,30.5,71,6.1,236,0.0,975.6,715.0
2025-07-20 10:00:00,31.4,67,6.4,234,0.0,975.7,920.0
2025-07-20 11:00:00,32.5,62,6.9,223,0.0,975.2,1150.0
2025-07-20 12:00:00,33.4,57,7.5,222,0.0,974.7,1340.0
2025-07-20 13:00:00,33.9,55,8.7,223,0.0,973.9,1465.0
2025-07-20 14:00:00,34.2,53,8.8,224,0.0,973.2,1560.0
2025-07-20 15:00:00,34.2,52,7.8,226,0.0,972.7,1545.0
2025-07-20 16:00:00,34.3,51,6.0,243,0.0,972.4,1565.0
2025-07-20 17:00:00,33.9,53,4.6,234,0.0,972.5,1555.0
2025-07-20 18:00:00,32.1,65,4.7,182,0.0,973.8,360.0
2025-07-20 19:00:00,30.9,74,3.3,167,0.0,974.2,65.0
2025-07-20 20:00:00,30.2,77,4.3,180,0.0,974.8,65.0
2025-07-20 21:00:00,29.5,80,4.5,187,0.0,975.4,75.0
2025-07-20 22:00:00,29.0,81,4.9,182,0.0,976.1,80.0
2025-07-20 23:00:00,28.6,82,5.6,180,0.0,976.2,100.0
2025-07-21 00:00:00,28.3,81,6.6,196,0.0,976.2,155.0
2025-07-21 01:00:00,27.9,81,6.6,217,0.0,975.9,140.0
2025-07-21 02:00:00,27.5,82,5.1,219,0.0,975.7,105.0
2025-07-21 03:00:00,27.2,83,6.2,232,0.0,975.4,120.0
2025-07-21 04:00:00,26.8,84,4.9,242,0.0,975.5,100.0
2025-07-21 05:00:00,26.6,86,3.9,246,0.0,976.1,75.0
2025-07-21 06:00:00,28.0,84,4.5,217,0.0,976.9,90.0
2025-07-21 07:00:00,28.4,83,3.6,139,0.0,977.9,95.0
2025-07-21 08:00:00,28.9,79,5.0,159,0.2,978.7,180.0
2025-07-21 09:00:00,30.0,74,6.0,164,0.0,978.9,355.0
2025-07-21 10:00:00,29.9,71,6.1,168,0.1,979.0,445.0
2025-07-21 11:00:00,29.9,73,3.5,159,0.1,979.0,470.0
2025-07-21 12:00:00,30.0,72,4.3,132,0.0,978.4,535.0
2025-07-21 13:00:00,30.7,69,3.9,112,0.0,977.5,695.0
2025-07-21 14:00:00,31.3,66,2.4,103,0.0,976.7,850.0
2025-07-21 15:00:00,31.5,65,2.7,94,0.0,975.8,850.0
2025-07-21 16:00:00,31.4,64,3.6,93,0.0,975.4,860.0
2025-07-21 17:00:00,31.2,66,3.6,90,0.0,974.9,845.0
2025-07-21 18:00:00,29.4,76,4.3,48,0.0,976.5,420.0
2025-07-21 19:00:00,28.8,81,3.9,106,0.0,976.5,335.0
2025-07-21 20:00:00,28.3,86,2.4,126,0.0,976.6,75.0
2025-07-21 21:00:00,28.0,88,2.1,105,0.0,976.9,55.0
2025-07-21 22:00:00,27.5,90,3.1,93,0.0,977.3,95.0
2025-07-21 23:00:00,27.2,91,2.4,138,0.0,977.7,60.0
2025-07-22 00:00:00,26.8,91,3.6,160,0.0,977.3,50.0
2025-07-22 01:00:00,26.6,90,3.5,168,0.0,977.0,55.0
2025-07-22 02:00:00,26.3,92,2.6,155,0.0,976.7,40.0
2025-07-22 03:00:00,26.2,91,3.7,145,0.0,976.6,50.0
2025-07-22 04:00:00,26.1,91,4.1,151,0.0,976.8,60.0
2025-07-22 05:00:00,26.0,91,3.3,144,0.0,976.9,60.0
2025-07-22 06:00:00,27.5,88,9.0,217,0.2,977.6,315.0
2025-07-22 07:00:00,27.7,84,3.9,223,0.0,977.4,155.0
2025-07-22 08:00:00,28.7,81,5.4,272,0.0,977.6,300.0
2025-07-22 09:00:00,30.2,73,4.1,308,0.0,977.7,485.0
2025-07-22 10:00:00,31.6,68,4.0,297,0.0,977.3,690.0
2025-07-22 11:00:00,32.9,62,1.9,311,0.0,976.6,960.0
2025-07-22 12:00:00,33.9,55,1.1,252,0.0,976.0,1200.0
2025-07-22 13:00:00,34.1,53,3.1,257,0.0,975.1,1250.0
2025-07-22 14:00:00,34.6,52,4.2,288,0.0,973.9,1365.0
2025-07-22 15:00:00,34.8,50,6.3,283,0.0,973.1,1410.0
2025-07-22 16:00:00,34.3,52,6.5,276,0.0,972.3,1280.0
2025-07-22 17:00:00,34.0,53,6.1,267,0.0,971.8,1200.0
2025-07-22 18:00:00,31.8,64,3.7,317,0.0,973.4,430.0
2025-07-22 19:00:00,31.2,68,2.2,235,0.0,973.7,30.0
2025-07-22 20:00:00,30.2,77,3.7,219,0.0,974.1,70.0
2025-07-22 21:00:00,29.6,81,2.8,198,0.0,974.5,45.0
2025-07-22 22:00:00,29.2,83,2.6,196,0.0,974.5,35.0
2025-07-22 23:00:00,28.8,85,3.0,197,0.0,974.6,35.0
2025-07-23 00:00:00,28.6,82,4.5,194,0.0,974.4,65.0
2025-07-23 01:00:00,28.1,86,2.6,102,0.0,974.1,40.0
2025-07-23 02:00:00,27.8,86,4.7,180,0.0,973.5,60.0
2025-07-23 03:00:00,27.6,85,4.4,168,0.0,973.3,85.0
2025-07-23 04:00:00,27.3,85,4.6,154,0.0,973.1,90.0
2025-07-23 05:00:00,27.0,86,4.0,180,0.0,973.4,75.0
2025-07-23 06:00:00,28.3,84,6.6,303,0.0,973.5,320.0
2025-07-23 07:00:00,29.1,80,3.4,344,0.0,974.0,475.0
2025-07-23 08:00:00,29.8,72,8.5,271,0.4,974.6,705.0
2025-07-23 09:00:00,29.3,75,10.5,283,0.6,975.1,570.0
2025-07-23 10:00:00,30.6,71,4.1,270,0.0,974.5,585.0
2025-07-23 11:00:00,31.7,68,3.4,245,0.0,973.9,740.0
2025-07-23 12:00:00,32.7,65,4.8,248,0.0,973.1,1065.0
2025-07-23 13:00:00,33.2,63,7.0,274,0.0,972.1,1255.0
2025-07-23 14:00:00,33.1,64,7.8,279,0.0,970.9,1205.0
2025-07-23 15:00:00,32.9,64,9.6,287,0.1,970.1,990.0
2025-07-23 16:00:00,33.0,64,8.9,294,0.0,969.5,935.0
2025-07-23 17:00:00,32.6,67,8.0,301,0.1,969.4,835.0
2025-07-23 18:00:00,29.9,80,5.5,218,0.0,971.2,355.0
2025-07-23 19:00:00,29.1,86,5.1,198,0.0,971.7,165.0
2025-07-23 20:00:00,28.7,88,5.8,210,0.0,972.0,125.0
2025-07-23 21:00:00,28.5,89,5.8,216,0.0,972.6,115.0
2025-07-23 22:00:00,28.4,89,5.9,211,0.0,973.0,105.0
2025-07-23 23:00:00,28.2,89,6.7,207,0.0,973.1,120.0
2025-07-24 00:00:00,28.0,88,5.5,218,0.0,972.8,125.0
2025-07-24 01:00:00,27.7,89,3.8,211,0.0,972.4,95.0
2025-07-24 02:00:00,27.3,91,2.3,225,0.0,972.2,40.0
2025-07-24 03:00:00,27.1,92,1.1,189,0.0,971.8,15.0
2025-07-24 04:00:00,26.5,88,9.9,201,0.8,972.2,185.0
2025-07-24 05:00:00,25.4,93,11.8,224,0.6,972.4,145.0
2025-07-24 06:00:00,27.8,82,9.2,291,0.1,972.2,340.0
2025-07-24 07:00:00,28.5,81,6.5,283,0.0,972.8,355.0
2025-07-24 08:00:00,29.5,79,7.2,274,0.0,973.2,480.0
2025-07-24 09:00:00,31.3,71,8.6,282,0.0,973.6,535.0
2025-07-24 10:00:00,32.7,65,8.9,291,0.0,973.9,845.0
2025-07-24 11:00:00,33.8,58,8.4,301,0.0,973.5,1140.0
2025-07-24 12:00:00,34.5,54,8.2,306,0.0,972.6,1300.0
2025-07-24 13:00:00,35.0,52,8.0,301,0.0,971.3,1430.0
2025-07-24 14:00:00,35.4,51,7.6,301,0.0,970.1,1470.0
2025-07-24 15:00:00,35.5,50,9.0,307,0.0,969.3,1520.0
2025-07-24 16:00:00,35.1,51,9.9,305,0.0,968.6,1465.0
2025-07-24 17:00:00,34.4,54,9.7,301,0.0,968.5,1375.0
2025-07-24 18:00:00,32.6,64,5.5,302,0.0,970.1,370.0
2025-07-24 19:00:00,31.2,73,3.6,279,0.0,970.4,65.0
2025-07-24 20:00:00,30.6,74,4.9,264,0.0,971.0,70.0
2025-07-24 21:00:00,30.1,75,9.1,284,0.0,971.8,315.0
2025-07-24 22:00:00,29.2,78,6.2,291,0.0,972.4,205.0
2025-07-24 23:00:00,28.7,80,5.1,276,0.0,972.5,115.0
2025-07-25 00:00:00,28.2,81,5.8,270,0.0,972.2,125.0
2025-07-25 01:00:00,27.6,84,5.7,279,0.0,971.8,135.0
2025-07-25 02:00:00,27.3,85,5.5,283,0.0,971.1,125.0
2025-07-25 03:00:00,27.1,86,5.9,288,0.0,970.6,135.0
2025-07-25 04:00:00,26.8,87,5.8,279,0.0,971.0,115.0
2025-07-25 05:00:00,26.6,88,5.4,276,0.0,971.5,110.0
2025-07-25 06:00:00,28.5,84,6.7,289,0.0,971.5,145.0
2025-07-25 07:00:00,29.3,82,4.5,270,0.0,972.0,155.0
2025-07-25 08:00:00,31.0,75,5.7,281,0.0,972.4,315.0
2025-07-25 09:00:00,32.8,64,8.7,277,0.0,972.9,805.0
2025-07-25 10:00:00,34.1,56,10.4,288,0.0,972.9,1310.0
2025-07-25 11:00:00,35.0,51,10.6,305,0.0,972.5,1475.0
2025-07-25 12:00:00,35.5,48,10.1,314,0.0,972.0,1510.0
2025-07-25 13:00:00,35.8,48,9.6,308,0.0,971.2,1500.0
2025-07-25 14:00:00,36.3,48,9.3,307,0.0,970.3,1615.0
2025-07-25 15:00:00,36.2,47,10.1,314,0.0,969.6,1600.0
2025-07-25 16:00:00,35.7,48,10.5,321,0.0,968.9,1475.0
2025-07-25 17:00:00,35.2,51,7.6,324,0.0,969.1,1385.0
2025-07-25 18:00:00,34.5,54,5.9,305,0.0,969.7,340.0
2025-07-25 19:00:00,33.1,65,3.2,273,0.0,970.5,60.0
2025-07-25 20:00:00,32.4,71,2.3,241,0.0,971.4,30.0
2025-07-25 21:00:00,31.8,76,1.3,188,0.0,972.7,15.0
2025-07-25 22:00:00,31.5,78,0.2,180,0.0,972.6,10.0
2025-07-25 23:00:00,31.0,78,1.6,117,0.5,973.2,25.0
2025-07-26 00:00:00,30.5,75,11.7,92,0.0,972.8,265.0
2025-07-26 01:00:00,28.7,83,9.1,98,0.0,972.6,215.0
2025-07-26 02:00:00,28.1,86,3.4,108,0.0,972.6,195.0
2025-07-26 03:00:00,27.7,88,7.2,93,0.0,972.1,220.0
2025-07-26 04:00:00,27.2,90,6.5,88,0.0,972.1,220.0
2025-07-26 05:00:00,26.9,92,2.5,111,0.0,972.3,125.0
2025-07-26 06:00:00,27.5,89,3.1,173,1.7,973.5,140.0
2025-07-26 07:00:00,27.6,90,4.5,214,0.6,973.6,220.0
2025-07-26 08:00:00,28.7,84,4.3,195,0.0,973.8,400.0
2025-07-26 09:00:00,30.5,75,3.6,153,0.0,974.2,640.0
2025-07-26 10:00:00,31.7,69,2.2,132,0.0,974.1,815.0
2025-07-26 11:00:00,32.5,66,1.3,172,0.0,973.8,860.0
2025-07-26 12:00:00,33.5,62,2.6,168,0.0,973.2,1020.0
2025-07-26 13:00:00,34.0,60,3.3,174,0.0,972.4,1120.0
2025-07-26 14:00:00,34.8,55,3.5,189,0.0,971.4,1150.0
2025-07-26 15:00:00,35.3,53,2.4,197,0.0,970.4,1165.0
2025-07-26 16:00:00,35.4,53,3.9,193,0.0,970.1,1280.0
2025-07-26 17:00:00,34.2,56,5.7,171,0.0,970.4,560.0
2025-07-26 18:00:00,33.3,62,6.5,166,0.0,971.3,515.0
2025-07-26 19:00:00,32.5,67,6.9,171,0.0,972.2,265.0
2025-07-26 20:00:00,31.8,72,6.8,191,0.0,972.8,195.0
2025-07-26 21:00:00,31.2,76,6.4,191,0.0,973.5,160.0
2025-07-26 22:00:00,30.8,78,5.6,184,0.0,973.6,140.0
2025-07-26 23:00:00,30.4,80,2.5,120,0.0,973.5,55.0
2025-07-27 00:00:00,30.2,83,1.2,117,0.0,973.2,35.0
2025-07-27 01:00:00,29.8,84,4.4,109,0.0,973.1,70.0
2025-07-27 02:00:00,29.4,86,6.1,109,0.0,972.8,115.0
2025-07-27 03:00:00,29.0,86,5.6,115,0.0,972.6,110.0
2025-07-27 04:00:00,28.9,85,3.9,112,0.0,972.8,75.0
2025-07-27 05:00:00,28.8,83,5.3,142,0.0,973.2,140.0
2025-07-27 06:00:00,29.0,83,3.0,57,0.1,973.6,140.0
2025-07-27 07:00:00,30.1,75,2.6,56,0.0,974.1,465.0
2025-07-27 08:00:00,31.6,67,7.5,82,0.0,974.4,845.0
2025-07-27 09:00:00,32.5,61,12.3,101,0.0,974.1,880.0
2025-07-27 10:00:00,33.2,59,11.1,99,0.4,973.6,955.0
2025-07-27 11:00:00,34.0,58,9.4,103,0.3,973.1,1080.0
2025-07-27 12:00:00,35.3,53,7.9,107,0.1,972.9,1285.0
2025-07-27 13:00:00,35.7,51,6.9,99,0.0,972.1,1380.0
2025-07-27 14:00:00,36.2,49,7.1,96,0.0,971.0,1465.0
2025-07-27 15:00:00,36.3,49,7.4,93,0.0,970.3,1465.0
2025-07-27 16:00:00,36.0,50,7.4,94,0.0,969.6,1435.0
2025-07-27 17:00:00,35.4,52,8.3,104,0.0,969.7,1300.0
2025-07-27 18:00:00,33.3,59,8.5,96,0.0,971.3,875.0
2025-07-27 19:00:00,32.5,63,8.3,95,0.0,971.6,780.0
2025-07-27 20:00:00,32.0,67,7.6,105,0.0,972.5,560.0
2025-07-27 21:00:00,31.5,70,6.9,95,0.0,973.3,345.0
2025-07-27 22:00:00,30.9,73,6.6,99,0.0,973.5,280.0
2025-07-27 23:00:00,30.3,76,6.0,106,0.0,973.3,250.0
2025-07-28 00:00:00,29.9,78,5.2,94,0.0,972.9,160.0
2025-07-28 01:00:00,29.6,80,4.8,79,0.0,972.7,140.0
2025-07-28 02:00:00,29.2,82,5.3,98,0.0,972.4,155.0
2025-07-28 03:00:00,28.7,85,5.2,104,0.0,972.0,125.0
2025-07-28 04:00:00,28.4,87,5.4,96,0.0,971.8,125.0
2025-07-28 05:00:00,28.1,88,5.1,129,0.0,972.2,120.0
2025-07-28 06:00:00,29.4,81,4.1,131,0.0,973.1,210.0
2025-07-28 07:00:00,30.2,76,5.0,134,0.0,973.5,390.0
2025-07-28 08:00:00,31.8,66,5.4,143,0.0,973.8,610.0
2025-07-28 09:00:00,33.1,60,4.1,151,0.0,974.1,900.0
2025-07-28 10:00:00,34.4,54,3.5,156,0.0,974.1,1185.0
2025-07-28 11:00:00,35.6,49,3.1,173,0.0,973.5,1445.0
2025-07-28 12:00:00,36.2,46,0.5,180,0.3,973.3,1520.0
2025-07-28 13:00:00,36.2,47,2.3,180,0.9,972.6,1565.0
2025-07-28 14:00:00,36.3,49,2.0,180,0.2,971.5,1650.0
2025-07-28 15:00:00,36.6,49,1.0,225,0.0,970.6,1720.0
2025-07-28 16:00:00,36.6,49,2.2,256,0.0,970.0,1655.0
2025-07-28 17:00:00,35.4,52,3.2,297,0.0,970.3,1455.0
2025-07-28 18:00:00,33.4,58,3.4,122,0.2,972.0,780.0
2025-07-28 19:00:00,32.2,65,6.9,149,0.0,972.7,260.0
2025-07-28 20:00:00,31.3,73,7.8,132,0.0,973.3,305.0
2025-07-28 21:00:00,30.5,78,9.2,118,0.0,974.0,425.0
2025-07-28 22:00:00,29.8,80,9.7,112,0.0,974.6,370.0
2025-07-28 23:00:00,29.2,83,8.0,124,0.0,974.3,330.0
2025-07-29 00:00:00,28.6,86,6.5,114,0.0,974.1,260.0
2025-07-29 01:00:00,28.2,88,4.7,140,0.0,973.7,260.0
2025-07-29 02:00:00,27.9,90,4.8,155,0.0,973.0,265.0
2025-07-29 03:00:00,27.7,91,5.1,138,0.0,972.8,225.0
2025-07-29 04:00:00,27.5,92,7.4,108,0.0,972.9,260.0
2025-07-29 05:00:00,27.2,93,6.3,141,0.0,973.2,275.0
2025-07-29 06:00:00,27.3,88,3.9,112,0.5,973.6,165.0
2025-07-29 07:00:00,27.5,88,3.0,128,0.8,974.4,220.0
2025-07-29 08:00:00,28.3,85,5.8,126,0.4,974.5,325.0
2025-07-29 09:00:00,29.7,78,2.3,151,0.0,974.7,605.0
2025-07-29 10:00:00,30.7,75,2.7,184,0.0,974.7,745.0
2025-07-29 11:00:00,31.5,71,4.7,203,0.1,974.1,715.0
2025-07-29 12:00:00,31.1,75,3.0,142,0.5,973.8,625.0
2025-07-29 13:00:00,32.1,71,2.4,73,0.3,973.0,840.0
2025-07-29 14:00:00,32.9,68,2.4,63,0.2,972.1,1040.0
2025-07-29 15:00:00,31.8,71,7.6,94,0.1,971.2,600.0
2025-07-29 16:00:00,29.7,81,5.8,81,0.7,971.1,350.0
2025-07-29 17:00:00,30.1,81,4.7,47,0.2,971.3,370.0
2025-07-29 18:00:00,29.7,77,6.1,93,0.0,972.9,570.0
2025-07-29 19:00:00,29.1,81,5.5,79,0.0,973.4,565.0
2025-07-29 20:00:00,28.6,84,7.4,89,0.0,974.1,475.0
2025-07-29 21:00:00,28.2,85,6.8,92,0.0,974.9,465.0
2025-07-29 22:00:00,28.0,87,6.0,100,0.0,975.2,340.0
2025-07-29 23:00:00,27.6,88,5.6,96,0.0,975.3,305.0
2025-07-30 00:00:00,27.3,90,6.3,95,0.0,975.0,345.0
2025-07-30 01:00:00,27.0,91,7.0,94,0.0,974.4,380.0
2025-07-30 02:00:00,26.7,93,7.2,93,0.0,974.2,370.0
2025-07-30 03:00:00,26.5,94,7.4,91,0.0,973.9,355.0
2025-07-30 04:00:00,26.4,94,7.6,89,0.0,974.1,365.0
2025-07-30 05:00:00,26.2,95,6.1,95,0.0,974.3,335.0
2025-07-30 06:00:00,26.2,94,10.0,76,0.6,974.3,275.0
2025-07-30 07:00:00,26.2,94,7.8,103,0.2,974.6,235.0
2025-07-30 08:00:00,27.2,90,8.4,97,0.2,975.0,350.0
2025-07-30 09:00:00,28.6,85,8.8,99,0.2,975.5,645.0
2025-07-30 10:00:00,29.9,78,10.4,111,0.1,975.5,860.0
2025-07-30 11:00:00,31.1,74,9.5,105,0.1,974.9,1050.0
2025-07-30 12:00:00,31.6,71,8.6,113,0.1,974.3,995.0
2025-07-30 13:00:00,31.2,71,9.0,110,2.3,973.5,605.0
2025-07-30 14:00:00,28.2,89,8.7,97,6.5,972.9,330.0
2025-07-30 15:00:00,29.4,82,6.2,98,0.3,972.4,455.0
2025-07-30 16:00:00,30.5,79,5.2,94,0.2,971.9,555.0
2025-07-30 17:00:00,29.6,82,5.9,130,3.3,972.2,260.0
2025-07-30 18:00:00,27.9,89,9.3,112,0.1,973.8,410.0
2025-07-30 19:00:00,26.9,94,6.5,104,0.2,974.2,225.0
2025-07-30 20:00:00,26.8,95,6.0,100,0.1,974.7,215.0
2025-07-30 21:00:00,26.7,95,7.4,108,0.1,975.4,310.0
2025-07-30 22:00:00,26.5,96,7.4,103,0.1,975.9,320.0
2025-07-30 23:00:00,26.3,97,9.6,124,0.6,975.7,280.0
2025-07-31 00:00:00,26.3,97,7.9,123,1.6,975.5,280.0
2025-07-31 01:00:00,26.2,95,9.8,142,0.3,975.1,295.0
2025-07-31 02:00:00,25.8,98,6.4,148,3.5,974.8,210.0
2025-07-31 03:00:00,25.5,98,6.2,147,5.8,974.3,260.0
2025-07-31 04:00:00,25.3,98,6.8,138,3.4,974.5,260.0
2025-07-31 05:00:00,25.4,98,5.3,123,1.0,974.7,255.0
2025-07-31 06:00:00,25.7,97,7.5,132,1.4,974.9,310.0
2025-07-31 07:00:00,25.4,97,4.9,156,8.0,975.7,225.0
2025-07-31 08:00:00,25.7,95,8.4,127,2.9,975.9,335.0
2025-07-31 09:00:00,26.4,91,9.9,147,0.3,976.3,310.0
2025-07-31 10:00:00,28.0,85,8.7,143,0.3,976.3,530.0
2025-07-31 11:00:00,28.9,82,7.8,151,0.2,975.8,630.0
2025-07-31 12:00:00,29.7,78,8.5,162,0.1,974.9,610.0
2025-07-31 13:00:00,29.9,76,8.5,155,0.0,974.2,730.0
2025-07-31 14:00:00,30.4,74,6.4,153,0.0,973.5,765.0
2025-07-31 15:00:00,30.8,72,6.6,163,0.0,973.1,850.0
2025-07-31 16:00:00,31.2,70,4.0,190,0.0,972.5,905.0
2025-07-31 17:00:00,31.5,69,1.5,173,0.0,972.5,950.0
2025-07-31 18:00:00,28.9,85,2.2,215,0.1,975.1,235.0
2025-07-31 19:00:00,28.1,88,2.7,293,0.2,975.0,225.0
2025-07-31 20:00:00,27.8,89,2.9,47,0.1,975.8,125.0
2025-07-31 21:00:00,27.4,92,2.6,74,0.0,976.8,115.0
2025-07-31 22:00:00,27.3,93,2.2,132,0.0,976.7,115.0
2025-07-31 23:00:00,27.0,95,3.9,114,0.0,976.6,135.0
2025-08-01 00:00:00,26.5,93,3.4,174,0.2,976.4,130.0
2025-08-01 01:00:00,26.3,90,5.4,132,1.3,976.0,85.0
2025-08-01 02:00:00,26.0,94,5.1,132,0.1,975.4,90.0
2025-08-01 03:00:00,25.7,96,3.9,158,0.0,975.3,105.0
2025-08-01 04:00:00,25.5,97,4.6,191,0.0,975.8,115.0
2025-08-01 05:00:00,25.5,97,3.1,170,0.0,975.9,85.0
2025-08-01 06:00:00,25.8,96,5.6,228,0.1,976.2,235.0
2025-08-01 07:00:00,26.4,93,2.6,196,0.1,976.2,185.0
2025-08-01 08:00:00,27.8,86,5.2,243,0.0,976.9,420.0
2025-08-01 09:00:00,29.1,78,6.1,251,0.0,977.2,545.0
2025-08-01 10:00:00,29.9,74,4.9,242,0.0,976.9,660.0
2025-08-01 11:00:00,30.9,72,3.1,216,0.1,976.6,885.0
2025-08-01 12:00:00,31.4,72,3.3,167,0.2,976.0,1020.0
2025-08-01 13:00:00,32.0,70,3.6,210,0.2,975.2,1075.0
2025-08-01 14:00:00,31.9,69,5.4,244,0.2,974.1,945.0
2025-08-01 15:00:00,30.8,75,10.6,251,2.9,973.9,575.0
2025-08-01 16:00:00,29.1,85,4.0,280,2.1,973.9,325.0
2025-08-01 17:00:00,29.3,84,4.1,315,0.0,974.2,380.0
2025-08-01 18:00:00,28.8,87,1.4,293,0.0,975.5,240.0
2025-08-01 19:00:00,28.4,91,1.9,163,0.0,976.1,35.0
2025-08-01 20:00:00,28.2,92,2.3,209,0.0,976.5,40.0
2025-08-01 21:00:00,28.2,89,4.6,231,0.0,977.1,135.0
2025-08-01 22:00:00,28.0,85,6.3,246,0.0,977.1,225.0
2025-08-01 23:00:00,27.5,84,4.8,250,0.0,976.8,120.0
2025-08-02 00:00:00,27.1,85,5.0,232,0.0,976.4,100.0
2025-08-02 01:00:00,26.9,86,6.2,249,0.0,975.7,190.0
2025-08-02 02:00:00,26.6,87,5.5,257,0.0,975.1,250.0
2025-08-02 03:00:00,26.4,88,4.3,248,0.0,975.4,170.0
2025-08-02 04:00:00,26.3,89,4.2,245,0.0,975.7,165.0
2025-08-02 05:00:00,26.0,90,4.9,242,0.0,976.2,190.0
2025-08-02 06:00:00,27.5,86,5.5,257,0.0,976.4,260.0
2025-08-02 07:00:00,28.0,85,4.8,255,0.0,977.0,445.0
2025-08-02 08:00:00,28.6,81,5.6,245,0.0,977.5,610.0
2025-08-02 09:00:00,29.2,78,6.3,252,0.0,978.0,670.0
2025-08-02 10:00:00,30.2,72,8.6,258,0.0,978.2,750.0
2025-08-02 11:00:00,31.1,70,8.9,245,0.0,977.7,945.0
2025-08-02 12:00:00,31.7,70,9.2,247,0.0,976.8,965.0
2025-08-02 13:00:00,32.2,68,10.2,256,0.0,975.6,1045.0
2025-08-02 14:00:00,32.4,66,10.9,264,0.0,974.6,1040.0
2025-08-02 15:00:00,32.4,65,10.8,269,0.0,974.3,1075.0
2025-08-02 16:00:00,32.0,69,9.2,287,0.0,973.8,940.0
2025-08-02 17:00:00,31.1,76,5.2,241,0.9,974.0,360.0
2025-08-02 18:00:00,30.5,74,6.2,278,0.0,975.6,560.0
2025-08-02 19:00:00,29.5,76,7.7,267,0.0,976.2,415.0
2025-08-02 20:00:00,28.7,79,5.8,250,0.0,976.9,265.0
2025-08-02 21:00:00,28.5,81,5.6,248,0.0,977.3,190.0
2025-08-02 22:00:00,28.4,82,4.6,231,0.0,977.1,120.0
2025-08-02 23:00:00,28.2,83,4.4,215,0.0,977.1,100.0
2025-08-03 00:00:00,28.1,83,6.5,194,0.0,977.2,115.0
2025-08-03 01:00:00,27.9,82,7.5,210,0.0,976.7,180.0
2025-08-03 02:00:00,27.5,83,7.0,220,0.0,976.1,170.0
2025-08-03 03:00:00,27.2,85,7.3,205,0.0,976.2,160.0
2025-08-03 04:00:00,27.0,87,7.5,215,0.0,976.5,175.0
2025-08-03 05:00:00,27.0,88,7.3,228,0.0,976.7,185.0
2025-08-03 06:00:00,26.8,91,11.8,243,0.1,976.9,370.0
2025-08-03 07:00:00,27.6,87,8.7,248,0.0,977.6,460.0
2025-08-03 08:00:00,29.2,79,7.8,255,0.0,978.2,685.0
2025-08-03 09:00:00,30.1,71,9.4,272,0.0,978.5,815.0
2025-08-03 10:00:00,31.2,68,10.9,279,0.0,978.8,955.0
2025-08-03 11:00:00,32.1,66,11.6,286,0.0,978.4,1090.0
2025-08-03 12:00:00,32.7,66,10.5,289,0.1,978.1,1120.0
2025-08-03 13:00:00,32.9,65,8.9,283,0.0,977.5,1275.0
2025-08-03 14:00:00,33.1,66,8.7,284,0.0,976.9,1360.0
2025-08-03 15:00:00,32.9,66,7.8,278,0.0,976.0,1195.0
2025-08-03 16:00:00,31.1,74,10.1,295,0.5,975.9,530.0
2025-08-03 17:00:00,31.4,74,5.1,280,0.0,975.7,515.0
2025-08-03 18:00:00,31.1,73,4.2,275,0.0,976.8,195.0
2025-08-03 19:00:00,30.3,77,3.9,242,0.0,977.1,70.0
2025-08-03 20:00:00,29.6,80,5.5,224,0.0,977.7,95.0
2025-08-03 21:00:00,29.1,80,6.7,232,0.0,978.5,120.0
2025-08-03 22:00:00,28.7,80,5.2,250,0.0,978.8,120.0
2025-08-03 23:00:00,28.4,82,5.3,232,0.0,978.8,110.0
2025-08-04 00:00:00,28.0,84,4.4,235,0.0,978.4,125.0
2025-08-04 01:00:00,27.6,87,3.3,234,0.0,978.1,125.0
2025-08-04 02:00:00,27.0,89,9.0,68,0.1,978.4,150.0
2025-08-04 03:00:00,26.3,93,4.8,135,0.0,978.0,90.0
2025-08-04 04:00:00,26.2,95,4.7,173,0.0,978.1,70.0
2025-08-04 05:00:00,26.3,95,2.6,168,0.0,978.4,55.0
2025-08-04 06:00:00,28.2,76,9.4,272,0.0,978.5,495.0
2025-08-04 07:00:00,28.3,76,10.9,261,0.0,979.2,530.0
2025-08-04 08:00:00,28.4,76,12.1,260,0.0,979.6,680.0
2025-08-04 09:00:00,29.0,76,11.9,256,0.0,980.0,675.0
2025-08-04 10:00:00,29.2,76,11.8,263,0.0,980.2,620.0
2025-08-04 11:00:00,29.4,77,8.5,257,0.0,980.2,620.0
2025-08-04 12:00:00,29.5,76,10.2,249,0.0,979.6,585.0
2025-08-04 13:00:00,29.8,75,10.1,246,0.0,978.9,545.0
2025-08-04 14:00:00,30.2,75,9.1,253,0.0,978.3,550.0
2025-08-04 15:00:00,30.5,75,7.9,254,0.0,977.5,535.0
2025-08-04 16:00:00,31.0,75,7.6,252,0.0,977.1,595.0
2025-08-04 17:00:00,30.6,78,6.7,224,0.0,977.1,585.0
2025-08-04 18:00:00,29.4,83,5.0,182,0.0,977.9,175.0
2025-08-04 19:00:00,28.7,86,5.2,194,0.0,978.2,160.0
2025-08-04 20:00:00,28.6,85,5.8,178,0.0,978.7,125.0
2025-08-04 21:00:00,28.5,85,5.1,186,0.0,979.4,150.0
2025-08-04 22:00:00,28.3,87,6.1,194,0.0,979.5,140.0
2025-08-04 23:00:00,28.1,87,7.2,199,0.0,979.1,165.0
2025-08-05 00:00:00,27.8,87,7.6,202,0.0,978.7,175.0
2025-08-05 01:00:00,27.5,87,6.1,199,0.0,978.1,160.0
2025-08-05 02:00:00,27.3,87,6.8,217,0.0,977.6,170.0
2025-08-05 03:00:00,27.1,86,7.0,228,0.0,977.5,200.0
2025-08-05 04:00:00,27.2,85,8.5,246,0.0,977.7,285.0
2025-08-05 05:00:00,27.1,84,9.5,255,0.0,977.9,375.0
2025-08-05 06:00:00,27.5,79,10.9,261,0.0,978.0,440.0
2025-08-05 07:00:00,28.0,77,10.7,264,0.0,978.5,480.0
2025-08-05 08:00:00,28.7,76,8.8,266,0.0,979.1,535.0
2025-08-05 09:00:00,29.7,74,7.4,264,0.0,979.5,665.0
2025-08-05 10:00:00,30.1,73,5.1,306,0.1,980.1,990.0
2025-08-05 11:00:00,28.6,78,9.8,325,0.5,980.5,420.0
2025-08-05 12:00:00,27.1,88,2.4,197,5.0,979.9,140.0
2025-08-05 13:00:00,26.9,91,7.5,120,1.9,979.3,130.0
2025-08-05 14:00:00,27.8,89,7.3,164,0.3,978.6,225.0
2025-08-05 15:00:00,28.6,86,4.0,188,0.1,978.2,225.0
2025-08-05 16:00:00,28.9,84,5.0,178,0.0,978.2,280.0
2025-08-05 17:00:00,28.8,85,2.2,166,0.0,978.2,260.0
2025-08-05 18:00:00,28.7,87,3.1,121,0.4,978.8,90.0
2025-08-05 19:00:00,27.9,90,7.0,130,0.0,979.1,115.0
2025-08-05 20:00:00,27.6,89,6.4,137,0.0,979.6,115.0
2025-08-05 21:00:00,27.4,88,7.3,142,0.0,980.1,130.0
2025-08-05 22:00:00,27.2,88,7.8,146,0.0,980.3,150.0
2025-08-05 23:00:00,27.0,88,7.4,151,0.0,979.8,160.0
2025-08-06 00:00:00,27.0,88,7.4,162,0.0,979.6,160.0
2025-08-06 01:00:00,27.0,88,8.7,163,0.0,979.0,215.0
2025-08-06 02:00:00,26.7,90,7.5,170,0.0,978.4,190.0
2025-08-06 03:00:00,26.4,91,6.6,193,0.0,978.6,175.0
2025-08-06 04:00:00,26.3,90,5.9,232,0.0,979.3,165.0
2025-08-06 05:00:00,26.3,88,5.9,270,0.0,979.7,190.0
2025-08-06 06:00:00,27.1,82,7.7,252,0.2,980.1,390.0
2025-08-06 07:00:00,27.3,80,7.8,251,0.0,980.3,430.0
2025-08-06 08:00:00,28.1,79,6.8,248,0.0,981.0,515.0
2025-08-06 09:00:00,29.0,75,7.9,259,0.0,981.2,550.0
2025-08-06 10:00:00,30.0,72,7.4,264,0.0,981.2,620.0
2025-08-06 11:00:00,30.5,71,6.0,261,0.0,981.1,690.0
2025-08-06 12:00:00,31.0,70,5.1,264,0.0,980.8,785.0
2025-08-06 13:00:00,31.0,70,4.5,299,0.0,979.9,760.0
2025-08-06 14:00:00,31.4,69,3.6,279,0.0,979.1,785.0
2025-08-06 15:00:00,32.1,67,3.8,265,0.0,978.1,905.0
2025-08-06 16:00:00,31.7,68,2.7,266,0.1,977.3,540.0
2025-08-06 17:00:00,29.9,73,9.0,240,0.2,977.3,425.0
2025-08-06 18:00:00,29.7,78,4.3,315,0.0,978.0,225.0
2025-08-06 19:00:00,28.9,82,3.1,277,0.0,978.4,95.0
2025-08-06 20:00:00,28.4,85,4.3,242,0.0,978.7,95.0
2025-08-06 21:00:00,28.2,87,3.2,254,0.0,979.2,65.0
2025-08-06 22:00:00,28.0,88,2.4,222,0.0,979.5,40.0
2025-08-06 23:00:00,27.7,88,3.8,229,0.0,979.3,50.0
2025-08-07 00:00:00,27.5,86,4.2,220,0.0,979.0,65.0
2025-08-07 01:00:00,27.2,87,4.3,208,0.0,978.4,70.0
2025-08-07 02:00:00,27.0,86,5.7,233,0.0,978.1,105.0
2025-08-07 03:00:00,26.8,84,6.8,267,0.0,978.3,165.0
2025-08-07 04:00:00,26.4,82,7.2,271,0.0,978.6,185.0
2025-08-07 05:00:00,26.0,81,7.4,270,0.0,978.7,185.0
2025-08-07 06:00:00,27.3,78,9.8,277,0.0,978.7,380.0
2025-08-07 07:00:00,28.0,77,10.2,279,0.0,979.3,415.0
2025-08-07 08:00:00,29.1,75,9.8,276,0.0,979.9,490.0
2025-08-07 09:00:00,30.5,71,9.7,280,0.0,980.1,660.0
2025-08-07 10:00:00,31.8,67,11.0,284,0.0,980.1,995.0
2025-08-07 11:00:00,32.8,59,11.5,295,0.0,979.8,1210.0
2025-08-07 12:00:00,33.4,57,11.1,292,0.0,979.1,1310.0
2025-08-07 13:00:00,33.7,56,11.1,283,0.0,978.0,1330.0
2025-08-07 14:00:00,33.9,56,11.8,277,0.0,976.9,1405.0
2025-08-07 15:00:00,33.8,56,12.2,278,0.0,975.9,1420.0
2025-08-07 16:00:00,33.5,57,12.8,281,0.0,975.4,1425.0
2025-08-07 17:00:00,32.7,62,10.0,278,0.0,975.4,1370.0
2025-08-07 18:00:00,31.4,69,6.3,290,0.0,976.2,405.0
2025-08-07 19:00:00,30.3,73,6.7,278,0.0,976.2,225.0
2025-08-07 20:00:00,29.7,75,6.0,275,0.0,976.9,155.0
2025-08-07 21:00:00,29.2,78,5.3,242,0.0,977.7,85.0
2025-08-07 22:00:00,28.8,78,6.4,254,0.0,978.0,120.0
2025-08-07 23:00:00,28.4,77,6.9,263,0.0,978.0,150.0
2025-08-08 00:00:00,27.9,77,7.7,252,0.0,977.7,170.0
2025-08-08 01:00:00,27.6,78,8.0,254,0.0,977.3,185.0
2025-08-08 02:00:00,27.3,79,7.7,252,0.0,977.4,190.0
2025-08-08 03:00:00,27.1,77,9.1,261,0.0,977.3,250.0
2025-08-08 04:00:00,26.8,77,9.5,268,0.0,977.6,295.0
2025-08-08 05:00:00,26.4,77,8.3,264,0.0,978.0,280.0
2025-08-08 06:00:00,27.9,72,11.9,271,0.0,978.1,450.0
2025-08-08 07:00:00,28.4,71,11.9,269,0.0,978.6,490.0
2025-08-08 08:00:00,29.4,70,9.4,273,0.0,979.0,585.0
2025-08-08 09:00:00,30.5,67,10.2,283,0.0,979.5,710.0
2025-08-08 10:00:00,31.5,64,10.3,282,0.0,979.9,770.0
2025-08-08 11:00:00,31.8,64,9.2,277,0.0,980.0,765.0
2025-08-08 12:00:00,32.0,65,8.1,266,0.0,979.9,760.0
2025-08-08 13:00:00,32.8,61,8.3,276,0.0,979.6,885.0
2025-08-08 14:00:00,33.1,58,7.9,287,0.0,978.9,940.0
2025-08-08 15:00:00,33.0,58,6.3,297,0.0,978.6,980.0
2025-08-08 16:00:00,32.8,61,4.5,310,0.0,978.4,575.0
2025-08-08 17:00:00,32.6,62,3.0,295,0.0,978.6,45.0
2025-08-08 18:00:00,32.3,63,3.3,324,0.0,979.5,30.0
2025-08-08 19:00:00,30.9,72,2.1,38,0.0,979.9,35.0
2025-08-08 20:00:00,30.0,76,3.9,74,0.0,980.6,100.0
2025-08-08 21:00:00,29.5,79,3.3,126,0.0,981.1,70.0
2025-08-08 22:00:00,29.1,79,5.0,134,0.0,981.5,80.0
2025-08-08 23:00:00,28.3,84,7.5,125,0.0,981.8,205.0
2025-08-09 00:00:00,27.8,88,5.4,120,0.0,981.4,130.0
2025-08-09 01:00:00,27.7,88,4.7,137,0.0,981.0,100.0
2025-08-09 02:00:00,27.6,88,5.9,157,0.0,980.7,135.0
2025-08-09 03:00:00,27.5,87,4.7,187,0.0,980.4,100.0
2025-08-09 04:00:00,27.2,88,3.3,158,0.0,980.9,100.0
2025-08-09 05:00:00,27.1,88,5.0,136,0.0,981.5,110.0
2025-08-09 06:00:00,27.2,85,7.2,288,0.1,981.6,320.0
2025-08-09 07:00:00,27.7,82,3.3,311,0.0,982.2,225.0
2025-08-09 08:00:00,27.6,83,2.7,94,0.0,982.8,75.0
2025-08-09 09:00:00,26.9,90,4.9,57,4.5,983.2,355.0
2025-08-09 10:00:00,26.1,91,7.2,341,3.5,982.7,215.0
2025-08-09 11:00:00,27.6,85,3.0,287,0.7,983.2,260.0
2025-08-09 12:00:00,28.6,79,3.9,294,0.0,982.4,405.0
2025-08-09 13:00:00,29.4,77,3.3,311,0.0,981.7,545.0
2025-08-09 14:00:00,30.2,74,3.0,303,0.1,981.0,675.0
2025-08-09 15:00:00,30.5,72,5.9,284,0.0,980.0,770.0
2025-08-09 16:00:00,30.5,72,6.0,286,0.0,979.2,780.0
2025-08-09 17:00:00,30.4,73,5.7,314,0.0,979.2,790.0
2025-08-09 18:00:00,27.6,83,4.0,324,0.0,980.4,350.0
2025-08-09 19:00:00,26.9,88,3.2,326,0.0,980.6,220.0
2025-08-09 20:00:00,26.7,89,2.8,349,0.0,980.7,110.0
2025-08-09 21:00:00,26.6,89,2.8,315,0.0,981.1,65.0
2025-08-09 22:00:00,26.4,90,2.6,286,0.0,981.1,40.0
2025-08-09 23:00:00,26.2,91,2.2,279,0.0,981.0,30.0
2025-08-10 00:00:00,25.9,92,1.8,246,0.0,980.8,25.0
2025-08-10 01:00:00,26.1,92,1.8,270,0.0,980.5,35.0
2025-08-10 02:00:00,26.1,92,2.0,297,0.0,980.4,35.0
2025-08-10 03:00:00,26.1,93,1.7,58,0.0,980.4,30.0
2025-08-10 04:00:00,26.1,91,3.1,54,0.1,980.9,60.0
2025-08-10 05:00:00,25.9,91,2.3,342,0.4,981.0,50.0
2025-08-10 06:00:00,26.6,92,2.3,288,0.1,980.9,195.0
2025-08-10 07:00:00,27.2,89,2.6,348,0.0,981.1,245.0
2025-08-10 08:00:00,28.2,86,2.7,8,0.0,981.5,345.0
2025-08-10 09:00:00,29.0,83,3.5,21,0.1,981.9,485.0
2025-08-10 10:00:00,30.0,78,2.9,349,0.1,981.7,580.0
2025-08-10 11:00:00,31.0,75,3.1,336,0.2,981.4,790.0
2025-08-10 12:00:00,31.5,73,3.6,327,0.2,980.6,945.0
2025-08-10 13:00:00,31.9,72,3.4,302,0.2,979.9,1005.0
2025-08-10 14:00:00,32.1,72,4.5,299,0.2,978.9,1040.0
2025-08-10 15:00:00,32.1,70,5.7,311,0.1,977.7,1050.0
2025-08-10 16:00:00,32.1,69,5.9,310,0.0,977.0,1055.0
2025-08-10 17:00:00,31.9,72,5.4,312,0.0,976.8,910.0
2025-08-10 18:00:00,30.8,75,3.9,286,0.0,978.0,345.0
2025-08-10 19:00:00,30.0,81,2.9,270,0.0,978.4,60.0
2025-08-10 20:00:00,29.4,84,2.3,238,0.0,979.0,30.0
2025-08-10 21:00:00,28.8,85,2.3,203,0.0,979.5,20.0
2025-08-10 22:00:00,28.3,87,2.8,195,0.0,979.5,25.0
2025-08-10 23:00:00,28.0,87,3.4,180,0.0,979.5,30.0
2025-08-11 00:00:00,27.9,83,5.3,218,0.0,979.0,55.0
2025-08-11 01:00:00,27.6,83,4.1,221,0.0,978.7,55.0
2025-08-11 02:00:00,27.4,82,5.5,224,0.0,978.5,70.0
2025-08-11 03:00:00,27.1,83,5.3,232,0.0,978.3,90.0
2025-08-11 04:00:00,26.8,84,6.0,241,0.0,978.6,105.0
2025-08-11 05:00:00,26.6,84,5.9,250,0.0,979.0,115.0
2025-08-11 06:00:00,28.2,80,10.7,275,0.0,978.4,460.0
2025-08-11 07:00:00,28.6,79,11.0,273,0.0,979.3,575.0
2025-08-11 08:00:00,29.5,77,9.6,257,0.0,979.6,565.0
2025-08-11 09:00:00,30.6,72,10.4,269,0.0,980.0,700.0
2025-08-11 10:00:00,31.5,68,11.3,279,0.0,980.0,795.0
2025-08-11 11:00:00,32.6,65,10.7,286,0.0,979.6,925.0
2025-08-11 12:00:00,33.3,63,9.7,292,0.0,979.1,1145.0
2025-08-11 13:00:00,33.6,63,10.1,297,0.0,978.1,1345.0
2025-08-11 14:00:00,33.9,60,10.0,300,0.0,977.1,1485.0
2025-08-11 15:00:00,32.9,64,8.4,305,0.0,976.5,610.0
2025-08-11 16:00:00,32.7,64,5.0,305,0.0,976.4,940.0
2025-08-11 17:00:00,31.8,73,2.3,337,0.0,976.4,40.0
2025-08-11 18:00:00,30.5,81,4.2,108,0.1,977.7,125.0
2025-08-11 19:00:00,29.5,87,6.6,158,0.1,978.0,180.0
2025-08-11 20:00:00,28.6,91,0.9,11,0.1,978.8,25.0
2025-08-11 21:00:00,28.0,93,6.8,145,1.3,979.3,110.0
2025-08-11 22:00:00,28.0,92,8.0,172,0.0,979.1,210.0
2025-08-11 23:00:00,27.8,92,7.2,181,0.0,979.0,200.0
2025-08-12 00:00:00,27.5,90,7.4,177,0.0,978.7,165.0
2025-08-12 01:00:00,27.2,89,7.8,187,0.0,978.2,170.0
2025-08-12 02:00:00,27.1,88,6.5,175,0.3,977.8,145.0
2025-08-12 03:00:00,26.9,89,5.0,199,0.0,977.8,120.0
2025-08-12 04:00:00,26.7,91,3.6,229,0.0,978.1,105.0
2025-08-12 05:00:00,26.7,92,1.8,191,0.0,978.1,40.0
2025-08-12 06:00:00,27.1,84,7.1,249,0.0,979.2,220.0
2025-08-12 07:00:00,27.1,82,7.1,260,0.2,979.7,230.0
2025-08-12 08:00:00,26.9,85,8.2,232,1.1,980.2,175.0
2025-08-12 09:00:00,26.3,91,11.4,235,1.2,980.5,200.0
2025-08-12 10:00:00,27.3,87,7.9,266,1.1,980.2,215.0
2025-08-12 11:00:00,29.5,77,6.0,287,0.0,979.7,460.0
2025-08-12 12:00:00,31.2,71,5.9,284,0.0,979.0,740.0
2025-08-12 13:00:00,32.2,67,6.2,296,0.0,978.0,890.0
2025-08-12 14:00:00,33.0,63,6.4,286,0.0,977.0,1090.0
2025-08-12 15:00:00,33.3,62,7.2,284,0.0,976.0,1170.0
2025-08-12 16:00:00,32.9,63,8.8,289,0.0,975.2,1115.0
2025-08-12 17:00:00,32.3,65,7.6,289,0.0,974.7,1025.0
2025-08-12 18:00:00,31.4,73,3.1,306,0.0,976.0,140.0
2025-08-12 19:00:00,30.6,76,3.5,291,0.0,976.5,60.0
2025-08-12 20:00:00,30.1,79,3.4,288,0.0,976.8,60.0
2025-08-12 21:00:00,29.6,82,2.8,259,0.0,977.4,35.0
2025-08-12 22:00:00,29.2,83,2.4,234,0.0,977.2,25.0
2025-08-12 23:00:00,28.6,84,4.4,210,0.0,977.3,45.0
2025-08-13 00:00:00,28.2,85,5.1,219,0.0,977.2,85.0
2025-08-13 01:00:00,27.8,87,3.6,243,0.0,976.5,55.0
2025-08-13 02:00:00,27.6,87,4.6,259,0.0,976.1,65.0
2025-08-13 03:00:00,27.3,88,5.6,264,0.0,976.0,90.0
2025-08-13 04:00:00,27.1,87,6.2,249,0.0,976.4,100.0
2025-08-13 05:00:00,26.9,85,7.1,249,0.0,976.6,130.0
2025-08-13 06:00:00,28.0,87,7.4,269,0.0,977.2,205.0
2025-08-13 07:00:00,28.7,84,7.3,261,0.0,977.8,295.0
2025-08-13 08:00:00,29.4,78,7.7,269,0.0,977.9,395.0
2025-08-13 09:00:00,30.3,71,7.7,273,0.0,978.3,475.0
2025-08-13 10:00:00,31.4,67,8.5,282,0.0,978.2,605.0
2025-08-13 11:00:00,32.4,64,8.3,292,0.0,978.0,865.0
2025-08-13 12:00:00,32.6,62,8.5,287,0.0,977.4,995.0
2025-08-13 13:00:00,33.0,60,7.6,277,0.0,976.8,1050.0
2025-08-13 14:00:00,33.4,59,7.9,270,0.0,975.9,1080.0
2025-08-13 15:00:00,33.4,59,6.8,272,0.0,975.2,1120.0
2025-08-13 16:00:00,33.3,59,6.3,275,0.0,974.9,1150.0
2025-08-13 17:00:00,32.8,62,4.5,236,0.0,975.5,735.0
2025-08-13 18:00:00,32.1,66,4.6,318,0.0,976.4,60.0
2025-08-13 19:00:00,31.1,73,3.0,327,0.0,976.7,40.0
2025-08-13 20:00:00,30.6,74,4.0,36,0.0,977.6,60.0
2025-08-13 21:00:00,30.3,78,2.9,47,0.0,978.4,50.0
2025-08-13 22:00:00,30.2,77,2.2,114,0.0,978.4,30.0
2025-08-13 23:00:00,29.3,79,4.6,135,0.0,978.6,60.0
2025-08-14 00:00:00,29.0,80,5.1,148,0.0,978.4,75.0
2025-08-14 01:00:00,28.5,82,5.0,150,0.0,978.3,85.0
2025-08-14 02:00:00,28.2,83,5.7,127,0.0,978.2,95.0
2025-08-14 03:00:00,27.9,85,6.0,119,0.0,978.5,165.0
2025-08-14 04:00:00,27.5,88,6.1,137,0.0,978.8,220.0
2025-08-14 05:00:00,27.1,90,5.4,132,0.0,978.9,185.0
2025-08-14 06:00:00,26.9,92,5.3,152,2.5,980.3,220.0
2025-08-14 07:00:00,26.4,96,6.8,143,1.3,980.5,185.0
2025-08-14 08:00:00,26.7,95,2.5,135,1.1,980.8,115.0
2025-08-14 09:00:00,27.6,92,6.4,117,0.4,981.7,250.0
2025-08-14 10:00:00,28.5,85,7.5,111,0.0,981.8,490.0
2025-08-14 11:00:00,28.9,84,5.1,117,0.1,981.5,565.0
2025-08-14 12:00:00,29.6,80,5.7,108,0.1,980.8,645.0
2025-08-14 13:00:00,28.5,79,7.5,117,0.8,980.4,370.0
2025-08-14 14:00:00,27.7,87,5.4,111,1.1,979.8,280.0
2025-08-14 15:00:00,28.1,87,3.3,81,0.6,978.6,320.0
2025-08-14 16:00:00,29.0,81,5.0,46,0.2,977.7,480.0
2025-08-14 17:00:00,28.5,84,6.0,39,0.0,977.7,405.0
2025-08-14 18:00:00,28.2,87,3.9,34,0.0,979.0,285.0
2025-08-14 19:00:00,27.5,90,4.4,35,0.0,979.2,220.0
2025-08-14 20:00:00,27.1,92,3.1,54,0.0,979.8,165.0
2025-08-14 21:00:00,26.8,93,2.8,75,0.0,980.4,125.0
2025-08-14 22:00:00,26.6,94,2.6,106,0.0,980.5,100.0
2025-08-14 23:00:00,26.3,95,2.1,105,0.0,980.4,70.0
2025-08-15 00:00:00,26.3,95,3.5,118,0.0,979.9,95.0
2025-08-15 01:00:00,26.2,95,4.3,114,0.0,979.6,120.0
2025-08-15 02:00:00,26.1,95,4.4,109,0.0,979.2,125.0
2025-08-15 03:00:00,25.8,95,5.1,80,0.0,979.0,130.0
2025-08-15 04:00:00,25.6,96,5.2,70,0.0,979.0,160.0
2025-08-15 05:00:00,25.3,97,4.4,63,0.0,979.4,160.0
2025-08-15 06:00:00,26.0,94,7.0,86,2.0,980.0,215.0
2025-08-15 07:00:00,26.5,93,5.4,105,0.3,980.2,205.0
2025-08-15 08:00:00,27.6,89,2.6,115,0.1,980.2,240.0
2025-08-15 09:00:00,29.0,84,4.0,122,0.1,980.6,485.0
2025-08-15 10:00:00,29.9,80,3.1,135,0.3,980.4,780.0
2025-08-15 11:00:00,30.5,77,2.8,153,0.3,980.1,875.0
2025-08-15 12:00:00,31.4,72,3.3,234,0.1,979.6,1070.0
2025-08-15 13:00:00,31.5,72,0.0,270,0.1,978.5,1045.0
2025-08-15 14:00:00,31.7,72,0.7,14,0.1,977.3,1000.0
2025-08-15 15:00:00,31.4,75,3.4,74,0.2,976.3,835.0
2025-08-15 16:00:00,31.1,77,2.5,86,0.1,975.6,710.0
2025-08-15 17:00:00,30.5,77,5.0,92,0.9,975.4,330.0
2025-08-15 18:00:00,29.8,83,3.1,54,0.0,976.2,260.0
2025-08-15 19:00:00,28.9,87,3.7,61,0.0,976.7,135.0
2025-08-15 20:00:00,28.5,89,3.1,77,0.0,977.7,115.0
2025-08-15 21:00:00,28.3,88,4.3,135,0.0,978.3,115.0
2025-08-15 22:00:00,27.8,89,4.9,152,0.0,978.3,125.0
2025-08-15 23:00:00,27.5,91,5.1,153,0.0,978.3,125.0
2025-08-16 00:00:00,27.3,92,4.7,140,0.0,978.3,135.0
2025-08-16 01:00:00,27.0,94,4.8,119,0.0,977.9,135.0
2025-08-16 02:00:00,26.8,96,5.2,104,0.0,977.7,150.0
2025-08-16 03:00:00,26.7,97,5.4,88,0.0,977.5,160.0
2025-08-16 04:00:00,26.5,97,4.2,80,0.0,977.7,135.0
2025-08-16 05:00:00,26.4,97,3.6,96,0.0,978.0,115.0
2025-08-16 06:00:00,27.3,96,5.9,121,0.0,977.8,125.0
2025-08-16 07:00:00,28.1,93,4.5,119,0.0,978.4,190.0
2025-08-16 08:00:00,28.9,89,4.1,105,0.0,979.0,270.0
2025-08-16 09:00:00,30.1,81,6.7,121,0.2,979.3,555.0
2025-08-16 10:00:00,29.5,81,3.2,153,3.1,979.2,460.0
2025-08-16 11:00:00,28.3,85,8.3,138,0.5,979.1,345.0
2025-08-16 12:00:00,29.0,84,3.2,87,0.1,978.4,385.0
2025-08-16 13:00:00,30.5,77,3.0,128,0.1,977.4,615.0
2025-08-16 14:00:00,30.8,74,2.6,141,0.1,976.4,640.0
2025-08-16 15:00:00,31.2,73,2.2,99,0.0,975.1,680.0
2025-08-16 16:00:00,31.1,74,3.8,41,0.0,974.5,675.0
2025-08-16 17:00:00,30.9,75,4.0,51,0.0,974.6,685.0
2025-08-16 18:00:00,29.9,83,6.3,27,0.0,975.5,200.0
2025-08-16 19:00:00,28.7,87,6.2,64,0.0,976.0,155.0
2025-08-16 20:00:00,28.3,88,5.0,75,0.0,976.9,145.0
2025-08-16 21:00:00,28.2,90,5.8,85,0.0,977.7,170.0
2025-08-16 22:00:00,28.1,91,6.0,87,0.0,978.0,190.0
2025-08-16 23:00:00,27.9,91,6.0,87,0.0,978.5,190.0
2025-08-17 00:00:00,27.7,91,6.3,90,0.0,978.5,200.0
2025-08-17 01:00:00,27.5,91,5.8,90,0.0,978.2,175.0
2025-08-17 02:00:00,27.4,91,5.6,97,0.0,978.1,165.0
2025-08-17 03:00:00,27.3,92,5.8,104,0.0,977.9,165.0
2025-08-17 04:00:00,27.3,92,5.2,110,0.1,978.2,160.0
2025-08-17 05:00:00,27.3,92,5.1,96,0.2,978.6,145.0
2025-08-17 06:00:00,27.7,93,5.6,68,0.0,978.8,155.0
2025-08-17 07:00:00,28.0,92,5.9,59,0.0,979.2,230.0
2025-08-17 08:00:00,28.1,92,6.8,73,0.0,979.2,290.0
2025-08-17 09:00:00,29.7,85,5.6,65,0.0,979.7,385.0
2025-08-17 10:00:00,31.2,78,7.2,102,0.1,979.9,905.0
2025-08-17 11:00:00,32.0,74,8.7,107,0.0,979.7,1180.0
2025-08-17 12:00:00,28.6,85,10.3,101,3.1,979.0,375.0
2025-08-17 13:00:00,28.8,85,4.8,77,0.1,978.3,290.0
2025-08-17 14:00:00,30.6,80,4.5,61,0.0,977.2,485.0
2025-08-17 15:00:00,31.5,76,5.9,59,0.0,976.5,690.0
2025-08-17 16:00:00,31.6,75,5.5,67,0.0,976.0,720.0
2025-08-17 17:00:00,31.4,74,7.8,75,0.0,976.2,760.0
2025-08-17 18:00:00,30.3,80,7.2,87,0.0,977.2,575.0
2025-08-17 19:00:00,29.3,85,6.1,88,0.0,977.4,330.0
2025-08-17 20:00:00,28.7,89,4.3,68,0.0,978.1,215.0
2025-08-17 21:00:00,28.4,91,4.0,60,0.0,979.2,145.0
2025-08-17 22:00:00,28.2,92,5.2,70,0.0,979.8,160.0
2025-08-17 23:00:00,28.2,92,6.5,76,0.0,980.4,215.0
2025-08-18 00:00:00,28.0,91,7.0,80,0.0,980.4,245.0
2025-08-18 01:00:00,27.8,92,6.8,87,0.0,980.2,260.0
2025-08-18 02:00:00,27.6,92,7.3,101,0.0,979.8,285.0
2025-08-18 03:00:00,27.4,93,8.6,106,0.0,979.5,340.0
2025-08-18 04:00:00,27.3,93,7.2,108,0.0,979.7,345.0
2025-08-18 05:00:00,27.2,94,8.1,103,0.0,980.3,370.0
2025-08-18 06:00:00,27.9,90,9.2,113,0.0,980.3,430.0
2025-08-18 07:00:00,28.5,90,7.6,93,0.0,981.0,485.0
2025-08-18 08:00:00,27.5,87,14.2,102,5.4,981.9,370.0
2025-08-18 09:00:00,28.1,89,6.9,75,3.0,982.6,460.0
2025-08-18 10:00:00,29.7,83,8.8,91,0.1,982.3,700.0
2025-08-18 11:00:00,31.0,76,10.3,96,0.1,981.6,975.0
2025-08-18 12:00:00,31.4,74,9.4,97,0.1,981.1,1020.0
2025-08-18 13:00:00,31.6,72,8.7,85,0.2,980.2,925.0
2025-08-18 14:00:00,31.7,71,9.0,75,0.1,979.0,910.0
2025-08-18 15:00:00,31.8,69,10.0,83,0.0,977.9,910.0
2025-08-18 16:00:00,31.7,69,9.4,82,0.0,977.1,885.0
2025-08-18 17:00:00,31.1,72,8.5,73,0.0,976.9,810.0
2025-08-18 18:00:00,30.6,77,5.6,75,0.0,978.1,435.0
2025-08-18 19:00:00,29.5,81,7.1,75,0.0,978.5,315.0
2025-08-18 20:00:00,28.8,82,7.2,84,0.0,979.2,285.0
2025-08-18 21:00:00,28.5,85,6.1,93,0.0,980.1,255.0
2025-08-18 22:00:00,28.2,87,6.5,84,0.0,980.2,240.0
2025-08-18 23:00:00,28.0,89,7.6,91,0.0,980.2,295.0
2025-08-19 00:00:00,27.7,89,8.3,104,0.0,979.8,300.0
2025-08-19 01:00:00,27.3,89,7.3,99,0.0,979.4,270.0
2025-08-19 02:00:00,27.1,89,7.2,96,0.0,979.0,245.0
2025-08-19 03:00:00,26.9,90,6.0,87,0.0,978.9,220.0
2025-08-19 04:00:00,26.8,91,6.0,83,0.0,978.7,200.0
2025-08-19 05:00:00,26.6,92,6.9,97,0.0,978.7,225.0
2025-08-19 06:00:00,27.9,89,5.6,90,0.0,979.7,210.0
2025-08-19 07:00:00,28.7,89,6.5,87,0.0,979.9,410.0
2025-08-19 08:00:00,29.8,84,7.7,89,0.1,979.9,630.0
2025-08-19 09:00:00,30.7,80,8.4,100,0.2,980.3,945.0
2025-08-19 10:00:00,31.9,72,7.9,107,0.1,980.2,1185.0
2025-08-19 11:00:00,29.4,80,9.9,117,4.6,980.3,435.0
2025-08-19 12:00:00,30.9,72,6.5,141,0.1,979.5,740.0
2025-08-19 13:00:00,31.1,69,11.6,114,0.2,978.7,735.0
2025-08-19 14:00:00,31.2,72,5.2,86,0.1,977.7,655.0
2025-08-19 15:00:00,31.6,70,5.2,61,0.0,976.2,735.0
2025-08-19 16:00:00,31.5,69,6.4,54,0.0,975.7,745.0
2025-08-19 17:00:00,31.1,70,7.7,66,0.0,975.3,665.0
2025-08-19 18:00:00,29.5,81,7.9,41,0.0,976.9,345.0
2025-08-19 19:00:00,28.9,85,7.5,48,0.0,977.1,360.0
2025-08-19 20:00:00,28.7,86,7.1,63,0.0,977.8,335.0
2025-08-19 21:00:00,28.6,87,7.3,74,0.0,978.6,315.0
2025-08-19 22:00:00,28.4,87,7.4,90,0.0,978.8,340.0
2025-08-19 23:00:00,28.3,86,8.6,106,0.0,979.0,435.0
2025-08-20 00:00:00,27.9,85,8.6,110,0.0,978.8,380.0
2025-08-20 01:00:00,27.5,86,8.5,103,0.0,978.6,360.0
2025-08-20 02:00:00,27.3,87,7.9,102,0.0,978.3,355.0
2025-08-20 03:00:00,27.0,89,6.9,99,0.0,978.5,330.0
2025-08-20 04:00:00,26.8,90,6.7,90,0.0,978.7,290.0
2025-08-20 05:00:00,26.8,90,7.5,98,0.0,978.9,310.0
2025-08-20 06:00:00,27.8,88,8.9,118,1.3,978.9,555.0
2025-08-20 07:00:00,27.8,90,10.0,111,1.7,979.2,555.0
2025-08-20 08:00:00,28.2,86,10.0,116,1.0,979.8,580.0
2025-08-20 09:00:00,28.6,83,9.5,105,0.9,979.8,535.0
2025-08-20 10:00:00,30.1,75,10.7,104,0.1,979.9,735.0
2025-08-20 11:00:00,30.7,71,11.8,99,0.1,979.4,810.0
2025-08-20 12:00:00,31.6,67,11.2,96,0.1,978.5,885.0
2025-08-20 13:00:00,32.3,63,11.2,91,0.1,977.2,960.0
2025-08-20 14:00:00,32.6,62,11.0,87,0.1,975.9,985.0
2025-08-20 15:00:00,32.7,61,12.1,86,0.1,975.0,1045.0
2025-08-20 16:00:00,31.4,68,12.3,84,0.1,974.8,705.0
2025-08-20 17:00:00,30.8,73,10.0,82,0.0,974.7,700.0
2025-08-20 18:00:00,31.0,69,10.5,84,0.0,976.2,745.0
2025-08-20 19:00:00,29.8,77,10.3,88,0.0,976.6,600.0
2025-08-20 20:00:00,29.4,79,10.9,99,0.0,977.3,555.0
2025-08-20 21:00:00,29.0,82,9.3,98,0.0,978.2,515.0
2025-08-20 22:00:00,28.6,84,7.4,94,0.0,978.5,405.0
2025-08-20 23:00:00,28.3,87,7.3,97,0.0,979.3,385.0
2025-08-21 00:00:00,28.0,88,6.9,95,0.0,979.4,385.0
2025-08-21 01:00:00,27.8,89,7.6,78,0.0,979.2,380.0
2025-08-21 02:00:00,27.4,90,6.9,70,0.6,978.8,345.0
2025-08-21 03:00:00,26.0,97,6.3,173,11.0,979.4,110.0
2025-08-21 04:00:00,25.7,98,8.3,60,0.4,979.0,255.0
2025-08-21 05:00:00,25.6,96,7.4,49,0.5,979.1,200.0
2025-08-21 06:00:00,26.3,90,7.3,59,0.0,979.6,220.0
2025-08-21 07:00:00,27.3,87,6.2,60,0.0,979.8,355.0
2025-08-21 08:00:00,28.8,81,8.2,82,0.0,979.9,555.0
2025-08-21 09:00:00,30.3,73,9.6,94,0.0,979.8,860.0
2025-08-21 10:00:00,31.6,65,12.8,94,0.0,979.6,1020.0
2025-08-21 11:00:00,32.3,62,12.2,103,0.0,979.2,1015.0
2025-08-21 12:00:00,32.9,60,10.9,112,0.1,978.5,1090.0
2025-08-21 13:00:00,33.2,60,8.9,109,0.2,977.5,1105.0
2025-08-21 14:00:00,33.6,58,7.5,101,0.1,976.4,1135.0
2025-08-21 15:00:00,33.1,60,7.6,112,0.0,975.6,1175.0
2025-08-21 16:00:00,31.6,65,5.9,113,0.8,975.3,530.0
2025-08-21 17:00:00,31.3,66,2.9,79,0.1,974.6,500.0
2025-08-21 18:00:00,31.2,70,3.4,122,0.0,975.9,385.0
2025-08-21 19:00:00,30.7,79,1.1,90,0.0,976.6,60.0
2025-08-21 20:00:00,30.3,78,3.2,133,0.0,977.4,145.0
2025-08-21 21:00:00,29.6,83,3.0,147,0.0,977.9,75.0
2025-08-21 22:00:00,29.1,88,1.8,174,0.0,977.9,45.0
2025-08-21 23:00:00,28.8,90,0.9,191,0.0,977.9,20.0
2025-08-22 00:00:00,28.6,90,1.8,96,0.0,978.2,30.0
2025-08-22 01:00:00,28.4,89,3.7,51,0.0,977.4,125.0
2025-08-22 02:00:00,28.0,89,6.5,82,0.0,976.9,250.0
2025-08-22 03:00:00,27.4,89,6.7,106,0.2,977.1,245.0
2025-08-22 04:00:00,25.6,94,7.4,103,2.0,976.9,225.0
2025-08-22 05:00:00,25.3,94,3.8,149,0.0,977.1,205.0
2025-08-22 06:00:00,27.9,89,0.2,90,0.1,976.6,50.0
2025-08-22 07:00:00,28.6,84,4.4,300,0.1,977.0,280.0
2025-08-22 08:00:00,29.3,80,0.2,90,0.5,977.0,430.0
2025-08-22 09:00:00,30.7,75,0.9,127,0.0,977.3,695.0
2025-08-22 10:00:00,32.1,68,2.5,135,0.0,977.3,990.0
2025-08-22 11:00:00,33.3,61,4.0,129,0.0,976.8,1285.0
2025-08-22 12:00:00,34.1,57,4.0,117,0.0,976.1,1425.0
2025-08-22 13:00:00,34.2,55,5.0,103,0.0,975.2,1465.0
2025-08-22 14:00:00,34.0,55,4.2,80,0.0,974.0,1355.0
2025-08-22 15:00:00,34.1,54,4.1,45,0.0,972.7,1380.0
2025-08-22 16:00:00,33.8,55,2.8,297,0.0,972.4,1270.0
2025-08-22 17:00:00,33.1,57,1.6,243,0.0,972.6,1075.0
2025-08-22 18:00:00,31.5,70,7.6,181,0.0,973.8,375.0
2025-08-22 19:00:00,30.5,76,6.0,187,0.0,974.8,300.0
2025-08-22 20:00:00,30.1,78,3.6,210,0.0,975.4,160.0
2025-08-22 21:00:00,29.5,82,3.7,157,0.0,976.7,145.0
2025-08-22 22:00:00,29.1,83,7.3,128,0.4,976.8,350.0
2025-08-22 23:00:00,28.6,87,6.0,123,0.0,976.7,335.0
2025-08-23 00:00:00,28.3,86,7.3,113,0.3,976.2,350.0
2025-08-23 01:00:00,27.9,89,6.2,112,0.0,975.7,300.0
2025-08-23 02:00:00,27.4,90,4.6,108,0.2,975.3,275.0
2025-08-23 03:00:00,26.3,93,3.1,90,1.8,975.4,95.0
2025-08-23 04:00:00,25.6,95,1.8,349,3.3,975.8,90.0
2025-08-23 05:00:00,25.7,97,3.0,14,0.2,976.0,100.0
2025-08-23 06:00:00,26.5,94,3.0,65,0.0,975.9,160.0
2025-08-23 07:00:00,27.4,89,2.2,55,0.0,976.2,215.0
2025-08-23 08:00:00,28.7,83,4.1,90,0.0,976.8,375.0
2025-08-23 09:00:00,30.1,74,7.1,96,0.0,977.1,650.0
2025-08-23 10:00:00,31.3,69,7.2,104,0.0,977.6,990.0
2025-08-23 11:00:00,31.9,66,5.9,88,0.0,977.0,1110.0
2025-08-23 12:00:00,32.6,63,6.4,79,0.0,976.2,1255.0
2025-08-23 13:00:00,30.1,71,11.2,86,1.2,975.4,440.0
2025-08-23 14:00:00,30.2,74,3.8,79,1.7,974.1,485.0
2025-08-23 15:00:00,31.0,72,7.5,69,0.3,973.7,790.0
2025-08-23 16:00:00,28.7,80,2.9,97,2.2,973.7,355.0
2025-08-23 17:00:00,28.4,83,3.1,62,1.2,973.9,185.0
2025-08-23 18:00:00,27.9,86,2.4,48,0.2,975.0,110.0
2025-08-23 19:00:00,27.4,90,5.7,24,0.4,975.5,225.0
2025-08-23 20:00:00,27.2,92,5.6,61,0.0,976.3,205.0
2025-08-23 21:00:00,26.8,93,8.2,71,0.1,977.0,275.0
2025-08-23 22:00:00,26.5,93,6.6,74,0.1,977.3,240.0
2025-08-23 23:00:00,26.3,94,6.2,80,0.0,976.8,225.0
2025-08-24 00:00:00,26.2,95,5.6,92,0.0,976.9,230.0
2025-08-24 01:00:00,26.1,95,4.9,88,0.0,976.2,215.0
2025-08-24 02:00:00,25.9,95,6.8,90,0.0,975.8,265.0
2025-08-24 03:00:00,25.9,95,5.0,109,0.0,976.0,235.0
2025-08-24 04:00:00,25.8,95,7.5,98,0.0,976.1,290.0
2025-08-24 05:00:00,25.7,95,5.6,112,0.0,976.2,250.0
2025-08-24 06:00:00,26.1,95,4.9,126,0.0,976.8,335.0
2025-08-24 07:00:00,26.9,92,6.1,120,0.0,977.2,510.0
2025-08-24 08:00:00,27.9,86,11.1,121,0.0,977.5,685.0
2025-08-24 09:00:00,29.2,79,11.0,122,0.1,978.2,890.0
2025-08-24 10:00:00,30.2,77,10.8,111,0.1,978.5,1005.0
2025-08-24 11:00:00,31.1,72,9.9,109,0.2,978.2,1205.0
2025-08-24 12:00:00,29.1,80,10.5,98,3.5,977.7,535.0
2025-08-24 13:00:00,30.8,75,5.5,71,0.1,976.6,1035.0
2025-08-24 14:00:00,29.0,79,14.7,72,1.5,975.5,450.0
2025-08-24 15:00:00,29.4,81,8.3,20,0.4,974.9,485.0
2025-08-24 16:00:00,28.4,84,7.0,136,1.3,974.8,315.0
2025-08-24 17:00:00,26.6,87,9.9,78,4.3,975.5,360.0
2025-08-24 18:00:00,28.0,84,10.1,121,0.0,975.9,785.0
2025-08-24 19:00:00,27.5,85,9.3,124,0.1,976.4,510.0
2025-08-24 20:00:00,27.1,88,4.9,88,0.0,976.9,265.0
2025-08-24 21:00:00,27.0,89,6.3,83,0.0,977.2,250.0
2025-08-24 22:00:00,26.8,90,8.8,73,0.1,977.4,385.0
2025-08-24 23:00:00,26.4,91,12.4,77,0.1,977.6,585.0
2025-08-25 00:00:00,25.6,92,11.4,78,0.2,977.5,570.0
2025-08-25 01:00:00,25.3,93,10.4,98,0.2,976.7,465.0
2025-08-25 02:00:00,25.3,93,9.8,108,0.5,976.4,500.0
2025-08-25 03:00:00,24.6,96,10.7,119,2.8,976.5,520.0
2025-08-25 04:00:00,24.4,96,11.0,120,3.6,976.4,475.0
2025-08-25 05:00:00,24.5,96,12.7,103,0.7,976.6,525.0
2025-08-25 06:00:00,25.3,95,11.5,110,1.1,976.0,455.0
2025-08-25 07:00:00,25.5,94,9.6,124,5.4,976.5,510.0
2025-08-25 08:00:00,25.8,95,15.9,113,0.5,976.8,545.0
2025-08-25 09:00:00,26.6,92,14.5,118,0.3,977.3,660.0
2025-08-25 10:00:00,27.2,88,13.0,114,0.5,977.2,755.0
2025-08-25 11:00:00,28.8,80,14.5,107,0.2,976.9,985.0
2025-08-25 12:00:00,28.9,81,12.6,114,0.1,976.1,1015.0
2025-08-25 13:00:00,28.9,81,13.0,104,0.1,974.8,815.0
2025-08-25 14:00:00,28.3,81,13.2,104,0.4,974.3,725.0
2025-08-25 15:00:00,29.0,79,13.0,108,0.1,973.3,815.0
2025-08-25 16:00:00,27.0,86,12.3,112,0.7,973.3,420.0
2025-08-25 17:00:00,26.8,87,6.9,107,0.6,973.7,400.0
2025-08-25 18:00:00,27.4,87,9.9,99,0.0,974.6,665.0
2025-08-25 19:00:00,27.2,88,10.6,108,0.0,975.0,650.0
2025-08-25 20:00:00,27.0,88,11.7,115,0.1,975.8,610.0
2025-08-25 21:00:00,26.7,89,11.2,123,1.1,976.8,515.0
2025-08-25 22:00:00,26.0,93,13.2,120,0.4,977.1,500.0
2025-08-25 23:00:00,25.8,94,11.3,126,0.1,977.3,475.0
2025-08-26 00:00:00,25.7,95,11.4,129,0.0,977.4,430.0
2025-08-26 01:00:00,25.3,96,12.3,127,1.8,977.3,550.0
2025-08-26 02:00:00,25.1,97,13.1,120,0.2,977.1,510.0
2025-08-26 03:00:00,25.5,94,17.0,122,0.1,977.2,570.0
2025-08-26 04:00:00,25.4,95,16.8,127,0.2,977.3,510.0
2025-08-26 05:00:00,25.2,96,14.1,124,0.0,977.9,495.0
2025-08-26 06:00:00,26.0,94,12.5,120,0.2,978.2,510.0
2025-08-26 07:00:00,26.0,91,16.4,125,1.5,979.3,510.0
2025-08-26 08:00:00,26.4,91,18.0,126,0.8,979.4,560.0
2025-08-26 09:00:00,27.5,88,14.1,128,0.3,980.3,670.0
2025-08-26 10:00:00,28.9,81,14.6,130,0.1,980.5,840.0
2025-08-26 11:00:00,29.6,77,13.4,126,0.2,980.3,910.0
2025-08-26 12:00:00,29.7,75,12.6,133,0.1,979.2,860.0
2025-08-26 13:00:00,29.9,77,11.5,132,0.1,978.8,965.0
2025-08-26 14:00:00,28.7,81,12.6,121,0.9,978.2,505.0
2025-08-26 15:00:00,28.8,83,8.2,112,0.1,977.1,530.0
2025-08-26 16:00:00,29.5,80,9.2,116,0.0,976.4,585.0
2025-08-26 17:00:00,29.4,79,8.3,120,0.0,977.0,575.0
2025-08-26 18:00:00,27.6,89,4.5,119,0.0,977.9,395.0
2025-08-26 19:00:00,27.2,91,7.4,108,0.0,978.4,325.0
2025-08-26 20:00:00,26.7,92,7.8,116,0.1,978.8,255.0
2025-08-26 21:00:00,26.4,93,5.8,104,0.0,979.5,220.0
2025-08-26 22:00:00,26.3,95,7.7,114,0.0,979.6,225.0
2025-08-26 23:00:00,26.2,96,7.8,113,0.0,979.7,250.0
2025-08-27 00:00:00,26.0,96,8.2,104,0.0,979.6,260.0
2025-08-27 01:00:00,25.8,96,8.3,103,0.0,979.1,275.0
2025-08-27 02:00:00,25.6,97,7.0,119,0.0,978.8,280.0
2025-08-27 03:00:00,25.5,98,7.1,114,0.0,978.6,270.0
2025-08-27 04:00:00,25.4,98,4.7,94,0.0,978.8,190.0
2025-08-27 05:00:00,25.2,98,5.9,104,0.0,979.0,175.0
2025-08-27 06:00:00,26.1,95,4.5,113,0.1,979.1,125.0
2025-08-27 07:00:00,26.7,92,6.4,130,0.5,979.9,220.0
2025-08-27 08:00:00,27.3,89,6.7,121,0.3,979.9,315.0
2025-08-27 09:00:00,28.5,85,8.4,115,0.0,980.4,545.0
2025-08-27 10:00:00,29.7,82,7.0,125,0.0,980.4,660.0
2025-08-27 11:00:00,30.6,78,6.6,135,0.0,980.0,815.0
2025-08-27 12:00:00,31.2,74,6.9,131,0.2,979.1,845.0
2025-08-27 13:00:00,31.9,71,6.8,125,0.1,978.2,870.0
2025-08-27 14:00:00,32.5,69,5.9,133,0.0,977.2,985.0
2025-08-27 15:00:00,32.6,68,4.6,129,0.0,976.1,1025.0
2025-08-27 16:00:00,32.3,67,4.5,133,0.0,975.3,920.0
2025-08-27 17:00:00,31.8,70,4.0,126,0.0,975.1,760.0
2025-08-27 18:00:00,29.1,84,2.0,90,0.0,976.6,125.0
2025-08-27 19:00:00,28.5,90,1.8,37,0.0,977.2,50.0
2025-08-27 20:00:00,28.3,91,1.8,143,0.0,978.0,40.0
2025-08-27 21:00:00,28.0,92,2.7,110,0.0,978.8,55.0
2025-08-27 22:00:00,27.9,92,5.2,96,0.0,979.0,100.0
2025-08-27 23:00:00,26.8,93,7.8,128,0.2,979.3,180.0
2025-08-28 00:00:00,26.7,93,4.7,122,0.2,978.8,100.0
2025-08-28 01:00:00,26.5,95,6.9,95,0.0,978.5,190.0
2025-08-28 02:00:00,25.9,94,7.3,101,1.9,978.6,235.0
2025-08-28 03:00:00,25.8,96,4.3,112,0.2,978.4,200.0
2025-08-28 04:00:00,25.5,98,1.3,180,0.1,978.4,185.0
2025-08-28 05:00:00,25.3,97,5.0,134,1.3,978.5,195.0
2025-08-28 06:00:00,26.7,97,5.9,78,0.0,979.0,155.0
2025-08-28 07:00:00,27.3,93,3.3,81,0.2,979.5,200.0
2025-08-28 08:00:00,28.2,89,5.2,102,0.0,979.8,240.0
2025-08-28 09:00:00,29.6,82,7.0,111,0.0,979.7,450.0
2025-08-28 10:00:00,30.8,77,6.2,120,0.1,979.7,665.0
2025-08-28 11:00:00,31.3,76,6.3,125,0.0,979.0,850.0
2025-08-28 12:00:00,32.0,73,5.8,126,0.0,978.1,1050.0
2025-08-28 13:00:00,32.2,73,5.6,135,0.1,977.1,1035.0
2025-08-28 14:00:00,32.2,73,4.9,147,0.1,975.8,1020.0
2025-08-28 15:00:00,32.4,73,3.2,146,0.0,974.8,1020.0
2025-08-28 16:00:00,30.5,76,4.3,158,0.2,974.6,290.0
2025-08-28 17:00:00,29.7,77,3.6,288,1.4,974.5,145.0
2025-08-28 18:00:00,29.5,82,8.0,128,0.1,976.3,410.0
2025-08-28 19:00:00,29.0,85,6.6,143,0.0,976.9,460.0
2025-08-28 20:00:00,28.6,87,5.8,175,0.0,978.1,360.0
2025-08-28 21:00:00,28.2,90,3.6,198,0.0,978.8,305.0
2025-08-28 22:00:00,27.5,92,3.4,93,2.3,979.3,195.0
2025-08-28 23:00:00,25.9,97,9.7,74,7.3,979.3,165.0
2025-08-29 00:00:00,25.9,97,6.1,78,0.2,979.1,170.0
2025-08-29 01:00:00,26.0,97,9.1,97,0.1,978.3,265.0
2025-08-29 02:00:00,25.8,96,9.5,105,0.9,978.1,305.0
2025-08-29 03:00:00,25.4,95,1.3,254,3.0,978.1,35.0
2025-08-29 04:00:00,25.0,95,1.8,186,6.8,978.6,105.0
2025-08-29 05:00:00,25.2,96,6.8,101,0.1,978.7,225.0
2025-08-29 06:00:00,27.4,95,8.0,126,0.0,979.1,295.0
2025-08-29 07:00:00,26.9,95,12.2,123,0.6,979.8,330.0
2025-08-29 08:00:00,27.6,92,10.5,131,0.0,979.8,395.0
2025-08-29 09:00:00,28.4,87,10.3,134,0.0,980.3,480.0
2025-08-29 10:00:00,29.1,86,8.5,118,0.1,980.0,585.0
2025-08-29 11:00:00,30.0,83,9.0,137,0.1,979.8,700.0
2025-08-29 12:00:00,31.1,76,9.6,131,0.1,979.4,950.0
2025-08-29 13:00:00,31.3,75,7.3,152,0.1,978.5,815.0
2025-08-29 14:00:00,31.0,72,10.8,108,0.2,977.6,820.0
2025-08-29 15:00:00,29.6,78,8.1,93,0.3,977.0,520.0
2025-08-29 16:00:00,29.4,80,8.8,107,0.0,977.4,540.0
2025-08-29 17:00:00,29.2,81,8.8,91,0.0,977.2,485.0
2025-08-29 18:00:00,28.4,84,7.7,102,0.0,978.2,555.0
2025-08-29 19:00:00,27.9,87,6.9,96,0.0,979.4,495.0
2025-08-29 20:00:00,27.6,89,7.2,87,0.0,980.2,405.0
2025-08-29 21:00:00,27.2,90,8.1,91,0.0,980.7,385.0
2025-08-29 22:00:00,26.9,90,8.6,98,0.0,981.4,375.0
2025-08-29 23:00:00,26.7,92,8.0,96,0.0,981.7,360.0
2025-08-30 00:00:00,26.5,93,8.8,95,0.0,981.4,380.0
2025-08-30 01:00:00,26.4,93,9.4,94,0.0,981.0,380.0
2025-08-30 02:00:00,26.3,93,8.7,103,0.0,981.1,395.0
2025-08-30 03:00:00,26.2,93,9.3,99,0.0,980.6,395.0
2025-08-30 04:00:00,26.1,94,8.6,105,0.0,980.9,405.0
2025-08-30 05:00:00,26.0,94,9.0,106,0.0,981.0,430.0
2025-08-30 06:00:00,26.3,98,10.8,108,0.2,981.5,345.0
2025-08-30 07:00:00,26.4,93,11.3,107,1.8,982.3,365.0
2025-08-30 08:00:00,26.7,91,12.3,112,1.1,981.9,415.0
2025-08-30 09:00:00,28.0,87,11.5,119,0.0,982.2,535.0
2025-08-30 10:00:00,29.1,81,10.5,115,0.1,982.4,690.0
2025-08-30 11:00:00,30.1,76,7.9,111,0.1,982.1,710.0
2025-08-30 12:00:00,30.8,72,7.1,105,0.1,981.4,765.0
2025-08-30 13:00:00,31.5,68,6.5,104,0.0,980.2,875.0
2025-08-30 14:00:00,31.6,67,6.7,104,0.0,979.2,875.0
2025-08-30 15:00:00,31.8,66,6.3,103,0.0,978.5,870.0
2025-08-30 16:00:00,31.4,68,6.3,93,0.0,978.1,780.0
2025-08-30 17:00:00,30.6,73,6.3,88,0.4,977.6,440.0
2025-08-30 18:00:00,29.5,80,5.1,96,0.0,979.2,475.0
2025-08-30 19:00:00,28.8,84,4.1,90,0.0,979.5,195.0
2025-08-30 20:00:00,28.4,86,4.3,95,0.0,980.6,170.0
2025-08-30 21:00:00,28.1,87,6.5,98,0.0,981.2,240.0
2025-08-30 22:00:00,27.8,89,6.6,101,0.0,981.0,260.0
2025-08-30 23:00:00,27.5,89,6.7,106,0.0,980.9,290.0
2025-08-31 00:00:00,27.2,90,6.5,104,0.0,980.4,300.0
2025-08-31 01:00:00,26.9,92,6.7,106,0.0,980.2,260.0
2025-08-31 02:00:00,26.7,93,9.6,106,0.0,979.3,345.0
2025-08-31 03:00:00,26.0,95,8.8,121,0.0,978.4,405.0
2025-08-31 04:00:00,25.2,96,9.7,100,0.0,979.4,335.0
2025-08-31 05:00:00,24.5,96,15.8,107,0.2,980.0,460.0
2025-08-31 06:00:00,25.7,96,9.7,117,0.1,979.2,365.0
2025-08-31 07:00:00,25.8,94,9.1,120,0.1,980.4,355.0
2025-08-31 08:00:00,25.4,96,9.9,135,2.1,980.5,345.0
2025-08-31 09:00:00,27.0,88,10.5,139,0.7,980.7,440.0
2025-08-31 10:00:00,28.5,85,9.9,132,0.1,981.0,665.0
2025-08-31 11:00:00,29.2,81,9.4,121,0.1,980.7,715.0
2025-08-31 12:00:00,28.2,85,7.8,151,1.8,979.3,450.0
2025-08-31 13:00:00,29.3,82,4.2,133,0.3,978.1,635.0
2025-08-31 14:00:00,30.0,79,6.0,123,0.2,976.9,890.0
2025-08-31 15:00:00,28.4,82,11.4,97,3.7,976.3,410.0
2025-08-31 16:00:00,26.8,87,9.2,116,2.4,976.1,365.0
2025-08-31 17:00:00,26.5,90,6.0,164,0.1,976.4,325.0
2025-08-31 18:00:00,25.9,91,4.5,83,0.0,977.3,300.0
2025-08-31 19:00:00,25.8,93,5.4,90,0.0,977.4,290.0
2025-08-31 20:00:00,25.8,94,6.2,102,0.1,977.7,320.0
2025-08-31 21:00:00,25.8,95,7.3,106,0.3,978.3,345.0
2025-08-31 22:00:00,25.7,96,8.5,111,0.3,978.2,305.0
2025-08-31 23:00:00,25.5,98,10.7,113,0.5,977.8,370.0
2025-09-01 00:00:00,25.4,94,12.2,121,1.7,977.2,360.0
2025-09-01 01:00:00,24.7,95,8.8,133,0.9,976.7,310.0
2025-09-01 02:00:00,24.3,97,8.4,137,1.0,976.1,305.0
2025-09-01 03:00:00,24.0,99,8.9,151,5.8,975.9,380.0
2025-09-01 04:00:00,24.1,98,8.9,132,2.6,975.6,460.0
2025-09-01 05:00:00,24.1,98,9.4,113,1.9,975.9,420.0
2025-09-01 06:00:00,24.6,96,6.8,90,1.5,975.6,180.0
2025-09-01 07:00:00,24.6,96,9.2,123,1.3,976.0,350.0
2025-09-01 08:00:00,24.6,95,6.7,134,2.0,975.8,300.0
2025-09-01 09:00:00,25.1,94,7.9,129,1.4,976.3,330.0
2025-09-01 10:00:00,26.3,88,10.2,141,0.3,976.2,360.0
2025-09-01 11:00:00,27.7,84,7.6,118,0.1,976.2,530.0
2025-09-01 12:00:00,29.2,77,7.5,125,0.3,975.7,865.0
2025-09-01 13:00:00,28.1,80,11.0,142,2.5,974.7,485.0
2025-09-01 14:00:00,28.1,83,11.5,98,0.6,973.6,515.0
2025-09-01 15:00:00,27.7,84,15.7,112,0.1,972.8,550.0
2025-09-01 16:00:00,26.1,89,13.2,143,0.4,973.5,475.0
2025-09-01 17:00:00,25.8,91,10.8,123,0.4,973.4,480.0
2025-09-01 18:00:00,24.9,94,17.5,104,0.9,974.5,680.0
2025-09-01 19:00:00,24.5,96,14.8,106,0.7,974.9,655.0
2025-09-01 20:00:00,24.4,96,14.6,116,1.2,975.8,630.0
2025-09-01 21:00:00,24.3,97,15.3,115,0.7,976.3,580.0
2025-09-01 22:00:00,24.2,98,12.5,110,1.9,976.5,490.0
2025-09-01 23:00:00,24.4,97,14.0,122,1.3,976.2,460.0
2025-09-02 00:00:00,24.2,99,13.2,133,2.8,975.8,435.0
2025-09-02 01:00:00,24.2,98,11.3,149,0.5,975.3,480.0
2025-09-02 02:00:00,23.8,98,14.2,148,3.5,974.8,470.0
2025-09-02 03:00:00,24.0,98,13.9,141,1.9,974.5,525.0
2025-09-02 04:00:00,23.8,97,12.1,132,1.1,974.6,475.0
2025-09-02 05:00:00,23.9,98,12.8,124,0.3,975.0,485.0
2025-09-02 06:00:00,24.2,96,14.5,121,0.9,976.1,465.0
2025-09-02 07:00:00,24.0,98,13.7,117,1.2,976.7,535.0
2025-09-02 08:00:00,24.4,94,12.4,118,0.8,977.2,445.0
2025-09-02 09:00:00,24.9,90,15.6,112,0.1,977.9,470.0
2025-09-02 10:00:00,26.1,86,14.5,118,0.0,978.2,635.0
2025-09-02 11:00:00,26.9,83,13.1,133,0.1,978.1,645.0
2025-09-02 12:00:00,26.6,84,10.8,136,0.9,977.8,535.0
2025-09-02 13:00:00,27.0,81,13.8,111,0.8,977.0,530.0
2025-09-02 14:00:00,26.4,86,10.7,113,1.3,976.2,500.0
2025-09-02 15:00:00,26.4,86,11.4,96,1.7,975.8,575.0
2025-09-02 16:00:00,26.1,88,13.6,108,0.6,975.7,515.0
2025-09-02 17:00:00,25.9,90,12.9,96,0.4,975.8,585.0
2025-09-02 18:00:00,24.6,98,13.5,109,2.4,976.8,425.0
2025-09-02 19:00:00,24.6,96,14.2,117,0.4,977.4,470.0
2025-09-02 20:00:00,24.8,95,13.6,124,0.0,978.2,440.0
2025-09-02 21:00:00,24.9,95,11.9,124,0.0,978.7,410.0
2025-09-02 22:00:00,24.9,96,10.7,121,0.0,979.1,415.0
2025-09-02 23:00:00,24.9,96,10.2,120,0.0,979.6,410.0
2025-09-03 00:00:00,24.8,96,10.4,129,0.0,979.5,365.0
2025-09-03 01:00:00,24.5,96,9.4,132,0.0,979.0,320.0
2025-09-03 02:00:00,24.3,97,8.1,135,0.0,978.9,270.0
2025-09-03 03:00:00,24.2,97,9.3,118,0.0,978.7,270.0
2025-09-03 04:00:00,24.1,98,9.6,120,0.0,978.8,305.0
2025-09-03 05:00:00,24.1,98,6.0,117,0.0,979.1,260.0
2025-09-03 06:00:00,24.1,96,6.6,139,8.3,979.9,250.0
2025-09-03 07:00:00,24.8,95,5.5,171,1.9,980.9,130.0
2025-09-03 08:00:00,25.4,93,2.5,172,0.3,980.7,140.0
2025-09-03 09:00:00,26.6,88,4.5,133,0.1,981.2,305.0
2025-09-03 10:00:00,27.8,86,1.0,59,0.1,981.3,500.0
2025-09-03 11:00:00,29.2,81,5.4,48,0.1,981.1,750.0
2025-09-03 12:00:00,29.4,76,9.1,58,0.7,980.7,700.0
2025-09-03 13:00:00,27.9,82,10.4,73,0.4,980.1,485.0
2025-09-03 14:00:00,28.4,79,9.8,73,0.2,978.8,625.0
2025-09-03 15:00:00,28.8,78,9.2,70,0.5,977.9,665.0
2025-09-03 16:00:00,28.4,80,9.7,79,0.1,977.6,635.0
2025-09-03 17:00:00,28.0,83,9.2,74,0.0,977.4,535.0
2025-09-03 18:00:00,26.2,86,9.5,79,0.0,978.9,530.0
2025-09-03 19:00:00,25.9,85,8.4,83,0.0,979.3,455.0
2025-09-03 20:00:00,25.8,87,6.7,81,0.1,980.0,365.0
2025-09-03 21:00:00,25.6,90,6.7,74,0.4,980.6,280.0
2025-09-03 22:00:00,25.4,91,6.8,63,1.1,980.5,200.0
2025-09-03 23:00:00,25.1,95,4.8,42,0.4,981.0,135.0
2025-09-04 00:00:00,25.1,96,5.3,18,0.4,980.9,105.0
2025-09-04 01:00:00,25.0,96,6.3,18,0.6,980.5,130.0
2025-09-04 02:00:00,24.8,97,7.3,23,0.5,980.0,155.0
2025-09-04 03:00:00,24.7,97,8.6,30,0.3,979.5,190.0
2025-09-04 04:00:00,24.8,97,9.3,36,0.1,979.6,215.0
2025-09-04 05:00:00,24.5,97,8.2,38,1.7,979.9,235.0
2025-09-04 06:00:00,24.2,96,12.0,16,12.0,981.0,300.0
2025-09-04 07:00:00,24.2,96,4.3,42,1.8,981.1,160.0
2025-09-04 08:00:00,25.2,94,3.7,51,0.0,981.5,175.0
2025-09-04 09:00:00,26.8,89,4.2,36,0.0,981.8,215.0
2025-09-04 10:00:00,28.6,84,3.4,43,0.0,982.2,375.0
2025-09-04 11:00:00,30.0,77,4.0,69,0.0,981.8,690.0
2025-09-04 12:00:00,31.0,72,3.7,61,0.0,981.2,985.0
2025-09-04 13:00:00,31.4,69,3.2,52,0.0,979.8,1065.0
2025-09-04 14:00:00,31.4,67,8.2,49,0.0,979.1,1125.0
2025-09-04 15:00:00,30.0,76,7.9,90,0.3,978.2,430.0
2025-09-04 16:00:00,29.1,81,5.6,65,0.0,978.0,340.0
2025-09-04 17:00:00,28.9,82,5.6,48,0.0,977.9,355.0
2025-09-04 18:00:00,27.8,86,4.8,34,0.0,978.8,285.0
2025-09-04 19:00:00,27.4,88,4.9,33,0.0,979.2,225.0
2025-09-04 20:00:00,27.0,89,5.4,48,0.0,979.8,170.0
2025-09-04 21:00:00,26.7,89,5.7,49,0.0,980.1,155.0
2025-09-04 22:00:00,26.4,91,4.3,57,0.0,980.0,125.0
2025-09-04 23:00:00,26.2,91,4.0,58,0.0,980.5,115.0
2025-09-05 00:00:00,26.0,91,4.1,38,0.0,980.0,110.0
2025-09-05 01:00:00,25.9,92,5.7,79,0.0,979.9,160.0
2025-09-05 02:00:00,25.7,93,5.0,44,0.0,979.8,130.0
2025-09-05 03:00:00,25.5,92,7.1,52,0.4,980.0,165.0
2025-09-05 04:00:00,25.4,93,5.5,36,0.3,980.0,120.0
2025-09-05 05:00:00,25.2,94,5.5,41,0.0,980.2,125.0
2025-09-05 06:00:00,26.7,86,10.7,78,0.0,980.5,810.0
2025-09-05 07:00:00,27.1,84,11.9,87,0.0,981.0,845.0
2025-09-05 08:00:00,28.0,80,12.6,88,0.0,981.5,955.0
2025-09-05 09:00:00,29.0,74,16.8,94,0.0,981.8,1000.0
2025-09-05 10:00:00,29.8,75,13.4,85,0.0,981.6,1175.0
2025-09-05 11:00:00,30.5,73,13.1,81,0.0,981.1,1290.0
2025-09-05 12:00:00,31.0,72,14.0,82,0.1,980.2,1335.0
2025-09-05 13:00:00,29.9,75,17.0,100,1.6,979.3,670.0
2025-09-05 14:00:00,30.5,76,10.6,60,1.5,978.0,1045.0
2025-09-05 15:00:00,29.6,71,13.5,80,0.1,977.5,580.0
2025-09-05 16:00:00,28.7,79,12.5,86,0.4,977.7,610.0
2025-09-05 17:00:00,27.0,87,9.7,105,0.4,977.7,390.0
2025-09-05 18:00:00,27.1,89,8.8,102,0.0,979.1,455.0
2025-09-05 19:00:00,26.9,91,5.3,72,0.0,980.1,390.0
2025-09-05 20:00:00,26.8,92,7.6,76,0.0,980.5,415.0
2025-09-05 21:00:00,26.7,91,9.0,85,0.0,981.2,470.0
2025-09-05 22:00:00,26.6,91,9.1,81,0.0,981.3,470.0
2025-09-05 23:00:00,26.4,93,9.2,79,0.0,981.4,450.0
2025-09-06 00:00:00,25.4,96,10.5,115,4.7,981.2,530.0
2025-09-06 01:00:00,24.8,96,12.5,96,3.8,980.8,450.0
2025-09-06 02:00:00,24.5,95,14.1,92,0.1,980.5,415.0
2025-09-06 03:00:00,24.6,96,11.5,98,0.1,980.5,430.0
2025-09-06 04:00:00,24.7,96,9.8,108,0.1,980.5,455.0
2025-09-06 05:00:00,24.6,96,7.2,89,0.0,981.0,325.0
2025-09-06 06:00:00,26.0,92,7.7,99,0.0,980.9,425.0
2025-09-06 07:00:00,26.6,91,7.7,93,0.0,981.5,500.0
2025-09-06 08:00:00,27.8,86,10.1,102,0.0,982.0,575.0
2025-09-06 09:00:00,29.2,78,12.6,114,0.0,982.4,810.0
2025-09-06 10:00:00,30.3,72,13.5,117,0.2,982.4,920.0
2025-09-06 11:00:00,30.8,71,11.8,113,0.1,982.2,1150.0
2025-09-06 12:00:00,31.2,72,11.9,113,0.1,981.4,1270.0
2025-09-06 13:00:00,31.2,72,11.9,112,0.1,980.0,1115.0
2025-09-06 14:00:00,31.2,73,11.1,115,0.2,978.8,1185.0
2025-09-06 15:00:00,29.5,80,8.9,98,2.4,977.9,500.0
2025-09-06 16:00:00,29.3,80,10.0,104,1.2,977.8,515.0
2025-09-06 17:00:00,28.6,83,8.8,75,0.2,978.3,410.0
2025-09-06 18:00:00,28.8,83,7.1,81,0.0,979.4,355.0
2025-09-06 19:00:00,28.3,85,7.8,67,0.0,980.1,345.0
2025-09-06 20:00:00,27.7,88,10.7,82,0.0,980.4,400.0
2025-09-06 21:00:00,26.8,88,8.5,96,0.0,981.2,285.0
2025-09-06 22:00:00,26.4,89,9.1,100,0.0,981.4,290.0
2025-09-06 23:00:00,26.2,90,9.0,105,0.0,981.5,315.0
2025-09-07 00:00:00,26.1,90,11.0,128,0.0,981.0,420.0
2025-09-07 01:00:00,25.2,93,10.7,121,1.2,980.8,380.0
2025-09-07 02:00:00,25.3,95,8.8,125,0.0,980.1,350.0
2025-09-07 03:00:00,25.1,96,6.6,139,0.0,980.6,330.0
2025-09-07 04:00:00,24.9,96,6.6,137,0.0,980.2,280.0
2025-09-07 05:00:00,24.8,96,5.8,112,0.0,980.6,235.0
2025-09-07 06:00:00,25.8,95,9.0,105,0.0,980.3,255.0
2025-09-07 07:00:00,26.6,93,7.6,91,0.0,980.9,295.0
2025-09-07 08:00:00,27.9,87,9.0,100,0.0,981.2,445.0
2025-09-07 09:00:00,29.3,81,9.3,118,0.0,981.7,655.0
2025-09-07 10:00:00,30.5,75,9.8,126,0.1,982.1,950.0
2025-09-07 11:00:00,31.3,72,9.0,136,0.0,981.8,1215.0
2025-09-07 12:00:00,31.8,69,9.6,137,0.0,981.1,1340.0
2025-09-07 13:00:00,31.9,68,8.9,137,0.0,979.9,1340.0
2025-09-07 14:00:00,31.9,70,7.9,139,0.0,978.3,1245.0
2025-09-07 15:00:00,31.2,74,9.3,118,0.2,977.2,855.0
2025-09-07 16:00:00,30.8,76,5.4,143,0.1,977.2,690.0
2025-09-07 17:00:00,29.9,78,5.6,159,0.7,977.4,535.0
2025-09-07 18:00:00,28.0,88,6.5,104,0.0,979.0,290.0
2025-09-07 19:00:00,27.4,89,5.8,104,0.0,979.8,205.0
2025-09-07 20:00:00,27.0,90,5.2,112,0.0,980.7,140.0
2025-09-07 21:00:00,26.7,90,5.2,115,0.0,981.3,130.0
2025-09-07 22:00:00,26.5,91,6.2,112,0.0,981.7,155.0
2025-09-07 23:00:00,26.2,92,5.7,103,0.0,981.4,155.0
2025-09-08 00:00:00,26.0,93,5.7,125,0.0,980.8,160.0
2025-09-08 01:00:00,25.8,95,4.5,130,0.0,980.1,135.0
2025-09-08 02:00:00,25.5,96,3.3,119,0.0,979.8,95.0
2025-09-08 03:00:00,25.3,97,2.7,132,0.0,979.8,75.0
2025-09-08 04:00:00,25.2,98,3.1,130,0.0,980.1,75.0
2025-09-08 05:00:00,25.2,98,4.2,140,0.0,980.4,100.0
2025-09-08 06:00:00,25.8,96,5.9,135,0.0,981.2,130.0
2025-09-08 07:00:00,26.7,93,5.1,141,0.0,981.6,185.0
2025-09-08 08:00:00,27.9,89,5.8,144,0.0,981.8,330.0
2025-09-08 09:00:00,29.2,81,6.1,157,0.1,982.7,630.0
2025-09-08 10:00:00,30.3,74,5.1,172,0.1,982.9,840.0
2025-09-08 11:00:00,30.9,72,3.8,175,0.1,982.7,1025.0
2025-09-08 12:00:00,31.4,71,4.0,183,0.1,982.2,1195.0
2025-09-08 13:00:00,31.5,70,4.5,196,0.1,981.3,1125.0
2025-09-08 14:00:00,31.7,65,4.6,211,0.1,980.3,1125.0
2025-09-08 15:00:00,32.0,60,4.0,198,0.1,979.6,1145.0
2025-09-08 16:00:00,31.9,60,2.2,194,0.0,979.0,1125.0
2025-09-08 17:00:00,31.4,64,3.6,70,0.0,979.6,1020.0
2025-09-08 18:00:00,30.5,72,3.8,172,0.0,980.8,155.0
2025-09-08 19:00:00,29.3,78,2.9,158,0.0,981.5,55.0
2025-09-08 20:00:00,28.8,80,1.5,144,0.0,982.2,35.0
2025-09-08 21:00:00,28.4,81,1.3,124,0.0,982.8,30.0
2025-09-08 22:00:00,28.0,82,0.9,101,0.0,982.9,25.0
2025-09-08 23:00:00,27.5,84,1.8,135,0.0,982.6,35.0
2025-09-09 00:00:00,27.1,85,3.5,165,0.0,982.4,55.0
2025-09-09 01:00:00,26.6,85,3.8,185,0.0,982.1,65.0
2025-09-09 02:00:00,26.3,84,5.2,239,0.0,981.8,105.0
2025-09-09 03:00:00,26.0,86,6.7,262,0.0,981.6,130.0
2025-09-09 04:00:00,25.9,87,7.7,273,0.0,981.9,150.0
2025-09-09 05:00:00,25.8,88,7.9,274,0.0,982.2,170.0
2025-09-09 06:00:00,26.7,86,7.2,276,0.0,982.7,205.0
2025-09-09 07:00:00,27.5,84,6.7,275,0.0,983.4,255.0
2025-09-09 08:00:00,28.6,80,7.7,286,0.0,983.8,390.0
2025-09-09 09:00:00,30.0,74,8.0,290,0.0,984.3,665.0
2025-09-09 10:00:00,30.5,70,9.3,298,0.3,984.6,735.0
2025-09-09 11:00:00,31.3,66,8.9,294,0.1,984.5,845.0
2025-09-09 12:00:00,31.9,64,8.1,295,0.0,984.0,990.0
2025-09-09 13:00:00,32.4,64,8.8,293,0.0,983.0,1190.0
2025-09-09 14:00:00,32.3,63,10.0,291,0.0,982.0,1130.0
2025-09-09 15:00:00,32.4,63,9.9,292,0.0,981.2,1130.0
2025-09-09 16:00:00,32.0,62,10.8,296,0.0,980.8,1080.0
2025-09-09 17:00:00,31.2,68,8.2,303,0.0,980.5,1005.0
2025-09-09 18:00:00,30.3,72,5.6,299,0.0,981.6,290.0
2025-09-09 19:00:00,29.5,76,6.4,292,0.0,981.8,225.0
2025-09-09 20:00:00,29.0,79,7.6,289,0.0,982.2,295.0
2025-09-09 21:00:00,28.6,78,7.8,285,0.0,982.8,275.0
2025-09-09 22:00:00,28.1,78,6.9,284,0.0,982.8,200.0
2025-09-09 23:00:00,27.7,79,7.0,280,0.0,982.8,180.0
2025-09-10 00:00:00,27.3,80,7.3,281,0.0,982.4,190.0
2025-09-10 01:00:00,26.9,80,7.6,282,0.0,982.1,205.0
2025-09-10 02:00:00,26.4,81,7.8,279,0.0,981.9,215.0
2025-09-10 03:00:00,26.1,83,7.6,275,0.0,981.9,195.0
2025-09-10 04:00:00,25.8,84,8.2,280,0.0,981.9,210.0
2025-09-10 05:00:00,25.6,85,9.1,280,0.0,982.2,240.0
2025-09-10 06:00:00,27.1,88,10.6,288,0.0,982.2,435.0
2025-09-10 07:00:00,27.8,86,7.9,283,0.0,983.1,495.0
2025-09-10 08:00:00,28.9,81,9.7,281,0.0,983.4,770.0
2025-09-10 09:00:00,30.1,75,13.2,284,0.0,983.8,1030.0
2025-09-10 10:00:00,31.2,69,14.1,289,0.0,983.8,1090.0
2025-09-10 11:00:00,32.1,62,14.6,294,0.0,983.7,1150.0
2025-09-10 12:00:00,32.7,59,14.8,294,0.0,982.9,1215.0
2025-09-10 13:00:00,33.1,56,15.1,293,0.0,981.9,1285.0
2025-09-10 14:00:00,33.2,55,15.6,293,0.0,980.9,1320.0
2025-09-10 15:00:00,32.9,56,15.6,294,0.0,979.8,1320.0
2025-09-10 16:00:00,32.2,59,15.3,294,0.0,979.2,1230.0
2025-09-10 17:00:00,31.3,63,13.9,295,0.0,978.9,1155.0
2025-09-10 18:00:00,30.1,66,11.5,295,0.0,979.6,945.0
2025-09-10 19:00:00,29.3,70,10.4,293,0.0,979.6,675.0
2025-09-10 20:00:00,28.6,73,9.5,291,0.0,980.2,505.0
2025-09-10 21:00:00,28.0,76,8.7,278,0.0,980.8,375.0
2025-09-10 22:00:00,27.4,79,7.9,281,0.0,980.8,310.0
2025-09-10 23:00:00,26.9,80,7.3,280,0.0,981.0,265.0
2025-09-11 00:00:00,26.5,81,7.9,271,0.0,980.8,245.0
2025-09-11 01:00:00,26.0,80,7.6,273,0.0,980.8,220.0
2025-09-11 02:00:00,25.7,79,8.3,276,0.0,980.4,220.0
2025-09-11 03:00:00,25.5,79,8.6,278,0.0,980.4,230.0
2025-09-11 04:00:00,25.1,79,9.0,267,0.0,980.7,220.0
2025-09-11 05:00:00,24.7,79,9.9,266,0.0,981.1,260.0
2025-09-11 06:00:00,26.4,77,12.0,279,0.0,981.3,540.0
2025-09-11 07:00:00,27.2,76,11.2,282,0.0,981.9,620.0
2025-09-11 08:00:00,28.3,73,11.3,278,0.0,982.1,680.0
2025-09-11 09:00:00,29.7,69,13.5,284,0.0,982.6,1150.0
2025-09-11 10:00:00,30.9,63,14.9,292,0.0,982.7,1265.0
2025-09-11 11:00:00,32.0,58,15.2,296,0.0,982.5,1395.0
2025-09-11 12:00:00,32.5,55,14.1,289,0.0,981.9,1560.0
2025-09-11 13:00:00,32.6,54,13.8,283,0.0,981.3,1615.0
2025-09-11 14:00:00,32.8,53,14.1,280,0.0,980.3,1605.0
2025-09-11 15:00:00,32.8,52,14.7,278,0.0,979.7,1695.0
2025-09-11 16:00:00,32.3,54,14.4,282,0.0,979.2,1595.0
2025-09-11 17:00:00,31.5,57,11.6,283,0.0,979.5,1505.0
2025-09-11 18:00:00,30.2,65,6.8,310,0.0,980.2,680.0
2025-09-11 19:00:00,29.4,69,6.0,303,0.0,980.7,500.0
2025-09-11 20:00:00,28.9,70,6.0,286,0.0,981.4,365.0
2025-09-11 21:00:00,28.1,75,4.5,272,0.0,982.2,165.0
2025-09-11 22:00:00,27.5,79,4.0,275,0.0,982.3,100.0
2025-09-11 23:00:00,26.9,83,3.8,273,0.0,982.2,70.0
2025-09-12 00:00:00,26.5,84,4.5,256,0.0,982.2,100.0
2025-09-12 01:00:00,26.1,83,5.4,249,0.0,981.9,110.0
2025-09-12 02:00:00,25.7,80,5.4,255,0.0,981.4,100.0
2025-09-12 03:00:00,25.3,78,7.1,255,0.0,981.4,125.0
2025-09-12 04:00:00,24.9,78,7.6,265,0.0,981.6,160.0
2025-09-12 05:00:00,24.6,80,7.8,262,0.0,981.8,170.0
2025-09-12 06:00:00,25.9,80,10.1,273,0.0,982.8,385.0
2025-09-12 07:00:00,26.9,77,8.8,274,0.0,983.5,455.0
2025-09-12 08:00:00,28.3,71,9.9,273,0.0,984.1,570.0
2025-09-12 09:00:00,29.8,66,10.9,277,0.0,984.7,755.0
2025-09-12 10:00:00,31.1,61,11.2,292,0.1,984.6,985.0
2025-09-12 11:00:00,32.1,56,10.3,295,0.1,984.3,1150.0
2025-09-12 12:00:00,33.0,52,9.8,287,0.0,983.5,1325.0
2025-09-12 13:00:00,33.3,50,9.6,283,0.0,982.7,1410.0
2025-09-12 14:00:00,33.5,49,10.2,279,0.0,981.8,1410.0
2025-09-12 15:00:00,33.3,50,11.3,278,0.0,981.0,1385.0
2025-09-12 16:00:00,32.8,52,11.3,279,0.0,980.3,1355.0
2025-09-12 17:00:00,32.0,55,10.8,288,0.0,980.2,1225.0
2025-09-12 18:00:00,31.6,56,5.6,310,0.0,981.3,1195.0
2025-09-12 19:00:00,31.0,59,4.9,332,0.0,981.5,705.0
2025-09-12 20:00:00,30.1,67,2.7,328,0.0,982.3,410.0
2025-09-12 21:00:00,29.7,71,1.8,270,0.0,983.1,35.0
2025-09-12 22:00:00,29.1,74,1.2,231,0.0,983.5,20.0
2025-09-12 23:00:00,28.4,75,3.1,204,0.0,983.4,35.0
2025-09-13 00:00:00,27.8,79,3.4,212,0.0,983.4,35.0
2025-09-13 01:00:00,27.6,80,3.9,248,0.0,983.1,50.0
2025-09-13 02:00:00,27.4,80,4.7,261,0.0,982.8,70.0
2025-09-13 03:00:00,27.1,80,2.7,266,0.0,982.3,60.0
2025-09-13 04:00:00,26.7,80,4.6,252,0.0,982.3,70.0
2025-09-13 05:00:00,26.3,79,5.1,247,0.0,982.6,85.0
2025-09-13 06:00:00,27.7,73,5.8,261,0.0,983.5,215.0
2025-09-13 07:00:00,28.5,69,6.0,275,0.0,984.3,285.0
2025-09-13 08:00:00,29.2,66,6.2,280,0.0,984.7,330.0
2025-09-13 09:00:00,30.9,60,5.8,279,0.0,985.1,520.0
2025-09-13 10:00:00,33.0,49,7.0,293,0.0,984.9,1305.0
2025-09-13 11:00:00,34.3,44,7.4,292,0.0,984.6,1505.0
2025-09-13 12:00:00,35.0,42,8.4,277,0.0,983.6,1650.0
2025-09-13 13:00:00,35.3,41,10.1,270,0.1,982.7,1745.0
2025-09-13 14:00:00,34.8,42,11.3,270,0.2,981.6,1595.0
2025-09-13 15:00:00,34.4,44,11.5,273,0.3,980.8,1480.0
2025-09-13 16:00:00,33.4,49,11.2,280,0.3,980.4,1275.0
2025-09-13 17:00:00,32.5,54,9.4,293,0.0,980.4,1195.0
2025-09-13 18:00:00,32.9,48,7.8,304,0.0,981.1,1260.0
2025-09-13 19:00:00,32.5,50,5.4,284,0.0,981.3,1160.0
2025-09-13 20:00:00,32.0,53,2.7,278,0.0,982.1,980.0
2025-09-13 21:00:00,31.2,57,1.9,236,0.0,982.6,75.0
2025-09-13 22:00:00,30.4,60,1.5,194,0.0,982.7,40.0
2025-09-13 23:00:00,29.7,64,2.4,167,0.0,982.6,30.0
2025-09-14 00:00:00,29.0,68,4.0,148,0.0,982.5,40.0
2025-09-14 01:00:00,28.5,70,4.2,173,0.0,982.5,65.0
2025-09-14 02:00:00,28.0,73,4.7,212,0.0,982.2,80.0
2025-09-14 03:00:00,27.6,77,4.7,223,0.0,982.1,70.0
2025-09-14 04:00:00,27.3,78,4.0,231,0.0,982.5,60.0
2025-09-14 05:00:00,27.0,80,4.3,248,0.0,982.5,65.0
2025-09-14 06:00:00,27.6,81,5.7,226,0.0,983.0,115.0
2025-09-14 07:00:00,29.0,73,4.7,247,0.0,983.8,175.0
2025-09-14 08:00:00,31.5,59,4.3,272,0.0,984.1,665.0
2025-09-14 09:00:00,33.4,48,5.6,287,0.0,984.5,1320.0
2025-09-14 10:00:00,34.9,42,7.5,300,0.0,984.4,1565.0
2025-09-14 11:00:00,35.6,39,9.0,300,0.1,983.8,1730.0
2025-09-14 12:00:00,36.1,38,9.4,290,0.1,983.0,1845.0
2025-09-14 13:00:00,36.2,39,9.6,284,0.0,982.0,1845.0
2025-09-14 14:00:00,36.5,38,10.4,279,0.0,980.9,1915.0
2025-09-14 15:00:00,36.2,39,11.8,279,0.0,979.9,1915.0
2025-09-14 16:00:00,35.3,42,12.1,280,0.0,979.5,1690.0
2025-09-14 17:00:00,34.3,45,11.5,290,0.0,979.5,1460.0
2025-09-14 18:00:00,33.3,50,8.9,297,0.0,980.5,1295.0
2025-09-14 19:00:00,33.0,50,5.2,304,0.0,981.2,1160.0
2025-09-14 20:00:00,32.7,51,3.7,259,0.0,981.8,805.0
2025-09-14 21:00:00,32.0,56,2.4,216,0.0,982.1,65.0
2025-09-14 22:00:00,31.1,61,2.2,185,0.0,982.1,25.0
2025-09-14 23:00:00,30.4,65,3.4,186,0.0,982.1,45.0
2025-09-15 00:00:00,29.8,68,4.2,185,0.0,981.8,65.0
2025-09-15 01:00:00,29.1,71,4.9,204,0.0,981.5,90.0
2025-09-15 02:00:00,28.6,73,3.7,235,0.0,980.9,75.0
2025-09-15 03:00:00,28.1,75,5.2,245,0.0,980.9,100.0
2025-09-15 04:00:00,27.8,76,6.3,246,0.0,980.9,125.0
2025-09-15 05:00:00,27.3,75,6.8,253,0.0,981.1,160.0
2025-09-15 06:00:00,28.6,68,6.1,258,0.0,981.3,200.0
2025-09-15 07:00:00,29.5,62,6.0,267,0.0,981.6,305.0
2025-09-15 08:00:00,31.4,54,6.5,273,0.0,981.8,480.0
2025-09-15 09:00:00,33.3,46,8.5,275,0.0,982.2,1230.0
2025-09-15 10:00:00,34.7,41,10.4,281,0.0,982.1,1585.0
2025-09-15 11:00:00,35.6,39,10.5,274,0.0,981.6,1805.0
2025-09-15 12:00:00,36.3,38,11.3,270,0.0,980.9,1970.0
2025-09-15 13:00:00,36.4,37,11.9,267,0.0,979.8,2015.0
2025-09-15 14:00:00,36.4,38,13.0,272,0.0,978.6,2000.0
2025-09-15 15:00:00,36.0,39,13.0,274,0.0,977.8,1900.0
2025-09-15 16:00:00,35.2,42,13.3,283,0.0,977.5,1865.0
2025-09-15 17:00:00,34.3,44,11.8,287,0.0,977.6,1750.0
2025-09-15 18:00:00,33.5,47,8.1,265,0.0,978.4,1285.0
2025-09-15 19:00:00,33.4,47,5.8,272,0.0,979.1,1070.0
2025-09-15 20:00:00,33.3,48,3.3,292,0.0,980.3,780.0
2025-09-15 21:00:00,32.8,53,0.5,270,0.0,981.0,45.0
2025-09-15 22:00:00,32.1,53,1.7,162,0.0,981.1,35.0
2025-09-15 23:00:00,31.3,58,5.6,147,0.0,981.4,220.0
2025-09-16 00:00:00,30.5,62,6.9,143,0.0,980.9,215.0
2025-09-16 01:00:00,29.5,67,6.8,151,0.0,980.3,185.0
2025-09-16 02:00:00,28.8,70,5.7,148,0.0,980.0,195.0
2025-09-16 03:00:00,28.4,71,6.0,153,0.0,980.0,255.0
2025-09-16 04:00:00,28.0,73,6.4,112,0.0,980.5,275.0
2025-09-16 05:00:00,27.3,77,6.9,97,0.0,980.8,300.0
2025-09-16 06:00:00,28.8,62,6.4,288,0.0,981.0,335.0
2025-09-16 07:00:00,29.2,60,5.4,323,0.0,981.8,430.0
2025-09-16 08:00:00,30.4,56,4.9,309,0.0,982.3,540.0
2025-09-16 09:00:00,32.4,48,4.4,291,0.0,982.5,860.0
2025-09-16 10:00:00,34.1,43,6.0,287,0.0,982.8,1340.0
2025-09-16 11:00:00,35.3,40,6.7,278,0.0,982.1,1780.0
2025-09-16 12:00:00,36.2,38,7.6,267,0.0,981.1,1970.0
2025-09-16 13:00:00,36.8,37,8.3,268,0.0,979.9,2140.0
2025-09-16 14:00:00,36.6,38,10.2,261,0.0,978.7,2170.0
2025-09-16 15:00:00,35.7,41,10.0,257,0.0,977.9,1990.0
2025-09-16 16:00:00,35.2,42,8.5,265,0.0,977.9,1855.0
2025-09-16 17:00:00,34.3,45,3.5,282,0.0,978.3,1680.0
2025-09-16 18:00:00,32.6,56,2.7,94,0.0,979.5,445.0
2025-09-16 19:00:00,32.6,53,2.2,95,0.0,980.5,1155.0
2025-09-16 20:00:00,31.0,61,8.3,129,0.1,981.4,315.0
2025-09-16 21:00:00,30.0,67,8.1,111,0.0,981.8,230.0
2025-09-16 22:00:00,29.2,71,8.5,103,0.0,982.1,280.0
2025-09-16 23:00:00,28.4,74,7.7,121,0.0,982.1,285.0
2025-09-17 00:00:00,27.9,75,7.0,134,0.0,982.0,250.0
2025-09-17 01:00:00,27.5,76,6.9,152,0.0,981.5,235.0
2025-09-17 02:00:00,27.1,77,6.2,163,0.0,981.1,220.0
2025-09-17 03:00:00,26.9,79,4.2,168,0.0,981.1,160.0
2025-09-17 04:00:00,27.0,80,1.0,135,0.0,981.5,135.0
2025-09-17 05:00:00,26.7,80,7.7,54,0.0,981.9,265.0
2025-09-17 06:00:00,27.4,76,3.1,177,0.0,981.9,85.0
2025-09-17 07:00:00,28.8,70,1.8,37,0.0,982.5,175.0
2025-09-17 08:00:00,30.6,64,1.7,41,0.0,983.0,520.0
2025-09-17 09:00:00,32.5,55,1.7,319,0.0,983.4,1175.0
2025-09-17 10:00:00,33.9,49,4.9,332,0.1,983.3,1465.0
2025-09-17 11:00:00,35.1,44,4.5,337,0.0,982.8,1655.0
2025-09-17 12:00:00,36.2,40,5.2,338,0.0,982.1,1875.0
2025-09-17 13:00:00,36.4,38,6.2,338,0.0,981.1,1910.0
2025-09-17 14:00:00,36.3,39,7.3,330,0.1,979.7,1835.0
2025-09-17 15:00:00,35.8,40,8.9,322,0.0,978.6,1780.0
2025-09-17 16:00:00,35.2,42,9.5,316,0.0,978.5,1715.0
2025-09-17 17:00:00,34.2,45,7.8,312,0.0,978.5,1560.0
2025-09-17 18:00:00,31.6,61,1.8,101,0.0,979.8,630.0
2025-09-17 19:00:00,31.4,62,2.1,200,0.0,980.4,60.0
2025-09-17 20:00:00,31.1,64,1.8,114,0.0,981.2,40.0
2025-09-17 21:00:00,30.7,65,5.8,116,0.0,982.1,275.0
2025-09-17 22:00:00,29.5,73,7.8,128,0.0,982.2,360.0
2025-09-17 23:00:00,28.5,79,7.4,139,0.0,982.3,290.0
2025-09-18 00:00:00,27.8,82,6.5,122,0.0,981.9,275.0
2025-09-18 01:00:00,27.2,85,6.8,102,0.0,981.7,295.0
2025-09-18 02:00:00,26.3,87,7.2,102,0.0,981.2,247.5
2025-09-18 03:00:00,25.8,88,6.6,106,0.0,981.3,170.0
2025-09-18 04:00:00,25.4,89,7.2,89,0.0,981.4,143.75
2025-09-18 05:00:00,25.1,90,5.9,102,0.0,981.7,125.0
2025-09-18 06:00:00,27.3,82,3.9,124,0.0,982.0,120.0
2025-09-18 07:00:00,27.9,79,4.5,113,0.0,982.8,140.0
2025-09-18 08:00:00,29.4,73,4.2,155,0.0,982.9,220.0
2025-09-18 09:00:00,31.4,63,2.2,156,0.1,983.4,470.0
2025-09-18 10:00:00,33.3,52,2.7,352,0.1,983.2,665.0
2025-09-18 11:00:00,34.9,45,4.9,358,0.0,982.8,810.0
2025-09-18 12:00:00,34.9,43,7.2,359,0.0,981.9,995.0
2025-09-18 13:00:00,32.8,48,4.2,329,0.7,981.4,1120.0
2025-09-18 14:00:00,31.9,55,3.1,270,0.2,979.7,1020.0
2025-09-18 15:00:00,32.2,56,6.7,270,0.3,978.8,615.0
2025-09-18 16:00:00,32.5,55,4.9,287,0.2,978.9,860.0
2025-09-18 17:00:00,32.0,57,4.6,312,0.0,979.1,350.0
2025-09-18 18:00:00,32.7,51,8.5,2,0.0,980.2,35.0
2025-09-18 19:00:00,32.0,57,6.7,24,0.0,981.1,15.0
2025-09-18 20:00:00,31.6,60,4.5,56,0.0,981.7,20.0
2025-09-18 21:00:00,31.1,63,3.8,90,0.0,982.5,35.0
2025-09-18 22:00:00,30.3,67,5.3,108,0.0,982.4,40.0
2025-09-18 23:00:00,29.5,71,5.2,110,0.0,982.3,50.0
2025-09-19 00:00:00,28.9,75,3.6,108,0.0,981.9,60.0
2025-09-19 01:00:00,28.4,78,3.2,133,0.0,981.6,65.0
2025-09-19 02:00:00,28.0,81,4.3,132,0.0,981.5,75.0
2025-09-19 03:00:00,27.5,84,4.2,140,0.0,981.5,40.0
2025-09-19 04:00:00,27.1,86,3.9,167,0.0,981.9,30.0
2025-09-19 05:00:00,26.8,88,3.0,197,0.0,982.1,25.0
2025-09-19 06:00:00,27.5,79,6.3,175,0.0,982.5,20.0
2025-09-19 07:00:00,28.6,72,4.3,213,0.0,983.1,65.0
2025-09-19 08:00:00,30.7,64,3.7,256,0.0,983.9,220.0
2025-09-19 09:00:00,32.6,53,5.4,290,0.0,984.2,475.0
2025-09-19 10:00:00,32.4,52,11.5,315,0.4,984.8,1045.0
2025-09-19 11:00:00,33.5,47,7.8,323,0.0,984.4,1235.0
2025-09-19 12:00:00,34.8,41,8.9,333,0.1,983.5,1025.0
2025-09-19 13:00:00,34.9,42,9.8,324,0.2,982.6,1350.0
2025-09-19 14:00:00,35.4,41,8.7,326,0.0,980.9,1515.0
2025-09-19 15:00:00,35.5,41,10.7,331,0.0,980.1,1425.0
2025-09-19 16:00:00,34.6,42,10.7,330,0.0,979.4,1210.0
2025-09-19 17:00:00,33.6,47,10.8,324,0.0,979.4,355.0
2025-09-19 18:00:00,32.6,54,9.1,326,0.0,980.6,145.0
2025-09-19 19:00:00,31.9,59,6.7,340,0.0,981.3,65.0
2025-09-19 20:00:00,31.3,61,6.1,357,0.0,981.8,55.0
2025-09-19 21:00:00,30.7,63,3.6,351,0.0,982.4,35.0
2025-09-19 22:00:00,30.2,67,2.7,323,0.0,982.5,15.0
2025-09-19 23:00:00,29.7,69,3.1,332,0.0,982.1,15.0
2025-09-20 00:00:00,29.2,72,2.3,337,0.0,981.5,20.0
2025-09-20 01:00:00,28.5,73,2.5,240,0.0,981.5,30.0
2025-09-20 02:00:00,28.1,73,4.2,252,0.0,981.4,35.0
2025-09-20 03:00:00,27.5,76,4.9,272,0.0,981.5,45.0
2025-09-20 04:00:00,27.1,79,4.2,295,0.0,981.6,55.0
2025-09-20 05:00:00,26.8,80,3.8,295,0.0,981.8,65.0
2025-09-20 06:00:00,28.2,79,6.7,278,0.0,982.5,75.0
2025-09-20 07:00:00,29.2,74,6.3,270,0.0,983.0,130.0
2025-09-20 08:00:00,31.3,59,8.5,283,0.0,983.6,305.0
2025-09-20 09:00:00,33.3,45,11.4,305,0.0,984.0,785.0
2025-09-20 10:00:00,34.5,40,12.5,313,0.0,983.8,1155.0
2025-09-20 11:00:00,35.3,38,12.7,314,0.0,983.5,1335.0
2025-09-20 12:00:00,35.8,37,12.7,315,0.0,982.5,1410.0
2025-09-20 13:00:00,36.2,37,12.9,314,0.0,981.6,1450.0
2025-09-20 14:00:00,36.0,37,13.8,310,0.0,980.5,1475.0
2025-09-20 15:00:00,35.7,37,14.1,308,0.0,979.6,1480.0
2025-09-20 16:00:00,35.0,39,14.8,308,0.0,979.3,1370.0
2025-09-20 17:00:00,34.0,41,14.4,311,0.0,978.9,685.0
2025-09-20 18:00:00,32.8,45,11.3,316,0.0,979.8,230.0
2025-09-20 19:00:00,32.1,48,8.1,321,0.0,980.1,125.0
2025-09-20 20:00:00,31.2,53,5.4,318,0.0,980.4,95.0
2025-09-20 21:00:00,30.4,59,3.5,294,0.0,981.0,85.0
2025-09-20 22:00:00,29.7,61,4.5,254,0.0,981.2,70.0
2025-09-20 23:00:00,28.8,65,3.8,267,0.0,981.3,60.0
2025-09-21 00:00:00,28.1,66,6.0,260,0.0,981.2,55.0
2025-09-21 01:00:00,27.3,68,6.6,261,0.0,980.9,50.0
2025-09-21 02:00:00,26.6,69,6.4,259,0.0,980.6,50.0
2025-09-21 03:00:00,26.1,71,6.6,254,0.0,980.4,65.0
2025-09-21 04:00:00,25.7,72,6.8,252,0.0,980.8,65.0
2025-09-21 05:00:00,25.4,71,6.7,254,0.0,981.4,65.0
2025-09-21 06:00:00,27.1,73,5.5,279,0.0,981.9,70.0
2025-09-21 07:00:00,28.1,69,5.2,286,0.0,982.3,115.0
2025-09-21 08:00:00,30.2,61,5.5,289,0.0,982.9,230.0
2025-09-21 09:00:00,32.3,54,9.3,294,0.0,982.9,525.0
2025-09-21 10:00:00,33.9,45,13.0,297,0.0,982.7,1050.0
2025-09-21 11:00:00,35.1,40,14.4,301,0.0,982.1,1215.0
2025-09-21 12:00:00,35.8,37,14.4,300,0.0,981.2,1300.0
2025-09-21 13:00:00,36.3,35,13.8,299,0.0,980.1,1410.0
2025-09-21 14:00:00,36.4,34,13.4,301,0.0,979.1,1475.0
2025-09-21 15:00:00,36.1,35,13.2,304,0.0,978.5,1465.0
2025-09-21 16:00:00,35.3,38,13.5,307,0.0,978.3,1380.0
2025-09-21 17:00:00,34.2,43,13.6,307,0.0,978.2,375.0
2025-09-21 18:00:00,33.2,44,11.5,302,0.0,979.0,130.0
2025-09-21 19:00:00,32.8,44,10.8,294,0.0,979.3,105.0
2025-09-21 20:00:00,32.2,46,9.5,302,0.0,979.7,105.0
2025-09-21 21:00:00,31.1,51,7.1,294,0.0,980.5,95.0
2025-09-21 22:00:00,30.4,55,5.6,310,0.0,980.6,70.0
2025-09-21 23:00:00,29.7,57,4.0,280,0.0,980.8,50.0
2025-09-22 00:00:00,28.7,62,6.7,243,0.0,981.0,45.0
2025-09-22 01:00:00,27.9,65,4.8,257,0.0,980.9,40.0
2025-09-22 02:00:00,27.3,67,4.6,244,0.0,980.8,40.0
2025-09-22 03:00:00,26.9,67,4.8,243,0.0,980.8,50.0
2025-09-22 04:00:00,26.5,68,5.7,257,0.0,981.0,60.0
2025-09-22 05:00:00,26.1,68,5.2,266,0.0,981.3,75.0
2025-09-22 06:00:00,27.3,74,6.4,260,0.0,981.9,90.0
2025-09-22 07:00:00,28.5,68,5.9,259,0.0,982.6,140.0
2025-09-22 08:00:00,30.5,59,7.3,263,0.0,983.0,260.0
2025-09-22 09:00:00,32.7,50,9.2,270,0.0,983.3,505.0
2025-09-22 10:00:00,34.1,44,12.2,278,0.0,983.1,1000.0
2025-09-22 11:00:00,35.3,39,12.8,289,0.0,982.4,1415.0
2025-09-22 12:00:00,36.4,34,14.1,297,0.0,981.7,1550.0
2025-09-22 13:00:00,36.9,31,15.7,300,0.0,980.7,1655.0
2025-09-22 14:00:00,36.8,31,16.0,299,0.0,979.8,1720.0
2025-09-22 15:00:00,36.6,31,15.6,299,0.0,979.7,1590.0
2025-09-22 16:00:00,35.5,36,15.9,303,0.0,979.4,1420.0
2025-09-22 17:00:00,34.5,39,15.3,302,0.0,979.1,505.0
2025-09-22 18:00:00,34.0,39,12.6,304,0.0,979.8,190.0
2025-09-22 19:00:00,33.0,43,11.1,299,0.0,980.1,180.0
2025-09-22 20:00:00,32.1,46,10.8,296,0.0,980.5,180.0
2025-09-22 21:00:00,31.2,50,10.2,293,0.0,981.1,165.0
2025-09-22 22:00:00,30.6,51,9.9,291,0.0,981.4,130.0
2025-09-22 23:00:00,30.2,51,8.6,299,0.0,981.3,105.0
2025-09-23 00:00:00,29.9,52,7.1,311,0.0,981.2,80.0
2025-09-23 01:00:00,28.9,55,6.8,267,0.0,981.0,55.0
2025-09-23 02:00:00,27.8,58,6.2,260,0.0,981.0,50.0
2025-09-23 03:00:00,27.0,61,6.3,257,0.0,980.9,75.0
2025-09-23 04:00:00,26.5,63,6.8,259,0.0,980.9,90.0
2025-09-23 05:00:00,26.1,65,7.5,260,0.0,981.3,105.0
2025-09-23 06:00:00,27.0,71,7.4,276,0.0,981.9,130.0
2025-09-23 07:00:00,27.8,68,7.6,275,0.0,982.4,195.0
2025-09-23 08:00:00,29.8,57,8.7,276,0.0,982.8,320.0
2025-09-23 09:00:00,32.0,50,11.6,282,0.0,983.0,505.0
2025-09-23 10:00:00,33.9,46,13.7,291,0.0,983.1,800.0
2025-09-23 11:00:00,35.4,38,15.1,305,0.0,982.5,1355.0
2025-09-23 12:00:00,36.4,34,15.4,307,0.0,981.8,1690.0
2025-09-23 13:00:00,36.7,33,16.2,308,0.0,980.7,1745.0
2025-09-23 14:00:00,36.6,33,16.7,307,0.0,979.6,1725.0
2025-09-23 15:00:00,36.1,33,15.8,308,0.0,978.9,1545.0
2025-09-23 16:00:00,35.2,35,15.7,309,0.0,978.4,1375.0
2025-09-23 17:00:00,34.2,36,14.5,304,0.0,978.3,510.0
2025-09-23 18:00:00,33.2,38,12.9,297,0.0,979.2,185.0
2025-09-23 19:00:00,32.6,39,11.5,305,0.0,979.3,140.0
2025-09-23 20:00:00,32.2,39,9.7,321,0.0,979.8,115.0
2025-09-23 21:00:00,31.5,41,7.3,320,0.0,980.4,95.0
2025-09-23 22:00:00,30.9,44,6.7,308,0.0,980.4,75.0
2025-09-23 23:00:00,29.6,49,7.1,261,0.0,980.3,55.0
2025-09-24 00:00:00,28.4,55,7.5,259,0.0,980.0,50.0
2025-09-24 01:00:00,27.9,58,7.0,267,0.0,979.7,45.0
2025-09-24 02:00:00,27.3,60,7.2,264,0.0,979.3,45.0
2025-09-24 03:00:00,26.7,61,7.0,266,0.0,979.4,85.0
2025-09-24 04:00:00,26.3,61,7.0,271,0.0,979.5,110.0
2025-09-24 05:00:00,25.8,62,6.9,265,0.0,979.5,145.0
2025-09-24 06:00:00,26.3,68,10.1,276,0.0,980.2,175.0
2025-09-24 07:00:00,27.2,63,8.6,270,0.0,980.9,245.0
2025-09-24 08:00:00,29.1,58,10.6,284,0.0,981.4,360.0
2025-09-24 09:00:00,31.1,52,12.2,290,0.0,981.8,535.0
2025-09-24 10:00:00,33.0,47,14.7,295,0.0,981.6,785.0
2025-09-24 11:00:00,34.6,39,15.6,301,0.0,981.0,1125.0
2025-09-24 12:00:00,35.5,34,15.1,302,0.0,980.1,1290.0
2025-09-24 13:00:00,36.0,33,15.0,302,0.0,978.9,1370.0
2025-09-24 14:00:00,36.1,32,14.8,301,0.0,977.5,1345.0
2025-09-24 15:00:00,35.7,32,14.1,298,0.0,977.0,1265.0
2025-09-24 16:00:00,35.0,34,13.8,297,0.0,976.7,1110.0
2025-09-24 17:00:00,33.7,39,12.7,297,0.0,976.6,340.0
2025-09-24 18:00:00,33.1,44,9.5,306,0.0,977.6,105.0
2025-09-24 19:00:00,32.5,46,6.5,316,0.0,978.1,70.0
2025-09-24 20:00:00,32.0,48,5.5,314,0.0,978.6,60.0
2025-09-24 21:00:00,31.2,51,5.1,318,0.0,979.1,55.0
2025-09-24 22:00:00,30.3,55,3.8,295,0.0,979.5,45.0
2025-09-24 23:00:00,29.4,59,6.5,264,0.0,979.5,45.0
2025-09-25 00:00:00,28.5,63,6.3,277,0.0,979.6,45.0
2025-09-25 01:00:00,28.0,66,5.5,279,0.0,979.3,40.0
2025-09-25 02:00:00,27.5,67,4.4,277,0.0,979.1,35.0
2025-09-25 03:00:00,27.0,69,4.0,262,0.0,979.3,60.0
2025-09-25 04:00:00,26.4,72,5.2,266,0.0,979.5,90.0
2025-09-25 05:00:00,25.9,74,6.5,272,0.0,979.8,125.0
2025-09-25 06:00:00,26.0,75,8.9,277,0.0,980.6,150.0
2025-09-25 07:00:00,27.0,68,8.0,279,0.0,981.2,205.0
2025-09-25 08:00:00,29.2,57,7.6,282,0.0,981.8,305.0
2025-09-25 09:00:00,31.7,48,10.0,288,0.0,982.3,475.0
2025-09-25 10:00:00,33.7,41,11.9,295,0.0,982.2,755.0
2025-09-25 11:00:00,35.0,36,12.9,300,0.0,981.7,1185.0
2025-09-25 12:00:00,35.8,34,12.8,304,0.0,980.9,1380.0
2025-09-25 13:00:00,36.1,34,13.1,304,0.0,979.9,1415.0
2025-09-25 14:00:00,36.2,33,13.5,307,0.0,978.7,1390.0
2025-09-25 15:00:00,35.9,33,13.4,307,0.0,978.3,1385.0
2025-09-25 16:00:00,35.1,36,13.0,305,0.0,978.3,1250.0
2025-09-25 17:00:00,33.8,41,12.8,304,0.0,978.4,250.0
2025-09-25 18:00:00,33.0,44,9.9,305,0.0,979.5,80.0
2025-09-25 19:00:00,32.4,46,7.2,295,0.0,980.3,60.0
2025-09-25 20:00:00,31.7,50,6.9,298,0.0,980.8,60.0
2025-09-25 21:00:00,31.0,51,5.4,307,0.0,981.4,60.0
2025-09-25 22:00:00,30.4,52,5.6,310,0.0,981.0,65.0
2025-09-25 23:00:00,29.9,53,6.0,321,0.0,981.0,60.0
2025-09-26 00:00:00,29.3,54,5.1,324,0.0,980.8,55.0
2025-09-26 01:00:00,28.5,57,4.6,296,0.0,980.6,50.0
2025-09-26 02:00:00,27.6,61,4.9,272,0.0,980.6,50.0
2025-09-26 03:00:00,26.7,66,5.5,281,0.0,980.5,60.0
2025-09-26 04:00:00,26.2,69,5.0,285,0.0,980.8,65.0
2025-09-26 05:00:00,25.8,71,4.9,280,0.0,981.3,65.0
2025-09-26 06:00:00,26.7,76,6.7,308,0.0,982.0,75.0
2025-09-26 07:00:00,27.7,72,5.7,302,0.0,982.8,130.0
2025-09-26 08:00:00,29.8,62,6.5,309,0.0,983.0,240.0
2025-09-26 09:00:00,32.5,50,9.8,322,0.0,983.4,430.0
2025-09-26 10:00:00,34.4,40,14.0,325,0.0,983.2,870.0
2025-09-26 11:00:00,35.6,36,13.9,322,0.0,982.6,1130.0
2025-09-26 12:00:00,36.4,33,13.0,319,0.0,981.8,1250.0
2025-09-26 13:00:00,36.9,31,13.1,318,0.0,980.7,1330.0
2025-09-26 14:00:00,37.0,30,13.5,316,0.0,979.7,1345.0
2025-09-26 15:00:00,36.6,32,13.5,316,0.0,979.3,1365.0
2025-09-26 16:00:00,35.4,39,13.4,318,0.0,979.1,1305.0
2025-09-26 17:00:00,34.2,45,12.5,319,0.0,979.1,300.0
2025-09-26 18:00:00,33.5,49,10.0,321,0.0,980.1,110.0
2025-09-26 19:00:00,33.0,51,6.9,319,0.0,980.8,75.0
2025-09-26 20:00:00,32.3,55,5.6,315,0.0,981.8,60.0
2025-09-26 21:00:00,31.6,58,5.4,326,0.0,982.7,55.0
2025-09-26 22:00:00,31.0,59,5.3,325,0.0,982.8,50.0
2025-09-26 23:00:00,30.4,59,5.6,329,0.0,983.1,50.0
2025-09-27 00:00:00,29.6,61,4.6,339,0.0,983.0,45.0
2025-09-27 01:00:00,29.1,62,4.3,358,0.0,983.0,45.0
2025-09-27 02:00:00,28.7,63,4.3,2,0.0,982.7,50.0
2025-09-27 03:00:00,28.2,65,4.1,360,0.0,982.5,65.0
2025-09-27 04:00:00,27.8,67,5.1,343,0.0,982.7,70.0
2025-09-27 05:00:00,27.2,70,5.0,347,0.0,983.1,75.0
2025-09-27 06:00:00,28.1,73,4.3,5,0.0,983.9,60.0
2025-09-27 07:00:00,29.1,69,3.9,22,0.0,984.5,75.0
2025-09-27 08:00:00,31.3,60,3.3,22,0.0,985.0,140.0
2025-09-27 09:00:00,33.4,51,3.7,35,0.0,985.5,345.0
2025-09-27 10:00:00,35.0,44,3.5,55,0.0,985.4,755.0
2025-09-27 11:00:00,36.5,39,3.3,54,0.0,984.5,965.0
2025-09-27 12:00:00,37.7,35,3.8,87,0.0,983.7,1100.0
2025-09-27 13:00:00,38.6,33,4.7,94,0.0,982.4,1230.0
2025-09-27 14:00:00,38.7,32,6.1,78,0.0,981.4,1325.0
2025-09-27 15:00:00,37.3,35,3.3,68,0.0,981.3,1475.0
2025-09-27 16:00:00,36.0,38,4.2,130,0.0,981.4,630.0
2025-09-27 17:00:00,34.9,45,4.4,145,0.0,980.9,155.0
2025-09-27 18:00:00,34.5,45,3.6,70,0.1,982.0,55.0
2025-09-27 19:00:00,33.4,53,2.7,53,0.0,982.7,50.0
2025-09-27 20:00:00,33.0,56,1.0,149,0.0,983.2,50.0
2025-09-27 21:00:00,32.0,60,2.6,155,0.0,983.6,50.0
2025-09-27 22:00:00,31.3,65,3.1,144,0.0,983.5,65.0
2025-09-27 23:00:00,30.8,69,3.6,131,0.0,983.5,70.0
2025-09-28 00:00:00,30.4,71,3.4,115,0.0,983.1,70.0
2025-09-28 01:00:00,30.1,71,4.1,119,0.0,983.0,60.0
2025-09-28 02:00:00,29.6,72,5.0,111,0.0,982.8,55.0
2025-09-28 03:00:00,29.0,74,6.3,108,0.0,982.7,115.0
2025-09-28 04:00:00,28.6,76,7.7,115,0.0,983.3,145.0
2025-09-28 05:00:00,28.3,77,7.1,117,0.0,983.5,145.0
2025-09-28 06:00:00,29.3,75,7.8,138,0.0,984.2,160.0
2025-09-28 07:00:00,30.0,71,7.0,113,0.0,984.4,360.0
2025-09-28 08:00:00,31.2,66,10.0,108,0.0,984.9,700.0
2025-09-28 09:00:00,32.6,59,10.8,105,0.0,984.9,865.0
2025-09-28 10:00:00,34.2,50,12.4,99,0.0,984.7,1000.0
2025-09-28 11:00:00,35.4,43,13.5,99,0.0,984.2,1120.0
2025-09-28 12:00:00,36.0,41,13.3,99,0.0,983.2,1205.0
2025-09-28 13:00:00,36.3,42,11.9,95,0.0,982.1,1230.0
2025-09-28 14:00:00,36.5,41,11.3,92,0.0,980.7,1245.0
2025-09-28 15:00:00,36.3,42,10.4,89,0.0,979.8,1340.0
2025-09-28 16:00:00,35.7,44,9.6,96,0.0,979.7,1310.0
2025-09-28 17:00:00,34.7,48,9.7,105,0.0,979.8,355.0
2025-09-28 18:00:00,33.4,55,9.0,106,0.0,980.6,85.0
2025-09-28 19:00:00,32.8,58,8.5,108,0.0,981.1,60.0
2025-09-28 20:00:00,32.5,59,7.8,112,0.0,981.6,65.0
2025-09-28 21:00:00,32.0,62,7.3,101,0.0,981.8,90.0
2025-09-28 22:00:00,31.2,66,7.9,103,0.0,982.2,125.0
2025-09-28 23:00:00,30.5,70,6.8,112,0.0,981.9,165.0
2025-09-29 00:00:00,29.9,73,6.2,116,0.0,981.9,185.0
2025-09-29 01:00:00,29.4,74,6.8,112,0.0,981.6,170.0
2025-09-29 02:00:00,28.9,76,6.7,110,0.0,981.6,140.0
2025-09-29 03:00:00,28.5,78,6.5,114,0.0,981.6,135.0
2025-09-29 04:00:00,28.1,79,6.8,112,0.0,981.7,130.0
2025-09-29 05:00:00,27.8,81,6.9,104,0.0,982.2,100.0
2025-09-29 06:00:00,28.3,76,5.7,99,0.0,982.1,90.0
2025-09-29 07:00:00,29.0,74,5.7,103,0.0,982.6,210.0
2025-09-29 08:00:00,30.6,68,7.3,120,0.0,983.3,535.0
2025-09-29 09:00:00,32.4,58,8.4,130,0.0,983.4,795.0
2025-09-29 10:00:00,33.7,51,8.6,121,0.0,983.3,985.0
2025-09-29 11:00:00,34.8,45,8.1,114,0.0,982.4,1135.0
2025-09-29 12:00:00,35.5,41,7.4,122,0.0,981.7,1240.0
2025-09-29 13:00:00,36.1,40,6.1,120,0.0,980.7,1325.0
2025-09-29 14:00:00,36.2,39,5.8,120,0.0,979.3,1360.0
2025-09-29 15:00:00,36.3,39,5.6,123,0.0,978.4,1040.0
2025-09-29 16:00:00,35.9,39,6.5,129,0.1,977.9,620.0
2025-09-29 17:00:00,34.7,43,6.4,137,0.1,978.0,435.0
2025-09-29 18:00:00,34.0,46,7.4,135,0.0,979.2,95.0
2025-09-29 19:00:00,33.1,49,7.8,146,0.0,979.5,80.0
2025-09-29 20:00:00,32.3,52,5.5,142,0.0,979.9,90.0
2025-09-29 21:00:00,31.9,55,4.5,137,0.0,980.1,60.0
2025-09-29 22:00:00,31.3,58,4.8,153,0.0,980.1,45.0
2025-09-29 23:00:00,30.2,65,5.2,180,0.0,980.3,55.0
2025-09-30 00:00:00,29.4,71,3.4,205,0.0,980.0,75.0
2025-09-30 01:00:00,28.8,74,1.6,276,0.0,979.2,90.0
2025-09-30 02:00:00,28.6,75,2.4,306,0.0,978.4,50.0
2025-09-30 03:00:00,26.6,83,14.0,142,4.4,979.1,20.0
2025-09-30 04:00:00,24.4,93,6.7,234,3.6,979.1,15.0
2025-09-30 05:00:00,24.6,92,6.3,167,0.0,979.7,80.0
2025-09-30 06:00:00,27.3,81,1.8,191,0.0,980.8,150.0
2025-09-30 07:00:00,28.2,77,2.9,11,0.0,980.8,170.0
2025-09-30 08:00:00,29.7,71,0.7,90,0.0,981.2,240.0
2025-09-30 09:00:00,31.9,60,2.7,113,0.0,981.3,405.0
2025-09-30 10:00:00,33.4,52,3.4,87,0.0,981.0,580.0
2025-09-30 11:00:00,34.4,47,3.5,66,0.0,980.4,780.0
2025-09-30 12:00:00,34.8,45,5.2,84,0.0,979.6,970.0
2025-09-30 13:00:00,34.4,46,4.5,113,0.0,978.9,1075.0
2025-09-30 14:00:00,34.4,45,1.3,146,0.0,977.9,1120.0
2025-09-30 15:00:00,33.6,47,2.2,318,0.0,977.1,575.0
2025-09-30 16:00:00,33.3,48,3.2,322,0.0,976.8,480.0
2025-09-30 17:00:00,33.0,49,3.4,267,0.0,977.0,365.0
2025-09-30 18:00:00,32.5,52,5.8,248,0.0,977.7,285.0
2025-09-30 19:00:00,31.8,56,5.2,241,0.0,978.3,240.0
2025-09-30 20:00:00,31.1,61,4.8,214,0.0,978.9,205.0
2025-09-30 21:00:00,30.3,66,5.6,207,0.0,979.3,170.0
2025-09-30 22:00:00,29.8,69,5.6,211,0.0,979.4,100.0
2025-09-30 23:00:00,29.2,71,7.2,207,0.0,979.5,50.0
2025-10-01 00:00:00,28.8,72,7.0,212,0.0,979.2,40.0
2025-10-01 01:00:00,28.5,73,6.5,231,0.0,978.5,45.0
2025-10-01 02:00:00,28.0,74,6.6,253,0.0,977.7,30.0
2025-10-01 03:00:00,27.5,76,7.0,249,0.0,977.7,25.0
2025-10-01 04:00:00,27.1,78,5.5,253,0.0,977.7,45.0
2025-10-01 05:00:00,24.6,93,7.7,3,0.0,979.3,45.0
2025-10-01 06:00:00,24.5,91,3.2,43,0.0,979.5,40.0
2025-10-01 07:00:00,25.3,88,1.4,113,0.0,980.0,95.0
2025-10-01 08:00:00,27.0,81,1.0,31,0.0,980.8,335.0
2025-10-01 09:00:00,28.5,72,2.2,346,0.0,981.2,600.0
2025-10-01 10:00:00,29.9,65,1.9,343,0.0,981.1,755.0
2025-10-01 11:00:00,30.7,63,3.1,320,0.0,980.6,880.0
2025-10-01 12:00:00,32.1,58,1.7,342,0.1,980.1,970.0
2025-10-01 13:00:00,32.7,53,0.3,135,0.1,979.3,1015.0
2025-10-01 14:00:00,33.5,49,1.2,63,0.0,978.1,1105.0
2025-10-01 15:00:00,28.5,75,13.7,141,2.6,978.1,1050.0
2025-10-01 16:00:00,27.9,76,2.2,132,0.0,978.0,985.0
2025-10-01 17:00:00,27.8,74,3.8,329,0.0,977.9,285.0
2025-10-01 18:00:00,28.2,74,1.9,202,0.0,978.2,85.0
2025-10-01 19:00:00,28.2,77,4.3,156,0.0,979.0,75.0
2025-10-01 20:00:00,28.0,79,2.7,238,0.0,980.3,85.0
2025-10-01 21:00:00,27.9,80,2.3,176,0.0,980.9,100.0
2025-10-01 22:00:00,27.7,79,6.3,156,0.0,981.1,105.0
2025-10-01 23:00:00,26.4,83,8.5,174,0.0,981.3,115.0
2025-10-02 00:00:00,26.6,83,8.0,203,0.0,980.7,120.0
2025-10-02 01:00:00,26.5,82,5.6,209,0.0,980.3,120.0
2025-10-02 02:00:00,26.3,84,3.3,186,0.0,980.3,100.0
2025-10-02 03:00:00,26.2,85,2.3,151,0.0,980.5,85.0
2025-10-02 04:00:00,25.3,85,9.1,129,0.1,981.4,25.0
2025-10-02 05:00:00,24.4,90,2.6,309,0.0,981.1,25.0
2025-10-02 06:00:00,25.1,87,2.4,132,0.0,982.2,35.0
2025-10-02 07:00:00,26.4,80,2.2,99,0.0,983.1,95.0
2025-10-02 08:00:00,28.7,70,4.5,16,0.0,984.0,225.0
2025-10-02 09:00:00,30.3,63,4.1,41,0.0,984.3,495.0
2025-10-02 10:00:00,31.7,56,5.8,74,0.0,984.3,860.0
2025-10-02 11:00:00,31.1,56,6.4,108,0.0,984.3,1080.0
2025-10-02 12:00:00,32.4,51,8.5,95,0.0,984.1,1170.0
2025-10-02 13:00:00,32.3,52,7.2,86,0.2,983.7,1145.0
2025-10-02 14:00:00,31.6,55,7.4,93,0.3,982.9,800.0
2025-10-02 15:00:00,31.9,54,5.4,120,0.0,982.4,555.0
2025-10-02 16:00:00,31.5,50,8.3,132,0.3,982.4,510.0
2025-10-02 17:00:00,28.8,73,6.2,165,0.1,982.5,505.0
2025-10-02 18:00:00,28.0,72,8.1,155,0.0,983.3,95.0
2025-10-02 19:00:00,27.7,73,3.6,131,0.0,984.1,190.0
2025-10-02 20:00:00,27.8,73,4.3,92,0.0,984.8,230.0
2025-10-02 21:00:00,27.7,75,6.5,92,0.0,985.8,230.0
2025-10-02 22:00:00,27.3,79,7.5,105,0.0,986.1,245.0
2025-10-02 23:00:00,27.2,87,8.0,106,0.0,986.3,235.0
2025-10-03 00:00:00,26.5,91,4.8,119,0.0,986.4,245.0
2025-10-03 01:00:00,26.4,90,5.3,80,0.0,985.7,245.0
2025-10-03 02:00:00,25.9,93,5.5,71,0.0,985.5,255.0
2025-10-03 03:00:00,25.4,94,7.6,76,0.0,985.5,195.0
2025-10-03 04:00:00,25.0,94,5.7,79,0.0,985.3,215.0
2025-10-03 05:00:00,25.0,94,6.3,93,0.0,985.6,215.0
2025-10-03 06:00:00,25.1,94,4.7,81,0.0,985.9,195.0
2025-10-03 07:00:00,25.8,89,4.3,92,0.0,986.6,270.0
2025-10-03 08:00:00,27.4,79,4.9,88,0.0,987.3,400.0
2025-10-03 09:00:00,29.1,68,5.2,78,0.0,987.6,635.0
2025-10-03 10:00:00,30.5,60,5.6,73,0.0,987.8,860.0
2025-10-03 11:00:00,31.1,56,6.0,93,0.0,987.9,1025.0
2025-10-03 12:00:00,32.5,52,5.3,102,0.0,987.2,805.0
2025-10-03 13:00:00,33.2,49,4.7,97,0.0,986.2,1090.0
2025-10-03 14:00:00,33.6,48,5.2,78,0.0,985.1,1110.0
2025-10-03 15:00:00,33.5,47,6.8,72,0.0,984.3,1190.0
2025-10-03 16:00:00,32.5,50,8.2,71,0.0,983.9,220.0
2025-10-03 17:00:00,31.6,55,4.9,28,0.0,983.8,200.0
2025-10-03 18:00:00,31.1,57,4.8,45,0.0,984.6,95.0
2025-10-03 19:00:00,30.8,59,4.7,43,0.0,985.0,70.0
2025-10-03 20:00:00,30.3,63,4.8,53,0.0,985.9,55.0
2025-10-03 21:00:00,29.5,67,4.1,61,0.0,986.2,45.0
2025-10-03 22:00:00,28.8,73,2.4,73,0.0,986.3,35.0
2025-10-03 23:00:00,29.0,74,2.8,45,0.0,985.6,30.0
2025-10-04 00:00:00,29.0,74,3.4,47,0.0,985.6,25.0
2025-10-04 01:00:00,28.0,78,7.1,135,0.1,985.5,25.0
2025-10-04 02:00:00,27.0,83,3.7,169,0.0,985.3,25.0
2025-10-04 03:00:00,26.5,85,3.2,177,0.0,985.1,15.0
2025-10-04 04:00:00,26.3,86,2.0,270,0.0,985.0,25.0
2025-10-04 05:00:00,26.8,83,2.8,325,0.0,985.1,35.0
2025-10-04 06:00:00,27.0,81,3.0,303,0.0,985.7,50.0
2025-10-04 07:00:00,27.6,76,3.1,301,0.0,985.9,95.0
2025-10-04 08:00:00,29.5,64,3.7,299,0.0,986.3,270.0
2025-10-04 09:00:00,31.2,53,7.0,293,0.0,986.3,650.0
2025-10-04 10:00:00,32.6,47,9.0,292,0.0,985.6,870.0
2025-10-04 11:00:00,33.3,45,9.5,295,0.0,985.5,1100.0
2025-10-04 12:00:00,34.2,40,10.7,305,0.0,984.2,1275.0
2025-10-04 13:00:00,34.6,38,11.9,308,0.0,983.2,1280.0
2025-10-04 14:00:00,34.6,37,12.2,313,0.0,982.2,1310.0
2025-10-04 15:00:00,34.3,39,11.9,311,0.0,981.3,1285.0
2025-10-04 16:00:00,33.6,42,12.2,311,0.0,981.1,1175.0
2025-10-04 17:00:00,32.3,47,10.4,300,0.0,980.8,255.0
2025-10-04 18:00:00,31.3,52,7.5,287,0.0,981.0,70.0
2025-10-04 19:00:00,30.6,56,6.5,264,0.0,981.5,50.0
2025-10-04 20:00:00,30.3,57,6.1,275,0.0,982.5,45.0
2025-10-04 21:00:00,30.0,58,6.4,297,0.0,983.0,45.0
2025-10-04 22:00:00,29.1,62,6.5,283,0.0,983.2,45.0
2025-10-04 23:00:00,28.3,65,6.5,270,0.0,983.0,45.0
2025-10-05 00:00:00,27.6,67,6.7,278,0.0,982.6,45.0
2025-10-05 01:00:00,27.0,69,6.8,287,0.0,981.9,45.0
2025-10-05 02:00:00,26.4,70,7.0,273,0.0,981.4,50.0
2025-10-05 03:00:00,25.7,73,6.5,257,0.0,981.0,60.0
2025-10-05 04:00:00,25.2,76,6.3,257,0.0,981.4,80.0
2025-10-05 05:00:00,25.4,85,8.3,270,0.0,981.8,115.0
2025-10-05 06:00:00,25.6,82,8.4,279,0.0,982.9,175.0
2025-10-05 07:00:00,26.5,75,7.2,264,0.0,983.9,295.0
2025-10-05 08:00:00,28.4,64,8.9,264,0.0,984.5,435.0
2025-10-05 09:00:00,30.4,58,12.5,277,0.0,984.8,660.0
2025-10-05 10:00:00,31.8,51,12.6,298,0.1,985.0,920.0
2025-10-05 11:00:00,31.0,50,9.7,318,0.0,985.2,1080.0
2025-10-05 12:00:00,32.2,48,5.3,325,0.6,984.4,1125.0
2025-10-05 13:00:00,33.4,42,5.5,293,0.0,983.6,1145.0
2025-10-05 14:00:00,33.9,37,7.0,282,0.0,982.4,1190.0
2025-10-05 15:00:00,33.7,38,7.8,265,0.0,981.6,1000.0
2025-10-05 16:00:00,32.9,41,8.8,258,0.0,981.0,890.0
2025-10-05 17:00:00,32.4,44,7.3,277,0.0,980.7,165.0
2025-10-05 18:00:00,31.1,50,4.9,278,0.0,981.2,25.0
2025-10-05 19:00:00,30.4,57,3.3,283,0.0,981.8,15.0
2025-10-05 20:00:00,29.7,58,3.4,227,0.0,982.5,20.0
2025-10-05 21:00:00,28.9,60,4.4,218,0.0,983.1,30.0
2025-10-05 22:00:00,28.0,68,2.6,214,0.0,983.5,35.0
2025-10-05 23:00:00,23.7,82,14.0,223,0.0,985.4,45.0
2025-10-06 00:00:00,22.6,90,14.3,329,6.9,984.8,40.0
2025-10-06 01:00:00,22.8,91,6.2,253,0.0,984.9,40.0
2025-10-06 02:00:00,22.8,92,2.4,17,0.1,984.7,50.0
2025-10-06 03:00:00,22.9,91,0.2,270,0.2,984.4,105.0
2025-10-06 04:00:00,22.8,91,1.9,73,0.0,983.7,95.0
2025-10-06 05:00:00,24.2,83,1.4,130,0.0,983.6,130.0
2025-10-06 06:00:00,24.3,83,1.3,352,0.0,984.5,140.0
2025-10-06 07:00:00,25.0,76,1.7,72,0.0,984.7,140.0
2025-10-06 08:00:00,26.1,70,4.1,157,0.0,985.3,225.0
2025-10-06 09:00:00,26.1,70,3.5,192,0.0,985.7,250.0
2025-10-06 10:00:00,27.0,67,5.1,228,0.0,986.0,430.0
2025-10-06 11:00:00,29.2,52,9.3,209,0.0,986.4,655.0
2025-10-06 12:00:00,25.5,73,4.9,274,1.3,985.7,560.0
2025-10-06 13:00:00,24.8,81,7.1,285,1.8,986.0,400.0
2025-10-06 14:00:00,23.5,93,7.2,295,2.4,984.9,430.0
2025-10-06 15:00:00,24.5,86,7.8,296,0.7,984.4,335.0
2025-10-06 16:00:00,24.3,86,5.8,64,1.1,983.7,275.0
2025-10-06 17:00:00,23.6,90,9.5,65,0.1,983.5,260.0
2025-10-06 18:00:00,22.7,95,8.1,65,0.0,984.2,205.0
2025-10-06 19:00:00,22.7,94,8.5,83,0.0,984.6,165.0
2025-10-06 20:00:00,22.6,94,7.5,101,0.0,985.1,150.0
2025-10-06 21:00:00,22.4,96,8.4,115,0.0,985.3,115.0
2025-10-06 22:00:00,22.3,96,8.7,124,0.0,985.5,110.0
2025-10-06 23:00:00,22.6,96,6.6,99,0.0,985.6,135.0
2025-10-07 00:00:00,22.7,96,6.4,115,0.0,985.3,155.0
2025-10-07 01:00:00,22.1,97,1.5,83,0.0,984.9,150.0
2025-10-07 02:00:00,21.7,98,1.4,50,0.0,984.7,170.0
2025-10-07 03:00:00,22.1,98,5.0,92,0.0,984.5,175.0
2025-10-07 04:00:00,22.3,96,6.0,136,0.4,983.9,95.0
2025-10-07 05:00:00,22.1,97,7.2,155,0.0,984.0,85.0
2025-10-07 06:00:00,22.0,98,7.7,152,0.2,984.4,95.0
2025-10-07 07:00:00,22.5,92,7.9,197,0.5,985.7,125.0
2025-10-07 08:00:00,23.1,90,9.8,160,0.3,986.0,195.0
2025-10-07 09:00:00,24.3,85,8.5,153,0.1,986.3,415.0
2025-10-07 10:00:00,25.6,80,9.0,154,0.1,986.6,680.0
2025-10-07 11:00:00,26.9,68,6.6,163,0.1,986.4,920.0
2025-10-07 12:00:00,27.5,67,5.4,174,0.0,985.7,1030.0
2025-10-07 13:00:00,28.2,65,4.4,161,0.0,985.0,730.0
2025-10-07 14:00:00,28.5,63,6.4,162,0.0,984.2,810.0
2025-10-07 15:00:00,26.3,71,9.6,98,0.8,983.7,590.0
2025-10-07 16:00:00,25.7,74,5.5,161,0.0,983.7,260.0
2025-10-07 17:00:00,22.3,83,6.9,307,2.5,984.9,225.0
2025-10-07 18:00:00,21.9,87,5.8,81,0.2,984.6,150.0
2025-10-07 19:00:00,21.4,92,9.5,101,0.0,985.4,185.0
2025-10-07 20:00:00,21.1,93,6.6,106,0.0,986.2,230.0
2025-10-07 21:00:00,21.0,95,6.1,67,0.0,986.6,185.0
2025-10-07 22:00:00,20.7,96,2.3,157,0.0,986.7,130.0
2025-10-07 23:00:00,21.0,98,3.2,133,0.0,986.8,85.0
2025-10-08 00:00:00,21.1,98,3.2,161,0.0,986.5,80.0
2025-10-08 01:00:00,21.1,97,3.8,225,0.0,986.2,90.0
2025-10-08 02:00:00,21.0,97,5.2,245,0.0,985.8,65.0
2025-10-08 03:00:00,20.8,98,7.6,256,0.0,985.5,30.0
2025-10-08 04:00:00,20.6,98,4.7,298,0.0,985.5,30.0
2025-10-08 05:00:00,20.4,99,3.7,313,0.0,986.1,35.0
2025-10-08 06:00:00,20.7,97,4.5,337,0.0,986.8,40.0
2025-10-08 07:00:00,21.3,94,5.0,325,0.0,987.0,90.0
2025-10-08 08:00:00,22.3,86,5.1,312,0.0,987.8,280.0
2025-10-08 09:00:00,23.2,84,5.9,315,0.0,988.6,500.0
2025-10-08 10:00:00,24.1,80,2.6,344,0.0,988.8,700.0
2025-10-08 11:00:00,24.9,76,1.5,339,0.0,988.6,845.0
2025-10-08 12:00:00,25.7,70,0.4,243,0.0,987.7,935.0
2025-10-08 13:00:00,25.7,67,2.8,252,0.0,986.6,975.0
2025-10-08 14:00:00,24.5,71,9.2,321,0.1,986.0,985.0
2025-10-08 15:00:00,23.6,77,7.7,339,0.1,985.5,870.0
2025-10-08 16:00:00,24.2,76,5.1,328,0.0,985.3,740.0
2025-10-08 17:00:00,24.0,81,4.5,358,0.0,985.6,115.0
2025-10-08 18:00:00,23.7,82,5.7,302,0.0,985.9,295.0
2025-10-08 19:00:00,23.4,82,5.5,316,0.0,986.5,245.0
2025-10-08 20:00:00,22.8,83,4.8,315,0.0,987.1,170.0
2025-10-08 21:00:00,22.0,86,3.9,338,0.0,987.4,125.0
2025-10-08 22:00:00,21.4,88,2.9,330,0.0,987.8,85.0
2025-10-08 23:00:00,21.8,89,4.0,309,0.0,988.5,155.0
2025-10-09 00:00:00,22.0,89,4.7,286,0.0,988.7,130.0
2025-10-09 01:00:00,21.7,91,5.6,287,0.0,988.2,130.0
2025-10-09 02:00:00,21.4,92,5.0,296,0.0,988.1,125.0
2025-10-09 03:00:00,21.1,93,4.4,300,0.0,988.3,120.0
2025-10-09 04:00:00,20.7,94,4.1,311,0.0,988.5,125.0
2025-10-09 05:00:00,20.6,92,4.7,286,0.0,988.8,110.0
2025-10-09 06:00:00,20.8,92,5.0,308,0.0,989.4,130.0
2025-10-09 07:00:00,21.4,91,5.6,310,0.0,989.8,195.0
2025-10-09 08:00:00,22.7,88,5.1,315,0.0,990.4,285.0
2025-10-09 09:00:00,24.2,83,7.4,347,0.1,990.9,560.0
2025-10-09 10:00:00,25.0,78,8.7,353,0.2,990.7,560.0
2025-10-09 11:00:00,26.4,68,8.7,315,0.1,990.3,880.0
2025-10-09 12:00:00,27.5,58,8.5,318,0.0,989.6,1195.0
2025-10-09 13:00:00,28.2,50,7.7,323,0.0,988.9,1485.0
2025-10-09 14:00:00,28.2,49,8.3,316,0.0,987.8,1660.0
2025-10-09 15:00:00,28.0,49,8.4,318,0.0,987.2,1610.0
2025-10-09 16:00:00,27.4,53,7.1,319,0.0,987.0,1425.0
2025-10-09 17:00:00,26.3,61,6.8,287,0.0,986.7,300.0
2025-10-09 18:00:00,24.6,66,6.6,292,0.0,987.0,175.0
2025-10-09 19:00:00,23.8,68,7.5,285,0.0,987.6,170.0
2025-10-09 20:00:00,23.1,69,8.6,285,0.0,988.0,200.0
2025-10-09 21:00:00,22.5,70,8.6,286,0.0,987.9,185.0
2025-10-09 22:00:00,21.8,73,7.8,296,0.0,988.0,170.0
2025-10-09 23:00:00,21.8,79,7.9,294,0.0,988.2,170.0
2025-10-10 00:00:00,21.5,80,7.4,292,0.0,988.1,160.0
2025-10-10 01:00:00,21.0,81,6.7,289,0.0,987.8,140.0
2025-10-10 02:00:00,20.6,82,6.1,293,0.0,987.4,125.0
2025-10-10 03:00:00,20.1,83,5.6,285,0.0,987.1,110.0
2025-10-10 04:00:00,19.5,85,5.2,274,0.0,987.0,90.0
2025-10-10 05:00:00,19.4,89,5.1,280,0.0,987.5,85.0
2025-10-10 06:00:00,19.5,89,4.6,283,0.0,987.7,85.0
2025-10-10 07:00:00,20.5,86,6.1,282,0.0,988.1,115.0
2025-10-10 08:00:00,22.1,81,4.2,280,0.0,988.9,175.0
2025-10-10 09:00:00,24.0,75,4.4,279,0.0,989.2,285.0
2025-10-10 10:00:00,25.7,65,5.2,290,0.0,989.1,835.0
2025-10-10 11:00:00,27.0,56,5.6,297,0.0,989.2,1180.0
2025-10-10 12:00:00,27.8,51,4.8,299,0.0,988.6,1435.0
2025-10-10 13:00:00,28.3,46,4.7,302,0.0,987.8,1650.0
2025-10-10 14:00:00,28.5,43,5.0,305,0.0,986.8,1700.0
2025-10-10 15:00:00,28.4,43,5.4,307,0.0,986.3,1705.0
2025-10-10 16:00:00,27.8,48,4.7,310,0.0,986.2,1675.0
2025-10-10 17:00:00,26.3,55,5.0,311,0.0,986.3,200.0
2025-10-10 18:00:00,24.4,61,5.7,314,0.0,986.3,145.0
2025-10-10 19:00:00,23.3,67,5.1,318,0.0,986.6,90.0
2025-10-10 20:00:00,23.0,66,2.7,337,0.0,986.7,40.0
2025-10-10 21:00:00,22.5,68,2.2,346,0.0,986.8,30.0
2025-10-10 22:00:00,22.4,67,0.5,225,0.0,986.9,10.0
2025-10-10 23:00:00,21.8,73,1.0,248,0.0,986.9,15.0
2025-10-11 00:00:00,21.4,74,1.5,256,0.0,986.9,15.0
2025-10-11 01:00:00,20.5,79,3.2,270,0.0,986.5,25.0
2025-10-11 02:00:00,19.9,82,4.1,257,0.0,986.4,35.0
2025-10-11 03:00:00,19.6,82,4.4,249,0.0,986.3,40.0
2025-10-11 04:00:00,19.2,83,4.5,256,0.0,986.4,45.0
2025-10-11 05:00:00,19.4,88,5.0,268,0.0,986.9,65.0
2025-10-11 06:00:00,19.9,85,5.1,276,0.0,987.4,75.0
2025-10-11 07:00:00,20.8,83,6.4,278,0.0,988.0,90.0
2025-10-11 08:00:00,22.7,78,4.0,278,0.0,988.8,135.0
2025-10-11 09:00:00,25.0,68,4.7,286,0.0,989.2,305.0
2025-10-11 10:00:00,26.6,58,6.0,299,0.0,989.2,1085.0
2025-10-11 11:00:00,27.2,53,6.7,279,0.0,989.0,1400.0
2025-10-11 12:00:00,28.0,50,6.1,293,0.0,988.4,1550.0
2025-10-11 13:00:00,28.8,47,6.0,309,0.0,987.7,1780.0
2025-10-11 14:00:00,29.0,44,7.3,314,0.0,986.9,1895.0
2025-10-11 15:00:00,28.8,44,9.3,323,0.0,986.2,1750.0
2025-10-11 16:00:00,27.9,50,9.2,327,0.0,986.2,1205.0
2025-10-11 17:00:00,27.0,59,4.5,268,0.0,986.1,170.0
2025-10-11 18:00:00,25.3,65,5.9,258,0.0,986.0,105.0
2025-10-11 19:00:00,24.4,67,6.6,257,0.0,986.4,125.0
2025-10-11 20:00:00,23.7,69,6.9,256,0.0,986.8,140.0
2025-10-11 21:00:00,23.0,70,7.1,260,0.0,986.8,130.0
2025-10-11 22:00:00,22.5,72,7.0,280,0.0,986.8,145.0
2025-10-11 23:00:00,23.2,73,8.1,302,0.0,987.1,215.0
2025-10-12 00:00:00,23.1,73,6.0,311,0.0,987.0,175.0
2025-10-12 01:00:00,22.3,77,4.5,293,0.0,986.2,115.0
2025-10-12 02:00:00,21.6,78,4.9,287,0.0,986.1,105.0
2025-10-12 03:00:00,21.0,78,4.9,287,0.0,985.8,95.0
2025-10-12 04:00:00,20.5,79,5.4,290,0.0,985.8,95.0
2025-10-12 05:00:00,20.6,86,5.4,310,0.0,986.4,115.0
2025-10-12 06:00:00,21.0,84,5.0,314,0.0,987.1,120.0
2025-10-12 07:00:00,22.1,79,6.3,305,0.0,987.7,140.0
2025-10-12 08:00:00,23.7,75,4.2,301,0.0,988.3,195.0
2025-10-12 09:00:00,25.6,68,4.2,301,0.0,988.7,315.0
2025-10-12 10:00:00,27.5,59,5.3,315,0.0,988.4,730.0
2025-10-12 11:00:00,29.0,49,6.5,304,0.0,988.3,1370.0
2025-10-12 12:00:00,30.1,42,6.9,307,0.0,987.6,1715.0
2025-10-12 13:00:00,30.6,39,8.5,314,0.0,986.7,1885.0
2025-10-12 14:00:00,30.7,38,9.7,320,0.0,986.1,1920.0
2025-10-12 15:00:00,30.3,39,9.9,325,0.0,985.7,1840.0
2025-10-12 16:00:00,29.6,43,8.5,328,0.0,985.8,1690.0
2025-10-12 17:00:00,28.0,48,6.5,316,0.0,985.6,375.0
2025-10-12 18:00:00,26.3,56,5.5,302,0.0,986.0,200.0
2025-10-12 19:00:00,25.5,61,5.5,281,0.0,986.4,130.0
2025-10-12 20:00:00,25.0,63,6.5,273,0.0,986.9,140.0
2025-10-12 21:00:00,24.4,65,6.7,276,0.0,987.2,130.0
2025-10-12 22:00:00,23.4,69,5.8,290,0.0,987.0,110.0
2025-10-12 23:00:00,22.9,74,5.3,315,0.0,987.5,120.0
2025-10-13 00:00:00,22.9,73,4.8,329,0.0,987.1,115.0
2025-10-13 01:00:00,22.3,74,4.8,318,0.0,986.7,105.0
2025-10-13 02:00:00,22.1,73,4.0,321,0.0,986.6,85.0
2025-10-13 03:00:00,21.9,72,3.9,338,0.0,986.3,65.0
2025-10-13 04:00:00,21.6,72,3.7,313,0.0,986.4,55.0
2025-10-13 05:00:00,20.4,85,4.2,277,0.0,986.9,45.0
2025-10-13 06:00:00,20.5,86,3.5,291,0.0,987.6,40.0
2025-10-13 07:00:00,21.8,81,4.0,280,0.0,988.4,55.0
2025-10-13 08:00:00,23.8,73,2.7,290,0.0,989.3,130.0
2025-10-13 09:00:00,26.1,63,2.8,310,0.0,989.8,280.0
2025-10-13 10:00:00,28.3,52,3.3,324,0.0,989.8,990.0
2025-10-13 11:00:00,29.7,41,3.9,326,0.0,989.5,1675.0
2025-10-13 12:00:00,30.9,36,3.8,315,0.0,988.7,1865.0
2025-10-13 13:00:00,31.5,34,3.7,305,0.0,988.3,1975.0
2025-10-13 14:00:00,31.7,33,3.9,304,0.0,987.3,2130.0
2025-10-13 15:00:00,31.6,33,4.5,307,0.0,986.8,2145.0
2025-10-13 16:00:00,30.9,34,5.4,312,0.0,986.5,2150.0
2025-10-13 17:00:00,28.7,53,2.7,318,0.0,986.9,190.0
2025-10-13 18:00:00,27.4,53,1.4,337,0.0,987.2,70.0
2025-10-13 19:00:00,27.0,54,0.4,297,0.0,987.7,20.0
2025-10-13 20:00:00,26.2,55,0.4,207,0.0,988.0,20.0
2025-10-13 21:00:00,25.2,59,1.7,193,0.0,988.1,35.0
2025-10-13 22:00:00,24.1,63,3.4,196,0.0,987.9,35.0
2025-10-13 23:00:00,23.1,73,4.0,207,0.0,987.8,30.0
2025-10-14 00:00:00,22.9,73,3.5,294,0.0,987.6,35.0
2025-10-14 01:00:00,23.0,70,1.8,281,0.0,987.1,35.0
2025-10-14 02:00:00,22.4,71,3.8,287,0.0,986.4,70.0
2025-10-14 03:00:00,21.8,70,4.7,293,0.0,985.9,90.0
2025-10-14 04:00:00,21.2,72,4.8,307,0.0,985.6,90.0
2025-10-14 05:00:00,21.1,78,4.2,295,0.0,985.8,65.0
2025-10-14 06:00:00,21.3,80,3.1,291,0.0,986.3,45.0
2025-10-14 07:00:00,22.8,73,3.8,265,0.0,986.9,45.0
2025-10-14 08:00:00,25.1,65,2.4,261,0.0,987.8,115.0
2025-10-14 09:00:00,27.7,52,2.2,279,0.0,988.3,470.0
2025-10-14 10:00:00,29.6,36,3.6,297,0.0,988.6,1420.0
2025-10-14 11:00:00,30.3,33,5.0,283,0.0,988.4,1570.0
2025-10-14 12:00:00,31.3,31,4.8,285,0.0,987.8,1700.0
2025-10-14 13:00:00,31.9,29,5.1,287,0.0,987.1,1940.0
2025-10-14 14:00:00,32.0,29,5.0,296,0.0,986.2,1975.0
2025-10-14 15:00:00,31.8,29,5.1,309,0.0,985.7,1990.0
2025-10-14 16:00:00,31.1,30,4.9,324,0.0,985.8,1975.0
2025-10-14 17:00:00,29.5,33,2.9,7,0.0,986.2,170.0
2025-10-14 18:00:00,27.9,45,1.3,56,0.0,986.4,155.0
2025-10-14 19:00:00,27.4,45,0.8,117,0.0,986.9,130.0
2025-10-14 20:00:00,26.7,47,1.2,141,0.0,987.2,80.0
2025-10-14 21:00:00,25.9,50,1.6,153,0.0,987.2,70.0
2025-10-14 22:00:00,25.6,50,0.9,169,0.0,987.1,65.0
2025-10-14 23:00:00,25.0,59,0.9,191,0.0,987.1,15.0
2025-10-15 00:00:00,24.6,60,0.7,194,0.0,986.7,15.0
2025-10-15 01:00:00,24.3,59,1.1,180,0.0,986.3,15.0
2025-10-15 02:00:00,24.3,59,0.7,166,0.0,985.9,15.0
2025-10-15 03:00:00,23.9,60,0.4,117,0.0,985.6,30.0
2025-10-15 04:00:00,23.2,62,0.2,360,0.0,985.4,55.0
2025-10-15 05:00:00,21.8,73,2.2,294,0.0,985.9,55.0
2025-10-15 06:00:00,21.2,77,3.4,252,0.0,986.6,40.0
2025-10-15 07:00:00,22.6,71,4.0,243,0.0,987.6,35.0
2025-10-15 08:00:00,25.0,61,2.3,288,0.0,988.5,100.0
2025-10-15 09:00:00,27.5,50,2.2,284,0.0,989.2,305.0
2025-10-15 10:00:00,29.6,35,2.9,277,0.0,989.1,1700.0
2025-10-15 11:00:00,30.5,31,4.9,276,0.0,988.7,2080.0
2025-10-15 12:00:00,31.3,28,5.2,274,0.0,988.1,2140.0
2025-10-15 13:00:00,31.8,28,5.4,270,0.0,987.3,2220.0
2025-10-15 14:00:00,31.9,28,5.8,270,0.0,986.4,2245.0
2025-10-15 15:00:00,31.6,28,6.0,279,0.0,986.2,2240.0
2025-10-15 16:00:00,30.9,29,6.0,297,0.0,986.0,2180.0
2025-10-15 17:00:00,29.5,33,3.6,357,0.0,986.0,295.0
2025-10-15 18:00:00,27.5,46,2.3,32,0.0,986.4,95.0
2025-10-15 19:00:00,27.2,48,0.4,180,0.0,986.7,25.0
2025-10-15 20:00:00,26.4,46,0.6,124,0.0,987.0,60.0
2025-10-15 21:00:00,25.7,48,1.2,63,0.0,986.9,50.0
2025-10-15 22:00:00,25.4,48,1.5,111,0.0,986.8,55.0
2025-10-15 23:00:00,24.2,58,2.3,180,0.0,986.6,25.0
2025-10-16 00:00:00,23.1,64,3.5,208,0.0,986.3,25.0
2025-10-16 01:00:00,22.2,67,3.9,242,0.0,986.0,25.0
2025-10-16 02:00:00,21.3,71,4.0,270,0.0,985.6,30.0
2025-10-16 03:00:00,20.8,70,4.7,254,0.0,985.5,40.0
2025-10-16 04:00:00,20.3,70,4.9,274,0.0,985.4,55.0
2025-10-16 05:00:00,20.2,75,4.8,281,0.0,986.0,65.0
2025-10-16 06:00:00,20.5,72,4.3,270,0.0,986.6,55.0
2025-10-16 07:00:00,22.0,65,5.8,263,0.0,987.3,50.0
2025-10-16 08:00:00,24.6,57,3.6,276,0.0,988.0,90.0
2025-10-16 09:00:00,27.5,46,3.5,305,0.0,988.7,285.0
2025-10-16 10:00:00,29.4,38,4.2,306,0.0,988.9,1510.0
2025-10-16 11:00:00,30.3,34,5.3,308,0.0,988.4,1585.0
2025-10-16 12:00:00,31.1,32,5.4,310,0.0,987.5,1565.0
2025-10-16 13:00:00,31.5,32,5.5,306,0.0,986.8,1735.0
2025-10-16 14:00:00,31.7,32,5.8,304,0.0,985.9,1745.0
2025-10-16 15:00:00,31.4,33,6.3,305,0.0,985.7,1745.0
2025-10-16 16:00:00,30.7,35,6.9,309,0.0,985.6,1760.0
2025-10-16 17:00:00,29.5,36,5.7,288,0.0,985.9,470.0
2025-10-16 18:00:00,28.0,42,3.8,315,0.0,986.1,225.0
2025-10-16 19:00:00,27.0,50,3.5,336,0.0,986.8,130.0
2025-10-16 20:00:00,26.7,51,1.7,328,0.0,987.4,75.0
2025-10-16 21:00:00,26.4,53,0.9,323,0.0,987.8,75.0
2025-10-16 22:00:00,26.0,54,0.4,153,0.0,987.8,55.0
2025-10-16 23:00:00,25.8,56,0.6,342,0.0,987.5,75.0
2025-10-17 00:00:00,25.2,56,0.8,297,0.0,987.6,65.0
2025-10-17 01:00:00,24.0,59,1.9,236,0.0,987.2,40.0
2025-10-17 02:00:00,22.3,66,3.7,241,0.0,987.0,35.0
2025-10-17 03:00:00,21.1,71,4.4,258,0.0,986.9,35.0
2025-10-17 04:00:00,20.4,74,4.8,259,0.0,986.9,45.0
2025-10-17 05:00:00,20.7,77,6.3,267,0.0,987.6,70.0
2025-10-17 06:00:00,20.8,77,4.7,279,0.0,988.4,60.0
2025-10-17 07:00:00,22.0,71,5.4,284,0.0,989.2,65.0
2025-10-17 08:00:00,24.4,61,3.4,288,0.0,989.9,125.0
2025-10-17 09:00:00,27.2,50,3.5,298,0.0,990.4,265.0
2025-10-17 10:00:00,29.5,45,4.0,321,0.0,990.2,1095.0
2025-10-17 11:00:00,30.6,39,5.9,315,0.0,989.9,1520.0
2025-10-17 12:00:00,31.5,37,5.4,320,0.0,989.0,1665.0
2025-10-17 13:00:00,32.1,36,5.7,325,0.0,988.2,1860.0
2025-10-17 14:00:00,32.3,35,5.7,332,0.0,987.1,1995.0
2025-10-17 15:00:00,32.1,35,5.5,341,0.0,986.7,2030.0
2025-10-17 16:00:00,31.4,36,6.2,350,0.0,986.5,1975.0
2025-10-17 17:00:00,30.1,39,4.7,332,0.0,986.7,545.0
2025-10-17 18:00:00,28.4,49,3.2,313,0.0,987.1,240.0
2025-10-17 19:00:00,27.5,53,3.2,286,0.0,987.5,155.0
2025-10-17 20:00:00,27.0,55,2.5,274,0.0,987.9,105.0
2025-10-17 21:00:00,26.2,55,2.2,246,0.0,987.9,55.0
2025-10-17 22:00:00,25.1,57,3.9,257,0.0,988.0,60.0
2025-10-17 23:00:00,24.8,62,4.1,241,0.0,987.9,65.0
2025-10-18 00:00:00,24.6,63,3.6,273,0.0,987.5,55.0
2025-10-18 01:00:00,23.9,65,4.2,306,0.0,987.5,55.0
2025-10-18 02:00:00,23.2,69,3.7,284,0.0,987.0,45.0
2025-10-18 03:00:00,22.5,71,3.8,281,0.0,986.9,40.0
2025-10-18 04:00:00,21.7,75,3.5,279,0.0,987.2,40.0
2025-10-18 05:00:00,21.7,80,4.4,258,0.0,987.5,55.0
2025-10-18 06:00:00,21.6,79,4.7,272,0.0,988.1,70.0
2025-10-18 07:00:00,22.4,75,4.9,262,0.0,988.7,90.0
2025-10-18 08:00:00,24.6,64,3.1,263,0.0,989.5,135.0
2025-10-18 09:00:00,27.4,52,3.4,270,0.0,990.0,300.0
2025-10-18 10:00:00,29.6,44,3.8,273,0.0,989.9,925.0
2025-10-18 11:00:00,30.9,38,3.4,286,0.0,989.5,1645.0
2025-10-18 12:00:00,32.2,34,2.2,279,0.0,988.5,2130.0
2025-10-18 13:00:00,32.9,31,1.5,225,0.0,987.3,2380.0
2025-10-18 14:00:00,33.2,30,2.2,194,0.0,986.2,2475.0
2025-10-18 15:00:00,33.2,29,3.8,163,0.0,985.6,2510.0
2025-10-18 16:00:00,32.4,30,5.5,153,0.0,985.6,2345.0
2025-10-18 17:00:00,30.8,32,1.3,146,0.0,985.9,100.0
2025-10-18 18:00:00,28.7,44,2.3,219,0.0,986.2,110.0
2025-10-18 19:00:00,28.1,50,1.7,229,0.0,986.7,80.0
2025-10-18 20:00:00,27.6,51,1.5,315,0.0,987.1,80.0
2025-10-18 21:00:00,27.1,53,1.3,304,0.0,987.2,45.0
2025-10-18 22:00:00,27.2,55,0.7,284,0.0,987.3,30.0
2025-10-18 23:00:00,26.9,56,0.9,349,0.0,987.1,60.0
2025-10-19 00:00:00,25.8,59,1.1,270,0.0,986.8,50.0
2025-10-19 01:00:00,24.8,63,1.5,263,0.0,986.4,40.0
2025-10-19 02:00:00,23.9,67,1.5,240,0.0,986.2,30.0
2025-10-19 03:00:00,23.2,69,2.6,214,0.0,986.1,30.0
2025-10-19 04:00:00,23.3,70,0.6,236,0.0,986.2,15.0
2025-10-19 05:00:00,23.0,76,1.8,24,0.0,986.7,40.0
2025-10-19 06:00:00,23.7,72,0.9,37,0.0,987.3,40.0
2025-10-19 07:00:00,24.6,68,2.7,132,0.0,988.2,60.0
2025-10-19 08:00:00,26.4,61,2.3,184,0.0,988.9,120.0
2025-10-19 09:00:00,28.8,50,1.6,207,0.0,989.6,395.0
2025-10-19 10:00:00,30.6,40,2.0,225,0.0,989.5,1340.0
2025-10-19 11:00:00,31.4,37,2.3,238,0.0,988.8,1840.0
2025-10-19 12:00:00,32.7,34,1.7,238,0.0,988.2,2140.0
2025-10-19 13:00:00,33.3,32,1.3,188,0.0,987.4,2335.0
2025-10-19 14:00:00,33.6,30,2.8,145,0.0,986.2,2490.0
2025-10-19 15:00:00,33.5,29,6.5,141,0.0,985.5,2515.0
2025-10-19 16:00:00,32.3,32,10.1,136,0.0,985.1,2105.0
2025-10-19 17:00:00,30.5,38,2.4,48,0.0,985.3,305.0
2025-10-19 18:00:00,29.0,51,0.9,307,0.0,985.8,45.0
2025-10-19 19:00:00,28.3,52,1.8,307,0.0,986.1,125.0
2025-10-19 20:00:00,27.5,52,3.1,336,0.0,986.3,120.0
2025-10-19 21:00:00,27.0,52,2.4,343,0.0,986.3,95.0
2025-10-19 22:00:00,26.7,54,1.0,329,0.0,986.7,55.0
2025-10-19 23:00:00,26.5,57,0.8,45,0.0,986.3,25.0
2025-10-20 00:00:00,26.2,55,0.4,207,0.0,986.3,10.0
2025-10-20 01:00:00,26.0,55,0.3,225,0.0,986.1,10.0
2025-10-20 02:00:00,26.0,54,0.6,108,0.0,986.0,35.0
2025-10-20 03:00:00,25.2,56,0.3,225,0.0,986.1,60.0
2025-10-20 04:00:00,24.0,60,2.5,300,0.0,986.0,70.0
2025-10-20 05:00:00,22.9,72,3.4,254,0.0,986.9,55.0
2025-10-20 06:00:00,22.8,74,1.8,246,0.0,987.3,35.0
2025-10-20 07:00:00,24.1,67,1.5,210,0.0,988.3,35.0
2025-10-20 08:00:00,26.2,58,1.5,135,0.0,988.9,125.0
2025-10-20 09:00:00,28.7,48,2.3,108,0.0,989.7,330.0
2025-10-20 10:00:00,30.5,40,3.9,114,0.0,989.4,1335.0
2025-10-20 11:00:00,31.6,35,5.8,112,0.0,988.9,2270.0
2025-10-20 12:00:00,32.8,31,7.1,109,0.0,988.3,2530.0
2025-10-20 13:00:00,33.1,30,8.0,110,0.0,987.5,2610.0
2025-10-20 14:00:00,33.0,29,8.3,112,0.0,986.4,2490.0
2025-10-20 15:00:00,32.6,30,8.2,112,0.0,985.9,2370.0
2025-10-20 16:00:00,32.1,30,8.0,117,0.0,985.9,2010.0
2025-10-20 17:00:00,30.7,36,8.5,84,0.0,985.8,1140.0
2025-10-20 18:00:00,29.6,41,4.3,62,0.0,986.4,580.0
2025-10-20 19:00:00,28.7,47,3.5,39,0.0,987.1,325.0
2025-10-20 20:00:00,28.0,51,3.3,41,0.0,987.2,220.0
2025-10-20 21:00:00,27.3,55,3.1,45,0.0,987.5,180.0
2025-10-20 22:00:00,26.5,57,3.2,71,0.0,987.7,155.0
2025-10-20 23:00:00,25.6,64,3.9,74,0.0,987.7,120.0
2025-10-21 00:00:00,24.8,68,3.4,90,0.0,987.5,95.0
2025-10-21 01:00:00,24.2,71,3.5,105,0.0,987.7,85.0
2025-10-21 02:00:00,23.6,74,3.5,99,0.0,987.7,70.0
2025-10-21 03:00:00,23.2,77,3.3,112,0.0,987.9,65.0
2025-10-21 04:00:00,22.7,79,3.3,131,0.0,987.8,60.0
2025-10-21 05:00:00,23.2,78,5.8,112,0.0,988.3,95.0
2025-10-21 06:00:00,23.8,77,4.1,165,0.0,989.0,135.0
2025-10-21 07:00:00,24.1,74,3.6,273,0.0,989.8,145.0
2025-10-21 08:00:00,25.9,64,2.6,168,0.0,990.7,175.0
2025-10-21 09:00:00,28.3,52,3.8,180,0.0,990.9,605.0
2025-10-21 10:00:00,30.1,43,4.9,156,0.0,990.8,1480.0
2025-10-21 11:00:00,30.3,40,7.0,132,0.0,990.2,1725.0
2025-10-21 12:00:00,30.4,39,5.4,146,0.1,989.5,1680.0
2025-10-21 13:00:00,30.4,39,7.1,146,0.1,988.8,1730.0
2025-10-21 14:00:00,30.1,40,7.0,148,0.1,987.9,1585.0
2025-10-21 15:00:00,29.9,41,5.6,165,0.1,987.5,1540.0
2025-10-21 16:00:00,29.3,42,6.0,177,0.0,987.4,985.0
2025-10-21 17:00:00,30.1,37,2.9,248,0.0,987.0,1550.0
2025-10-21 18:00:00,29.2,42,5.3,298,0.0,987.6,710.0
2025-10-21 19:00:00,28.2,49,4.6,342,0.0,988.1,290.0
2025-10-21 20:00:00,27.5,54,5.1,45,0.0,988.6,185.0
2025-10-21 21:00:00,26.6,59,5.2,65,0.0,988.6,155.0
2025-10-21 22:00:00,25.7,65,1.8,53,0.0,988.7,80.0
2025-10-21 23:00:00,25.9,67,0.7,166,0.0,988.7,15.0
2025-10-22 00:00:00,25.6,69,0.5,90,0.0,988.5,15.0
2025-10-22 01:00:00,25.2,69,1.0,45,0.0,988.7,80.0
2025-10-22 02:00:00,25.0,74,0.6,18,0.0,988.8,115.0
2025-10-22 03:00:00,24.7,75,0.0,270,0.0,988.7,120.0
2025-10-22 04:00:00,24.0,77,1.2,321,0.0,988.8,100.0
2025-10-22 05:00:00,23.8,85,0.9,143,0.0,988.6,40.0
2025-10-22 06:00:00,23.5,87,0.5,225,0.0,989.3,15.0
2025-10-22 07:00:00,24.1,84,3.9,292,0.0,990.2,70.0
2025-10-22 08:00:00,25.7,75,3.6,303,0.0,990.9,135.0
2025-10-22 09:00:00,28.2,61,3.9,304,0.0,991.3,355.0
2025-10-22 10:00:00,30.2,46,4.1,299,0.0,991.2,1280.0
2025-10-22 11:00:00,30.8,46,6.8,299,0.0,990.7,1675.0
2025-10-22 12:00:00,31.4,40,6.6,305,0.0,989.5,1630.0
2025-10-22 13:00:00,32.0,35,6.6,292,0.0,988.6,1865.0
2025-10-22 14:00:00,32.1,31,7.3,286,0.0,987.6,1855.0
2025-10-22 15:00:00,31.9,30,8.1,291,0.0,986.9,1885.0
2025-10-22 16:00:00,31.2,32,9.2,301,0.0,986.8,1835.0
2025-10-22 17:00:00,30.3,32,9.0,296,0.0,986.6,570.0
2025-10-22 18:00:00,29.5,32,8.8,311,0.0,987.1,495.0
2025-10-22 19:00:00,28.8,32,6.0,314,0.0,987.8,265.0
2025-10-22 20:00:00,27.8,34,5.1,309,0.0,988.3,160.0
2025-10-22 21:00:00,26.9,38,5.6,291,0.0,988.6,120.0
2025-10-22 22:00:00,25.8,43,5.2,301,0.0,988.4,100.0
2025-10-22 23:00:00,25.0,52,4.4,308,0.0,988.5,120.0
2025-10-23 00:00:00,24.6,52,5.4,300,0.0,988.5,120.0
2025-10-23 01:00:00,24.0,51,6.1,302,0.0,988.3,110.0
2025-10-23 02:00:00,23.3,51,5.6,295,0.0,987.8,100.0
2025-10-23 03:00:00,22.6,53,5.6,285,0.0,987.6,90.0
2025-10-23 04:00:00,22.0,54,5.0,300,0.0,987.6,85.0
2025-10-23 05:00:00,21.6,64,4.8,281,0.0,987.9,80.0
2025-10-23 06:00:00,21.2,68,4.8,295,0.0,988.6,90.0
2025-10-23 07:00:00,21.8,66,6.3,301,0.0,989.3,115.0
2025-10-23 08:00:00,23.7,59,4.0,306,0.0,990.0,150.0
2025-10-23 09:00:00,26.5,50,4.1,326,0.0,990.4,235.0
2025-10-23 10:00:00,29.2,42,5.8,340,0.0,990.3,705.0
2025-10-23 11:00:00,30.9,32,8.6,337,0.0,989.9,2135.0
2025-10-23 12:00:00,31.4,28,8.2,334,0.0,989.1,2350.0
2025-10-23 13:00:00,31.7,27,7.3,320,0.0,988.2,2420.0
2025-10-23 14:00:00,31.8,26,7.4,304,0.0,987.1,2500.0
2025-10-23 15:00:00,31.4,26,8.5,295,0.0,986.8,2435.0
2025-10-23 16:00:00,30.5,28,9.7,297,0.0,986.7,1865.0
2025-10-23 17:00:00,29.7,27,9.2,298,0.0,986.8,1010.0
2025-10-23 18:00:00,28.8,28,8.2,308,0.0,987.6,490.0
2025-10-23 19:00:00,28.2,30,5.0,314,0.0,987.9,355.0
2025-10-23 20:00:00,27.3,33,2.3,309,0.0,988.2,110.0
2025-10-23 21:00:00,26.6,34,1.4,293,0.0,988.3,55.0
2025-10-23 22:00:00,25.0,38,3.6,273,0.0,988.1,50.0
2025-10-23 23:00:00,24.3,47,4.1,272,0.0,988.2,60.0
2025-10-24 00:00:00,23.4,52,4.0,260,0.0,987.9,45.0
2025-10-24 01:00:00,22.5,56,3.3,248,0.0,987.5,30.0
2025-10-24 02:00:00,21.6,59,4.2,258,0.0,987.4,35.0
2025-10-24 03:00:00,20.8,64,5.2,266,0.0,987.2,50.0
2025-10-24 04:00:00,20.2,66,5.5,243,0.0,987.3,45.0
2025-10-24 05:00:00,20.2,73,6.0,265,0.0,987.8,55.0
2025-10-24 06:00:00,20.2,72,5.4,255,0.0,988.5,60.0
2025-10-24 07:00:00,21.2,66,6.0,253,0.0,989.2,65.0
2025-10-24 08:00:00,23.5,58,2.9,263,0.0,990.1,105.0
2025-10-24 09:00:00,26.6,45,2.4,279,0.0,990.5,185.0
2025-10-24 10:00:00,29.2,35,2.3,302,0.0,990.2,615.0
2025-10-24 11:00:00,30.5,27,3.1,280,0.0,989.8,2140.0
2025-10-24 12:00:00,31.6,24,3.7,305,0.0,989.0,2200.0
2025-10-24 13:00:00,32.1,23,4.3,315,0.0,987.9,2395.0
2025-10-24 14:00:00,32.2,22,4.8,326,0.0,986.9,2505.0
2025-10-24 15:00:00,31.8,24,5.8,326,0.0,986.2,2495.0
2025-10-24 16:00:00,30.8,26,6.5,330,0.0,986.1,2430.0
2025-10-24 17:00:00,29.0,29,3.2,360,0.0,986.2,265.0
2025-10-24 18:00:00,28.0,40,0.6,304,0.0,986.6,45.0
2025-10-24 19:00:00,27.3,39,1.4,140,0.0,986.9,45.0
2025-10-24 20:00:00,26.1,43,3.5,125,0.0,987.0,60.0
2025-10-24 21:00:00,25.3,50,1.7,122,0.0,987.4,50.0
2025-10-24 22:00:00,24.8,52,1.3,172,0.0,987.5,35.0
2025-10-24 23:00:00,23.8,53,3.3,193,0.0,987.2,40.0
2025-10-25 00:00:00,23.0,54,5.1,197,0.0,986.8,50.0
2025-10-25 01:00:00,22.2,53,6.0,209,0.0,986.2,45.0
2025-10-25 02:00:00,21.6,55,5.2,241,0.0,985.9,45.0
2025-10-25 03:00:00,20.9,58,4.9,246,0.0,985.8,45.0
2025-10-25 04:00:00,20.1,62,3.8,259,0.0,986.1,40.0
2025-10-25 05:00:00,19.7,76,3.4,295,0.0,987.2,55.0
2025-10-25 06:00:00,19.9,76,1.3,278,0.0,987.7,40.0
2025-10-25 07:00:00,21.2,69,1.7,212,0.0,988.3,20.0
2025-10-25 08:00:00,23.7,59,1.5,339,0.0,989.0,80.0
2025-10-25 09:00:00,26.7,46,1.3,352,0.0,989.5,200.0
2025-10-25 10:00:00,29.2,36,1.1,18,0.0,989.6,1670.0
2025-10-25 11:00:00,29.8,30,1.0,211,0.0,989.2,1990.0
2025-10-25 12:00:00,31.2,27,2.5,225,0.0,988.4,2270.0
2025-10-25 13:00:00,31.6,26,4.6,225,0.0,987.5,2305.0
2025-10-25 14:00:00,31.7,26,5.7,235,0.0,986.6,2315.0
2025-10-25 15:00:00,31.3,26,6.4,245,0.0,986.1,2315.0
2025-10-25 16:00:00,30.4,27,5.2,276,0.0,986.2,2215.0
2025-10-25 17:00:00,28.8,30,2.9,300,0.0,986.0,220.0
2025-10-25 18:00:00,27.4,33,3.6,354,0.0,986.4,350.0
2025-10-25 19:00:00,26.7,35,3.8,31,0.0,986.9,240.0
2025-10-25 20:00:00,26.0,40,2.7,70,0.0,987.3,100.0
2025-10-25 21:00:00,25.4,41,2.0,90,0.0,987.8,70.0
2025-10-25 22:00:00,24.6,44,2.1,110,0.0,988.1,55.0
2025-10-25 23:00:00,24.1,49,1.9,112,0.0,988.2,40.0
2025-10-26 00:00:00,23.5,52,1.1,108,0.0,988.3,30.0
2025-10-26 01:00:00,22.4,55,2.4,126,0.0,988.1,35.0
2025-10-26 02:00:00,21.3,59,4.5,127,0.0,987.9,35.0
2025-10-26 03:00:00,21.0,59,6.5,136,0.0,987.9,50.0
2025-10-26 04:00:00,20.0,64,5.0,125,0.0,987.8,45.0
2025-10-26 05:00:00,19.3,69,4.3,123,0.0,988.0,45.0
2025-10-26 06:00:00,18.9,70,4.8,117,0.0,988.5,50.0
2025-10-26 07:00:00,20.2,66,5.2,151,0.0,989.2,55.0
2025-10-26 08:00:00,22.7,59,3.6,120,0.0,990.1,90.0
2025-10-26 09:00:00,25.8,47,2.9,97,0.0,990.4,195.0
2025-10-26 10:00:00,28.2,38,4.0,111,0.0,990.3,645.0
2025-10-26 11:00:00,29.6,33,3.8,139,0.0,989.9,1385.0
2025-10-26 12:00:00,30.7,28,2.7,143,0.0,989.1,1655.0
2025-10-26 13:00:00,31.4,25,4.0,144,0.0,988.2,1980.0
2025-10-26 14:00:00,31.6,24,5.7,145,0.0,987.4,2165.0
2025-10-26 15:00:00,31.2,24,7.1,144,0.0,986.8,2155.0
2025-10-26 16:00:00,30.4,25,6.8,140,0.0,986.3,2000.0
2025-10-26 17:00:00,29.0,34,0.8,117,0.0,986.7,40.0
2025-10-26 18:00:00,27.7,36,0.9,11,0.0,987.0,50.0
2025-10-26 19:00:00,26.8,40,2.5,45,0.0,987.3,265.0
2025-10-26 20:00:00,26.2,44,1.6,90,0.0,988.1,145.0
2025-10-26 21:00:00,25.6,46,1.8,135,0.0,988.4,95.0
2025-10-26 22:00:00,24.9,49,1.5,111,0.0,988.2,60.0
2025-10-26 23:00:00,23.7,53,4.1,139,0.0,988.3,60.0
2025-10-27 00:00:00,22.6,59,4.3,132,0.0,988.0,50.0
2025-10-27 01:00:00,22.0,61,4.2,110,0.0,987.7,50.0
2025-10-27 02:00:00,21.5,62,4.4,122,0.0,987.5,45.0
2025-10-27 03:00:00,21.4,63,3.4,115,0.0,987.1,40.0
2025-10-27 04:00:00,20.9,65,2.5,111,0.0,987.2,45.0
2025-10-27 05:00:00,20.6,66,2.0,95,0.0,987.3,50.0
2025-10-27 06:00:00,20.3,68,2.2,55,0.0,987.8,60.0
2025-10-27 07:00:00,21.3,66,2.2,90,0.0,988.9,60.0
2025-10-27 08:00:00,23.4,57,3.3,49,0.0,989.7,100.0
2025-10-27 09:00:00,26.1,48,3.9,56,0.0,990.5,195.0
2025-10-27 10:00:00,28.5,39,4.3,68,0.0,990.4,840.0
2025-10-27 11:00:00,29.1,38,6.0,73,0.0,990.1,1480.0
2025-10-27 12:00:00,30.3,34,6.5,92,0.0,989.3,1720.0
2025-10-27 13:00:00,30.0,35,8.2,113,0.0,988.8,1900.0
2025-10-27 14:00:00,28.8,41,11.2,135,0.0,987.9,1625.0
2025-10-27 15:00:00,25.9,51,14.3,146,0.0,988.1,485.0
2025-10-27 16:00:00,24.8,48,9.2,147,0.0,988.1,295.0
2025-10-27 17:00:00,25.8,47,10.7,163,0.0,988.5,425.0
2025-10-27 18:00:00,24.7,49,10.9,158,0.0,988.8,410.0
2025-10-27 19:00:00,23.8,57,9.7,161,0.0,989.4,375.0
2025-10-27 20:00:00,23.2,64,7.7,155,0.0,989.7,320.0
2025-10-27 21:00:00,22.7,69,6.4,158,0.0,990.2,265.0
2025-10-27 22:00:00,22.3,71,5.2,168,0.0,990.4,205.0
2025-10-27 23:00:00,22.1,74,6.4,164,0.0,990.4,240.0
2025-10-28 00:00:00,21.9,76,4.0,153,0.0,990.5,200.0
2025-10-28 01:00:00,21.6,78,2.8,125,0.0,990.2,130.0
2025-10-28 02:00:00,21.3,81,2.5,159,0.0,990.0,80.0
2025-10-28 03:00:00,21.3,82,0.4,333,0.0,989.7,30.0
2025-10-28 04:00:00,21.4,79,2.6,25,0.0,989.3,95.0
2025-10-28 05:00:00,22.0,80,1.8,84,0.0,989.9,95.0
2025-10-28 06:00:00,22.0,78,1.9,61,0.0,990.7,120.0
2025-10-28 07:00:00,22.3,75,3.4,65,0.0,991.3,140.0
2025-10-28 08:00:00,22.7,74,4.0,51,0.0,991.5,185.0
2025-10-28 09:00:00,23.4,70,4.4,52,0.0,991.8,280.0
2025-10-28 10:00:00,24.7,63,4.0,100,0.0,991.8,675.0
2025-10-28 11:00:00,25.4,58,3.5,111,0.0,991.4,895.0
2025-10-28 12:00:00,25.5,57,4.3,95,0.0,990.6,835.0
2025-10-28 13:00:00,26.2,53,6.0,106,0.0,989.8,1065.0
2025-10-28 14:00:00,26.3,55,6.5,103,0.0,989.3,930.0
2025-10-28 15:00:00,26.6,53,6.0,99,0.0,988.8,1055.0
2025-10-28 16:00:00,26.3,55,6.7,109,0.0,988.6,1070.0
2025-10-28 17:00:00,24.8,66,6.9,135,0.0,988.8,420.0
2025-10-28 18:00:00,23.9,72,5.4,138,0.0,989.1,270.0
2025-10-28 19:00:00,23.4,75,6.8,145,0.0,989.7,260.0
2025-10-28 20:00:00,22.6,80,5.6,149,0.0,989.9,225.0
2025-10-28 21:00:00,22.1,84,5.6,163,0.0,990.5,195.0
2025-10-28 22:00:00,21.6,87,2.9,180,0.0,990.2,110.0
2025-10-28 23:00:00,21.3,86,3.6,171,0.0,990.4,105.0
2025-10-29 00:00:00,21.0,88,2.4,207,0.0,990.2,70.0
2025-10-29 01:00:00,20.9,89,1.6,270,0.0,989.8,40.0
2025-10-29 02:00:00,20.8,90,1.9,292,0.0,989.5,45.0
2025-10-29 03:00:00,20.7,89,2.7,332,0.0,989.2,95.0
2025-10-29 04:00:00,20.7,88,3.0,346,0.0,988.6,125.0
2025-10-29 05:00:00,20.2,87,3.5,339,0.0,988.6,120.0
2025-10-29 06:00:00,20.3,86,3.0,346,0.0,988.8,115.0
2025-10-29 07:00:00,21.1,81,3.8,335,0.0,989.5,115.0
2025-10-29 08:00:00,22.8,73,3.6,330,0.0,989.7,250.0
2025-10-29 09:00:00,25.0,64,5.5,341,0.0,990.0,515.0
2025-10-29 10:00:00,26.9,55,8.6,349,0.0,989.5,710.0
2025-10-29 11:00:00,27.7,53,7.6,5,0.0,989.2,1025.0
2025-10-29 12:00:00,28.6,50,6.7,360,0.0,988.7,1215.0
2025-10-29 13:00:00,29.2,47,6.1,360,0.0,987.6,1295.0
2025-10-29 14:00:00,29.2,46,5.6,356,0.0,986.6,1330.0
2025-10-29 15:00:00,29.0,46,6.3,7,0.0,986.0,1160.0
2025-10-29 16:00:00,28.4,48,5.6,2,0.0,985.9,1170.0
2025-10-29 17:00:00,27.9,48,3.6,18,0.0,986.3,1045.0
2025-10-29 18:00:00,27.1,52,3.4,25,0.0,986.2,390.0
2025-10-29 19:00:00,26.7,54,4.0,30,0.0,986.5,320.0
2025-10-29 20:00:00,26.0,61,1.9,49,0.0,987.0,215.0
2025-10-29 21:00:00,25.9,60,0.7,346,0.0,987.4,205.0
2025-10-29 22:00:00,25.3,61,2.4,351,0.0,987.3,160.0
2025-10-29 23:00:00,24.8,66,2.8,18,0.0,987.4,115.0
2025-10-30 00:00:00,24.7,63,4.3,24,0.0,987.1,120.0
2025-10-30 01:00:00,24.1,66,4.1,23,0.0,986.8,100.0
2025-10-30 02:00:00,24.0,67,4.7,32,0.0,986.8,110.0
2025-10-30 03:00:00,23.5,69,5.5,41,0.0,986.4,120.0
2025-10-30 04:00:00,23.1,72,4.8,65,0.0,986.9,140.0
2025-10-30 05:00:00,22.9,78,3.0,128,0.0,987.1,135.0
2025-10-30 06:00:00,22.6,80,2.7,217,0.0,987.6,100.0
2025-10-30 07:00:00,23.0,78,1.9,221,0.0,988.2,90.0
2025-10-30 08:00:00,23.4,76,0.7,166,0.0,988.8,150.0
2025-10-30 09:00:00,24.8,72,0.6,326,0.0,989.4,275.0
2025-10-30 10:00:00,26.1,68,2.6,129,0.0,989.4,535.0
2025-10-30 11:00:00,27.3,65,4.9,141,0.0,988.9,885.0
2025-10-30 12:00:00,27.3,61,4.6,149,0.1,988.2,850.0
2025-10-30 13:00:00,26.9,63,5.0,150,0.0,987.5,700.0
2025-10-30 14:00:00,26.7,64,4.5,130,0.0,986.7,505.0
2025-10-30 15:00:00,26.4,65,3.7,141,0.0,986.0,430.0
2025-10-30 16:00:00,26.1,66,2.7,148,0.0,985.9,360.0
2025-10-30 17:00:00,24.9,75,2.2,132,0.0,986.1,275.0
2025-10-30 18:00:00,24.8,77,2.9,112,0.0,986.1,235.0
2025-10-30 19:00:00,24.0,83,3.9,114,0.0,986.7,170.0
2025-10-30 20:00:00,23.5,88,5.7,143,0.0,987.3,155.0
2025-10-30 21:00:00,23.2,91,3.9,152,0.0,987.7,115.0
2025-10-30 22:00:00,23.1,93,3.9,152,0.0,987.8,130.0
2025-10-30 23:00:00,22.9,95,6.3,156,0.0,988.1,255.0
2025-10-31 00:00:00,22.9,94,5.8,158,0.0,987.8,275.0
2025-10-31 01:00:00,22.7,94,4.4,161,0.0,987.6,255.0
2025-10-31 02:00:00,22.5,94,4.4,189,0.0,987.3,235.0
2025-10-31 03:00:00,22.3,95,3.4,205,0.0,987.0,190.0
2025-10-31 04:00:00,22.1,96,1.8,186,0.0,986.7,135.0
2025-10-31 05:00:00,21.6,96,1.1,288,0.0,986.4,35.0
2025-10-31 06:00:00,21.4,97,1.8,233,0.0,986.8,110.0
2025-10-31 07:00:00,22.2,95,5.2,258,0.0,987.4,145.0
2025-10-31 08:00:00,23.2,90,6.4,280,0.0,987.8,255.0
2025-10-31 09:00:00,24.9,79,6.5,309,0.0,988.0,515.0
2025-10-31 10:00:00,26.6,68,5.3,308,0.0,988.1,825.0
2025-10-31 11:00:00,27.9,61,4.4,282,0.0,987.4,1010.0
2025-10-31 12:00:00,29.1,55,3.9,313,0.1,986.5,1165.0
2025-10-31 13:00:00,29.9,51,4.0,309,0.0,985.7,1350.0
2025-10-31 14:00:00,30.3,48,4.0,291,0.0,985.1,1485.0
2025-10-31 15:00:00,30.3,47,5.8,300,0.0,984.7,1495.0
2025-10-31 16:00:00,29.7,47,6.9,307,0.0,984.5,1465.0
2025-10-31 17:00:00,28.2,55,4.3,272,0.0,984.9,185.0
2025-10-31 18:00:00,26.9,64,3.6,264,0.0,985.2,105.0
2025-10-31 19:00:00,26.1,68,4.0,243,0.0,985.6,85.0
2025-10-31 20:00:00,25.5,70,4.9,234,0.0,986.1,80.0
2025-10-31 21:00:00,24.8,71,6.2,224,0.0,986.5,85.0
2025-10-31 22:00:00,24.0,73,6.6,221,0.0,986.5,95.0
2025-10-31 23:00:00,23.4,81,5.5,229,0.0,986.4,60.0
2025-11-01 00:00:00,23.0,82,4.8,233,0.0,986.2,55.0
2025-11-01 01:00:00,22.7,82,5.8,240,0.0,986.0,60.0
2025-11-01 02:00:00,22.0,85,5.2,266,0.0,985.9,75.0
2025-11-01 03:00:00,21.2,89,5.2,268,0.0,986.2,100.0
2025-11-01 04:00:00,20.8,92,5.4,264,0.0,986.1,95.0
2025-11-01 05:00:00,20.9,95,5.7,252,0.0,986.1,75.0
2025-11-01 06:00:00,20.8,96,5.3,294,0.0,986.7,75.0
2025-11-01 07:00:00,21.3,91,6.1,273,0.0,987.4,80.0
2025-11-01 08:00:00,23.1,81,4.0,262,0.0,988.4,100.0
2025-11-01 09:00:00,26.0,64,4.3,268,0.0,988.9,195.0
2025-11-01 10:00:00,28.4,48,5.6,285,0.0,988.9,660.0
2025-11-01 11:00:00,29.8,36,7.9,291,0.0,988.3,1880.0
2025-11-01 12:00:00,30.6,31,8.9,297,0.0,987.4,2030.0
2025-11-01 13:00:00,30.9,29,9.8,298,0.0,986.5,2220.0
2025-11-01 14:00:00,30.8,29,10.2,301,0.0,985.9,2240.0
2025-11-01 15:00:00,30.4,29,10.2,301,0.0,985.7,2145.0
2025-11-01 16:00:00,29.6,30,9.6,300,0.0,985.6,2050.0
2025-11-01 17:00:00,27.0,47,5.4,320,0.0,985.7,310.0
2025-11-01 18:00:00,25.6,52,5.7,323,0.0,986.0,195.0
2025-11-01 19:00:00,24.7,55,5.4,296,0.0,986.2,125.0
2025-11-01 20:00:00,24.1,56,6.1,282,0.0,986.7,105.0
2025-11-01 21:00:00,23.5,58,6.0,273,0.0,986.9,80.0
2025-11-01 22:00:00,23.0,58,6.0,263,0.0,986.9,65.0
2025-11-01 23:00:00,22.0,68,5.2,266,0.0,986.7,50.0
2025-11-02 00:00:00,21.4,68,5.8,279,0.0,986.5,65.0
2025-11-02 01:00:00,21.2,68,6.2,282,0.0,986.3,75.0
2025-11-02 02:00:00,20.9,69,6.5,270,0.0,986.0,80.0
2025-11-02 03:00:00,20.1,72,6.2,280,0.0,986.0,80.0
2025-11-02 04:00:00,19.6,73,6.1,275,0.0,985.6,85.0
2025-11-02 05:00:00,19.4,79,5.9,268,0.0,986.2,85.0
2025-11-02 06:00:00,19.3,80,5.6,272,0.0,986.7,75.0
2025-11-02 07:00:00,19.9,78,6.3,275,0.0,987.5,85.0
2025-11-02 08:00:00,21.6,73,6.1,275,0.0,988.3,140.0
2025-11-02 09:00:00,23.8,65,5.9,282,0.0,988.9,225.0
2025-11-02 10:00:00,25.8,58,5.9,284,0.0,988.7,410.0
2025-11-02 11:00:00,27.6,50,8.8,287,0.0,988.3,1270.0
2025-11-02 12:00:00,28.8,39,12.3,300,0.0,987.7,1445.0
2025-11-02 13:00:00,29.3,36,12.8,305,0.0,986.9,1520.0
2025-11-02 14:00:00,29.4,35,12.7,303,0.0,986.2,1535.0
2025-11-02 15:00:00,29.1,35,12.2,301,0.0,986.1,1460.0
2025-11-02 16:00:00,28.1,39,9.8,301,0.0,985.6,1290.0
2025-11-02 17:00:00,26.2,48,7.6,289,0.0,985.6,345.0
2025-11-02 18:00:00,24.6,54,6.8,282,0.0,985.9,175.0
2025-11-02 19:00:00,23.7,56,7.0,273,0.0,986.2,135.0
2025-11-02 20:00:00,23.1,56,7.2,276,0.0,986.3,130.0
2025-11-02 21:00:00,22.5,56,7.4,283,0.0,986.7,130.0
2025-11-02 22:00:00,21.8,57,7.9,286,0.0,986.4,135.0
2025-11-02 23:00:00,21.6,60,8.2,280,0.0,986.3,130.0
2025-11-03 00:00:00,21.2,60,8.5,272,0.0,986.0,120.0
2025-11-03 01:00:00,20.6,61,9.1,263,0.0,985.5,120.0
2025-11-03 02:00:00,19.7,64,9.2,263,0.0,985.1,115.0
2025-11-03 03:00:00,19.0,66,8.8,268,0.0,984.9,115.0
2025-11-03 04:00:00,18.5,68,8.5,265,0.0,984.7,110.0
2025-11-03 05:00:00,18.2,72,8.3,265,0.0,984.5,105.0
2025-11-03 06:00:00,17.9,73,8.0,261,0.0,984.9,100.0
2025-11-03 07:00:00,18.3,70,8.3,257,0.0,985.6,105.0
2025-11-03 08:00:00,19.9,69,8.1,258,0.0,986.1,130.0
2025-11-03 09:00:00,22.3,60,5.9,268,0.0,987.0,190.0
2025-11-03 10:00:00,24.8,52,6.0,267,0.0,986.9,290.0
2025-11-03 11:00:00,27.2,46,7.0,273,0.0,986.3,465.0
2025-11-03 12:00:00,28.8,40,8.7,278,0.0,985.4,1035.0
2025-11-03 13:00:00,29.9,35,10.8,281,0.0,984.6,1550.0
2025-11-03 14:00:00,30.5,28,14.1,293,0.0,983.5,1640.0
2025-11-03 15:00:00,30.0,28,13.3,295,0.0,983.3,1565.0
2025-11-03 16:00:00,28.7,32,10.3,293,0.0,983.1,1275.0
2025-11-03 17:00:00,26.3,42,6.9,300,0.0,983.0,325.0
2025-11-03 18:00:00,25.2,46,6.9,317,0.0,983.4,240.0
2025-11-03 19:00:00,24.3,51,5.7,316,0.0,983.7,145.0
2025-11-03 20:00:00,24.1,50,2.7,290,0.0,984.2,60.0
2025-11-03 21:00:00,23.5,51,1.6,243,0.0,984.7,20.0
2025-11-03 22:00:00,22.7,53,2.0,243,0.0,984.7,20.0
2025-11-03 23:00:00,23.0,54,1.7,212,0.0,984.8,15.0
2025-11-04 00:00:00,21.7,57,0.4,207,0.0,984.6,10.0
2025-11-04 01:00:00,21.0,59,0.4,180,0.0,984.3,10.0
2025-11-04 02:00:00,20.1,63,2.5,159,0.0,984.5,15.0
2025-11-04 03:00:00,19.3,67,3.6,131,0.0,984.3,20.0
2025-11-04 04:00:00,19.5,69,5.3,128,0.0,984.1,45.0
2025-11-04 05:00:00,18.9,74,5.1,144,0.0,984.6,50.0
2025-11-04 06:00:00,19.9,68,6.8,140,0.0,985.1,70.0
2025-11-04 07:00:00,20.1,67,9.0,160,0.0,986.1,125.0
2025-11-04 08:00:00,21.8,65,8.5,156,0.0,986.5,150.0
2025-11-04 09:00:00,23.6,61,3.8,155,0.0,986.9,185.0
2025-11-04 10:00:00,25.7,54,2.0,135,0.0,986.8,290.0
2025-11-04 11:00:00,27.5,47,3.9,196,0.0,986.4,505.0
2025-11-04 12:00:00,28.7,42,4.2,162,0.0,985.6,1010.0
2025-11-04 13:00:00,28.7,44,10.6,156,0.0,984.7,1435.0
2025-11-04 14:00:00,28.2,46,11.0,165,0.0,983.8,920.0
2025-11-04 15:00:00,27.9,43,9.4,162,0.0,983.5,765.0
2025-11-04 16:00:00,26.9,47,7.1,159,0.0,983.4,555.0
2025-11-04 17:00:00,25.4,62,5.2,153,0.0,982.9,130.0
2025-11-04 18:00:00,24.7,60,6.8,140,0.0,983.2,165.0
2025-11-04 19:00:00,23.6,64,5.8,160,0.0,984.4,125.0
2025-11-04 20:00:00,23.0,67,6.8,169,0.0,984.9,130.0
2025-11-04 21:00:00,22.1,71,5.4,180,0.0,985.4,95.0
2025-11-04 22:00:00,21.6,73,4.7,198,0.0,985.5,80.0
2025-11-04 23:00:00,21.8,80,3.7,203,0.0,985.4,55.0
2025-11-05 00:00:00,21.3,83,3.8,199,0.0,984.9,45.0
2025-11-05 01:00:00,21.5,82,2.4,228,0.0,985.0,50.0
2025-11-05 02:00:00,21.4,81,6.1,34,0.0,985.1,100.0
2025-11-05 03:00:00,20.2,86,6.7,44,0.0,985.0,130.0
2025-11-05 04:00:00,19.4,88,5.9,76,0.0,984.7,125.0
2025-11-05 05:00:00,19.0,92,4.0,141,0.0,984.6,45.0
2025-11-05 06:00:00,18.9,92,3.2,164,0.0,985.0,40.0
2025-11-05 07:00:00,20.0,88,4.0,180,0.0,985.6,40.0
2025-11-05 08:00:00,22.1,80,4.3,222,0.0,986.1,95.0
2025-11-05 09:00:00,24.2,72,3.2,236,0.0,986.7,225.0
2025-11-05 10:00:00,26.1,63,3.1,273,0.0,986.6,380.0
2025-11-05 11:00:00,28.1,55,5.4,290,0.0,986.3,750.0
2025-11-05 12:00:00,29.3,43,8.0,301,0.0,985.8,1865.0
2025-11-05 13:00:00,29.5,37,9.4,310,0.0,985.1,1965.0
2025-11-05 14:00:00,29.4,35,10.2,316,0.0,984.4,1965.0
2025-11-05 15:00:00,28.9,36,10.9,320,0.0,984.2,1980.0
2025-11-05 16:00:00,28.0,39,10.2,330,0.0,984.2,1845.0
2025-11-05 17:00:00,27.1,40,8.1,309,0.0,984.0,480.0
2025-11-05 18:00:00,25.9,45,9.2,313,0.0,984.6,435.0
2025-11-05 19:00:00,24.8,47,9.7,317,0.0,985.4,410.0
2025-11-05 20:00:00,23.8,49,8.9,320,0.0,986.0,415.0
2025-11-05 21:00:00,22.8,50,8.8,325,0.0,986.4,365.0
2025-11-05 22:00:00,22.0,51,8.9,320,0.0,986.6,345.0
2025-11-05 23:00:00,21.3,60,8.4,312,0.0,986.9,285.0
2025-11-06 00:00:00,20.5,60,9.8,308,0.0,987.1,355.0
2025-11-06 01:00:00,19.6,57,9.8,310,0.0,987.0,330.0
2025-11-06 02:00:00,18.8,50,9.4,308,0.0,986.8,320.0
2025-11-06 03:00:00,17.7,48,9.5,302,0.0,986.6,270.0
2025-11-06 04:00:00,16.8,51,9.4,300,0.0,986.7,245.0
2025-11-06 05:00:00,16.4,64,10.2,296,0.0,987.0,245.0
2025-11-06 06:00:00,15.8,66,8.9,299,0.0,987.7,225.0
2025-11-06 07:00:00,16.1,66,8.9,297,0.0,988.6,210.0
2025-11-06 08:00:00,17.7,63,7.6,284,0.0,989.5,230.0
2025-11-06 09:00:00,19.8,56,7.2,282,0.0,989.9,430.0
2025-11-06 10:00:00,22.1,47,8.4,295,0.0,990.2,695.0
2025-11-06 11:00:00,24.1,38,10.2,300,0.0,989.9,905.0
2025-11-06 12:00:00,25.2,32,9.5,302,0.0,989.1,1015.0
2025-11-06 13:00:00,25.9,29,9.6,300,0.0,988.4,1090.0
2025-11-06 14:00:00,26.1,29,9.9,302,0.0,987.7,1130.0
2025-11-06 15:00:00,25.7,30,10.7,303,0.0,987.3,1125.0
2025-11-06 16:00:00,24.8,33,9.3,306,0.0,987.0,1060.0
2025-11-06 17:00:00,22.9,42,6.8,295,0.0,987.3,410.0
2025-11-06 18:00:00,21.7,47,6.3,290,0.0,987.8,280.0
2025-11-06 19:00:00,21.0,50,7.2,288,0.0,988.4,225.0
2025-11-06 20:00:00,20.2,52,7.6,285,0.0,988.7,190.0
2025-11-06 21:00:00,19.7,52,8.4,286,0.0,988.8,195.0
2025-11-06 22:00:00,19.1,52,8.4,289,0.0,988.7,195.0
2025-11-06 23:00:00,18.7,53,9.1,292,0.0,989.0,225.0
2025-11-07 00:00:00,17.8,55,8.4,293,0.0,988.6,195.0
2025-11-07 01:00:00,17.0,56,8.3,290,0.0,988.1,180.0
2025-11-07 02:00:00,16.4,58,8.1,288,0.0,988.0,175.0
2025-11-07 03:00:00,15.8,60,7.7,288,0.0,987.9,170.0
2025-11-07 04:00:00,15.4,61,7.6,285,0.0,988.0,160.0
2025-11-07 05:00:00,15.4,65,8.7,283,0.0,988.5,170.0
2025-11-07 06:00:00,14.8,67,8.2,279,0.0,989.2,155.0
2025-11-07 07:00:00,15.0,66,9.0,273,0.0,990.0,155.0
2025-11-07 08:00:00,16.5,62,8.3,275,0.0,990.5,190.0
2025-11-07 09:00:00,18.9,54,7.6,284,0.0,991.2,255.0
2025-11-07 10:00:00,21.3,46,7.5,287,0.0,991.2,365.0
2025-11-07 11:00:00,24.4,39,9.0,283,0.0,991.0,510.0
2025-11-07 12:00:00,26.1,32,9.3,285,0.0,990.5,720.0
2025-11-07 13:00:00,27.0,27,9.6,286,0.0,989.9,945.0
2025-11-07 14:00:00,27.3,24,10.0,287,0.0,989.2,1120.0
2025-11-07 15:00:00,27.0,25,9.6,290,0.0,988.9,1150.0
2025-11-07 16:00:00,25.9,29,8.4,289,0.0,988.8,875.0
2025-11-07 17:00:00,24.0,36,7.7,288,0.0,988.9,350.0
2025-11-07 18:00:00,22.7,40,7.6,295,0.0,989.4,305.0
2025-11-07 19:00:00,21.5,43,7.3,293,0.0,990.0,235.0
2025-11-07 20:00:00,20.5,45,7.4,293,0.0,990.2,190.0
2025-11-07 21:00:00,19.5,47,6.8,288,0.0,990.1,150.0
2025-11-07 22:00:00,18.7,48,7.0,288,0.0,990.0,140.0
2025-11-07 23:00:00,18.3,51,8.0,286,0.0,990.1,155.0
2025-11-08 00:00:00,17.3,53,7.9,290,0.0,989.9,150.0
2025-11-08 01:00:00,16.8,55,8.0,288,0.0,989.8,145.0
2025-11-08 02:00:00,16.3,56,8.2,289,0.0,989.5,145.0
2025-11-08 03:00:00,15.8,57,7.5,287,0.0,989.6,135.0
2025-11-08 04:00:00,15.2,58,6.5,284,0.0,989.5,115.0
2025-11-08 05:00:00,14.4,64,6.2,285,0.0,989.8,100.0
2025-11-08 06:00:00,13.9,66,5.2,284,0.0,990.0,70.0
2025-11-08 07:00:00,14.8,61,5.4,264,0.0,991.0,60.0
2025-11-08 08:00:00,16.8,56,6.1,270,0.0,991.6,105.0
2025-11-08 09:00:00,19.4,47,4.7,274,0.0,992.4,165.0
2025-11-08 10:00:00,22.0,38,5.5,281,0.0,992.5,375.0
2025-11-08 11:00:00,24.6,29,8.3,286,0.0,992.1,780.0
2025-11-08 12:00:00,25.9,25,9.4,293,0.0,991.5,930.0
2025-11-08 13:00:00,26.6,23,10.1,295,0.0,991.0,1040.0
2025-11-08 14:00:00,26.8,22,10.7,299,0.0,990.0,1080.0
2025-11-08 15:00:00,26.4,23,10.4,302,0.0,989.8,1065.0
2025-11-08 16:00:00,25.4,26,9.3,302,0.0,989.5,1020.0
2025-11-08 17:00:00,23.2,34,6.0,295,0.0,989.6,360.0
2025-11-08 18:00:00,22.1,39,5.7,294,0.0,989.8,270.0
2025-11-08 19:00:00,21.2,42,6.0,299,0.0,990.3,185.0
2025-11-08 20:00:00,20.2,45,6.1,304,0.0,990.6,145.0
2025-11-08 21:00:00,19.3,49,5.7,298,0.0,990.7,110.0
2025-11-08 22:00:00,18.7,49,5.9,297,0.0,990.3,105.0
2025-11-08 23:00:00,18.1,54,6.1,289,0.0,990.3,95.0
2025-11-09 00:00:00,17.5,53,6.7,290,0.0,989.6,100.0
2025-11-09 01:00:00,16.9,54,7.1,297,0.0,989.4,110.0
2025-11-09 02:00:00,16.3,55,6.4,299,0.0,989.1,100.0
2025-11-09 03:00:00,15.7,57,6.3,294,0.0,988.7,95.0
2025-11-09 04:00:00,15.1,59,6.2,285,0.0,988.4,90.0
2025-11-09 05:00:00,14.2,67,6.0,286,0.0,988.5,95.0
2025-11-09 06:00:00,14.1,66,5.8,275,0.0,989.0,85.0
2025-11-09 07:00:00,14.7,64,7.0,269,0.0,990.0,90.0
2025-11-09 08:00:00,16.4,60,6.5,265,0.0,990.7,130.0
2025-11-09 09:00:00,19.0,52,4.5,270,0.0,991.4,190.0
2025-11-09 10:00:00,21.7,44,4.9,280,0.0,991.4,330.0
2025-11-09 11:00:00,24.4,33,8.4,295,0.0,990.6,835.0
2025-11-09 12:00:00,25.9,28,8.6,303,0.0,989.9,960.0
2025-11-09 13:00:00,26.7,26,8.6,300,0.0,988.9,1055.0
2025-11-09 14:00:00,26.8,25,9.0,299,0.0,988.2,1090.0
2025-11-09 15:00:00,26.5,27,9.3,294,0.0,987.8,1070.0
2025-11-09 16:00:00,25.6,30,9.0,290,0.0,987.5,955.0
2025-11-09 17:00:00,23.5,38,6.2,277,0.0,987.6,270.0
2025-11-09 18:00:00,22.4,41,6.9,277,0.0,987.9,215.0
2025-11-09 19:00:00,21.4,42,7.3,279,0.0,988.4,180.0
2025-11-09 20:00:00,20.5,43,7.1,285,0.0,988.8,165.0
2025-11-09 21:00:00,19.6,45,6.4,281,0.0,988.9,120.0
2025-11-09 22:00:00,19.1,45,6.6,281,0.0,988.7,105.0
2025-11-09 23:00:00,18.5,48,6.7,279,0.0,989.0,115.0
2025-11-10 00:00:00,17.8,51,6.9,298,0.0,988.3,125.0
2025-11-10 01:00:00,16.8,55,6.3,307,0.0,988.0,110.0
2025-11-10 02:00:00,16.1,58,5.9,308,0.0,987.8,95.0
2025-11-10 03:00:00,15.6,59,5.8,306,0.0,987.4,85.0
2025-11-10 04:00:00,15.0,61,5.5,289,0.0,987.2,65.0
2025-11-10 05:00:00,14.2,69,5.6,272,0.0,987.6,55.0
2025-11-10 06:00:00,13.9,70,5.2,272,0.0,988.2,60.0
2025-11-10 07:00:00,14.5,68,5.8,263,0.0,989.0,65.0
2025-11-10 08:00:00,16.4,63,5.5,259,0.0,989.9,95.0
2025-11-10 09:00:00,19.3,52,4.1,270,0.0,990.6,160.0
2025-11-10 10:00:00,22.0,43,4.0,270,0.0,990.8,270.0
2025-11-10 11:00:00,24.4,35,5.4,284,0.0,990.5,840.0
2025-11-10 12:00:00,26.1,28,7.2,292,0.0,989.9,1020.0
2025-11-10 13:00:00,26.7,25,8.4,290,0.0,989.0,1135.0
2025-11-10 14:00:00,27.0,24,8.8,290,0.0,988.5,1210.0
2025-11-10 15:00:00,26.6,24,8.8,285,0.0,988.1,1170.0
2025-11-10 16:00:00,25.7,26,8.1,282,0.0,988.0,1030.0
2025-11-10 17:00:00,23.4,35,4.7,279,0.0,988.1,175.0
2025-11-10 18:00:00,22.3,38,4.6,288,0.0,988.6,115.0
2025-11-10 19:00:00,21.3,43,4.0,302,0.0,989.0,85.0
2025-11-10 20:00:00,20.5,45,3.2,317,0.0,989.3,65.0
2025-11-10 21:00:00,19.9,47,3.3,331,0.0,989.6,60.0
2025-11-10 22:00:00,19.4,47,3.8,329,0.0,989.5,60.0
2025-11-10 23:00:00,19.0,50,3.2,308,0.0,989.7,55.0
2025-11-11 00:00:00,17.5,53,3.3,299,0.0,989.3,55.0
2025-11-11 01:00:00,16.4,57,3.8,278,0.0,989.1,40.0
2025-11-11 02:00:00,15.4,59,5.5,297,0.0,988.8,50.0
2025-11-11 03:00:00,14.6,62,5.3,288,0.0,988.6,55.0
2025-11-11 04:00:00,14.1,63,5.4,268,0.0,988.6,50.0
2025-11-11 05:00:00,13.7,70,5.8,272,0.0,988.8,60.0
2025-11-11 06:00:00,13.7,70,5.9,272,0.0,989.3,60.0
2025-11-11 07:00:00,14.2,67,6.8,270,0.0,990.0,65.0
2025-11-11 08:00:00,16.4,61,7.0,267,0.0,990.8,95.0
2025-11-11 09:00:00,19.3,51,4.9,268,0.0,991.6,150.0
2025-11-11 10:00:00,22.2,42,5.2,276,0.0,991.7,275.0
2025-11-11 11:00:00,24.8,34,7.1,286,0.0,991.3,845.0
2025-11-11 12:00:00,26.4,28,9.2,301,0.0,990.8,1035.0
2025-11-11 13:00:00,27.1,25,9.9,303,0.0,989.9,1150.0
2025-11-11 14:00:00,27.4,23,10.3,299,0.0,989.1,1220.0
2025-11-11 15:00:00,27.0,24,10.6,294,0.0,988.8,1175.0
2025-11-11 16:00:00,26.0,27,9.4,293,0.0,988.6,1015.0
2025-11-11 17:00:00,23.8,32,6.0,287,0.0,988.8,335.0
2025-11-11 18:00:00,22.6,37,6.0,286,0.0,989.3,205.0
2025-11-11 19:00:00,21.4,42,6.8,281,0.0,989.8,160.0
2025-11-11 20:00:00,20.4,47,6.7,278,0.0,990.2,120.0
2025-11-11 21:00:00,19.7,49,6.9,279,0.0,990.3,120.0
2025-11-11 22:00:00,19.1,49,7.5,287,0.0,990.5,140.0
2025-11-11 23:00:00,18.8,52,7.7,307,0.0,990.6,170.0
2025-11-12 00:00:00,17.8,54,7.1,319,0.0,990.2,155.0
2025-11-12 01:00:00,17.0,56,6.4,315,0.0,989.7,130.0
2025-11-12 02:00:00,16.4,58,6.1,313,0.0,989.5,115.0
2025-11-12 03:00:00,15.8,60,5.8,286,0.0,989.3,90.0
2025-11-12 04:00:00,15.2,62,6.5,268,0.0,989.1,80.0
2025-11-12 05:00:00,14.3,69,7.2,270,0.0,989.7,80.0
2025-11-12 06:00:00,14.0,70,7.6,270,0.0,989.9,90.0
2025-11-12 07:00:00,14.4,68,8.7,266,0.0,990.7,100.0
2025-11-12 08:00:00,16.3,62,7.8,265,0.0,991.4,130.0
2025-11-12 09:00:00,19.2,52,6.7,273,0.0,992.1,200.0
2025-11-12 10:00:00,22.2,43,7.1,279,0.0,992.4,350.0
2025-11-12 11:00:00,24.9,36,9.6,284,0.0,992.2,975.0
2025-11-12 12:00:00,26.6,29,11.8,293,0.0,991.7,1175.0
2025-11-12 13:00:00,27.3,26,12.8,299,0.0,991.0,1260.0
2025-11-12 14:00:00,27.5,24,12.8,299,0.0,990.3,1315.0
2025-11-12 15:00:00,27.1,25,12.3,300,0.0,990.0,1265.0
2025-11-12 16:00:00,26.2,26,10.7,299,0.0,989.9,1155.0
2025-11-12 17:00:00,23.9,35,6.3,294,0.0,990.0,410.0
2025-11-12 18:00:00,22.8,39,5.6,301,0.0,990.3,255.0
2025-11-12 19:00:00,21.7,43,5.4,307,0.0,990.8,175.0
2025-11-12 20:00:00,20.8,47,5.1,309,0.0,991.3,135.0
2025-11-12 21:00:00,20.2,51,4.2,306,0.0,991.4,95.0
2025-11-12 22:00:00,19.4,53,4.2,290,0.0,991.5,55.0
2025-11-12 23:00:00,19.1,54,3.6,264,0.0,991.8,50.0
2025-11-13 00:00:00,17.3,59,5.8,277,0.0,991.5,55.0
2025-11-13 01:00:00,16.2,64,5.6,285,0.0,991.3,65.0
2025-11-13 02:00:00,15.4,69,5.4,276,0.0,990.9,65.0
2025-11-13 03:00:00,14.7,72,5.1,274,0.0,990.7,55.0
2025-11-13 04:00:00,14.3,75,5.4,272,0.0,990.3,60.0
2025-11-13 05:00:00,13.7,80,6.2,278,0.0,991.0,75.0
2025-11-13 06:00:00,13.2,81,5.5,279,0.0,991.5,75.0
2025-11-13 07:00:00,13.8,76,6.5,275,0.0,992.4,80.0
2025-11-13 08:00:00,15.7,68,6.3,268,0.0,993.4,110.0
2025-11-13 09:00:00,18.3,57,4.9,278,0.0,994.1,170.0
2025-11-13 10:00:00,21.2,47,4.9,278,0.0,994.2,290.0
2025-11-13 11:00:00,23.8,37,8.1,288,0.0,994.1,890.0
2025-11-13 12:00:00,25.2,33,9.4,296,0.0,993.5,1005.0
2025-11-13 13:00:00,25.9,28,9.5,297,0.0,992.6,1140.0
2025-11-13 14:00:00,26.3,26,9.7,299,0.0,991.6,1210.0
2025-11-13 15:00:00,26.0,26,9.9,297,0.0,991.2,1185.0
2025-11-13 16:00:00,25.1,29,8.9,294,0.0,991.0,1025.0
2025-11-13 17:00:00,22.5,38,5.5,289,0.0,991.2,245.0
2025-11-13 18:00:00,21.5,40,6.2,285,0.0,991.7,195.0
2025-11-13 19:00:00,20.4,44,6.5,289,0.0,992.0,155.0
2025-11-13 20:00:00,19.3,48,6.5,284,0.0,992.4,115.0
2025-11-13 21:00:00,18.6,50,6.7,275,0.0,992.4,95.0
2025-11-13 22:00:00,17.9,52,6.5,278,0.0,992.2,90.0
2025-11-13 23:00:00,17.6,55,6.7,284,0.0,992.4,110.0
2025-11-14 00:00:00,16.7,57,6.7,294,0.0,991.8,115.0
2025-11-14 01:00:00,15.7,61,5.7,298,0.0,991.4,100.0
2025-11-14 02:00:00,15.0,64,5.4,291,0.0,991.1,85.0
2025-11-14 03:00:00,14.5,66,5.5,281,0.0,990.9,75.0
2025-11-14 04:00:00,13.9,68,5.8,275,0.0,990.7,75.0
2025-11-14 05:00:00,13.5,74,6.0,279,0.0,991.5,75.0
2025-11-14 06:00:00,13.3,75,5.6,270,0.0,991.9,70.0
2025-11-14 07:00:00,13.7,74,6.7,261,0.0,992.7,70.0
2025-11-14 08:00:00,15.6,67,6.2,260,0.0,993.5,100.0
2025-11-14 09:00:00,18.4,56,4.9,266,0.0,994.1,160.0
2025-11-14 10:00:00,21.1,46,5.2,274,0.0,994.0,275.0
2025-11-14 11:00:00,23.5,37,7.0,282,0.0,994.0,765.0
2025-11-14 12:00:00,25.1,29,8.6,290,0.0,993.0,1080.0
2025-11-14 13:00:00,25.7,28,9.4,294,0.0,992.1,1160.0
2025-11-14 14:00:00,26.0,26,9.5,295,0.0,991.4,1250.0
2025-11-14 15:00:00,25.8,24,9.7,295,0.0,991.0,1245.0
2025-11-14 16:00:00,24.9,27,8.9,295,0.0,990.9,1095.0
2025-11-14 17:00:00,22.6,35,5.2,292,0.0,991.0,275.0
2025-11-14 18:00:00,21.9,38,5.4,291,0.0,991.1,185.0
2025-11-14 19:00:00,20.8,42,5.6,285,0.0,991.7,130.0
2025-11-14 20:00:00,19.6,46,5.6,276,0.0,992.2,100.0
2025-11-14 21:00:00,18.8,50,5.6,270,0.0,992.2,85.0
2025-11-14 22:00:00,18.1,52,5.6,272,0.0,992.0,85.0
2025-11-14 23:00:00,17.5,57,5.8,286,0.0,992.1,105.0
2025-11-15 00:00:00,16.9,56,6.0,307,0.0,991.7,110.0
2025-11-15 01:00:00,15.9,59,5.6,310,0.0,991.5,100.0
2025-11-15 02:00:00,15.2,62,5.4,307,0.0,991.4,85.0
2025-11-15 03:00:00,14.4,65,5.2,292,0.0,991.1,65.0
2025-11-15 04:00:00,13.7,69,4.9,276,0.0,991.2,55.0
2025-11-15 05:00:00,13.1,76,5.4,270,0.0,991.8,60.0
2025-11-15 06:00:00,12.8,77,5.6,263,0.0,992.5,60.0
2025-11-15 07:00:00,13.0,76,6.6,259,0.0,993.4,65.0
2025-11-15 08:00:00,15.1,67,6.2,262,0.0,994.2,90.0
2025-11-15 09:00:00,18.1,56,4.7,270,0.0,994.8,145.0
2025-11-15 10:00:00,21.0,45,5.1,280,0.0,995.2,255.0
2025-11-15 11:00:00,23.6,36,6.7,284,0.0,995.0,640.0
2025-11-15 12:00:00,25.3,29,7.5,294,0.0,994.3,945.0
2025-11-15 13:00:00,26.1,28,8.8,303,0.0,993.3,1085.0
2025-11-15 14:00:00,26.6,25,10.0,308,0.0,992.6,1145.0
2025-11-15 15:00:00,26.4,25,10.3,310,0.0,992.0,1145.0
2025-11-15 16:00:00,25.5,28,9.0,308,0.0,992.0,1115.0
2025-11-15 17:00:00,22.8,39,5.2,290,0.0,991.8,255.0
2025-11-15 18:00:00,22.2,39,5.9,284,0.0,992.3,190.0
2025-11-15 19:00:00,21.2,42,6.8,282,0.0,992.7,160.0
2025-11-15 20:00:00,20.3,45,7.2,276,0.0,993.2,125.0
2025-11-15 21:00:00,19.5,47,7.0,273,0.0,993.6,110.0
2025-11-15 22:00:00,18.7,49,6.3,285,0.0,993.9,115.0
2025-11-15 23:00:00,17.3,58,5.4,312,0.0,994.0,135.0
2025-11-16 00:00:00,16.2,59,5.2,304,0.0,993.7,90.0
2025-11-16 01:00:00,15.3,63,4.8,292,0.0,993.6,60.0
2025-11-16 02:00:00,14.6,67,4.6,288,0.0,993.6,50.0
2025-11-16 03:00:00,13.9,69,4.0,270,0.0,993.6,40.0
2025-11-16 04:00:00,13.3,70,4.7,263,0.0,993.5,45.0
2025-11-16 05:00:00,12.5,80,4.9,270,0.0,994.3,50.0
2025-11-16 06:00:00,12.3,79,4.7,268,0.0,994.8,50.0
2025-11-16 07:00:00,12.8,75,6.1,267,0.0,995.5,60.0
2025-11-16 08:00:00,15.0,66,6.9,265,0.0,996.1,90.0
2025-11-16 09:00:00,18.0,55,4.8,281,0.0,996.7,145.0
2025-11-16 10:00:00,21.0,45,5.7,298,0.0,997.3,300.0
2025-11-16 11:00:00,23.7,37,7.7,303,0.0,996.5,710.0
2025-11-16 12:00:00,25.6,29,10.2,314,0.0,995.8,955.0
2025-11-16 13:00:00,26.5,26,11.4,319,0.0,994.9,1105.0
2025-11-16 14:00:00,26.8,24,11.6,319,0.0,994.0,1180.0
2025-11-16 15:00:00,26.4,24,11.5,320,0.0,993.5,1165.0
2025-11-16 16:00:00,25.5,26,9.8,314,0.0,993.2,1060.0
2025-11-16 17:00:00,23.0,34,5.7,302,0.0,993.2,380.0
2025-11-16 18:00:00,22.3,36,6.2,296,0.0,993.5,280.0
2025-11-16 19:00:00,21.1,40,6.5,293,0.0,994.0,190.0
2025-11-16 20:00:00,19.7,45,5.7,283,0.0,994.1,115.0
2025-11-16 21:00:00,18.9,47,6.1,272,0.0,994.3,100.0
2025-11-16 22:00:00,18.3,48,6.5,276,0.0,994.3,105.0
2025-11-16 23:00:00,17.4,52,6.2,287,0.0,994.2,110.0
2025-11-17 00:00:00,15.9,56,5.8,306,0.0,993.9,95.0
2025-11-17 01:00:00,14.8,60,5.2,299,0.0,993.4,75.0
2025-11-17 02:00:00,14.3,62,5.2,286,0.0,993.2,60.0
2025-11-17 03:00:00,13.7,63,5.2,274,0.0,992.9,60.0
2025-11-17 04:00:00,13.2,65,5.4,264,0.0,993.0,60.0
2025-11-17 05:00:00,12.3,73,5.2,266,0.0,993.1,55.0
2025-11-17 06:00:00,12.3,73,5.5,261,0.0,993.6,55.0
2025-11-17 07:00:00,12.7,70,6.4,260,0.0,994.3,60.0
2025-11-17 08:00:00,14.8,63,6.8,268,0.0,995.0,85.0
2025-11-17 09:00:00,17.8,52,4.7,274,0.0,995.6,140.0
2025-11-17 10:00:00,20.6,42,4.4,289,0.0,996.1,235.0
2025-11-17 11:00:00,23.2,36,4.4,300,0.0,995.4,695.0
2025-11-17 12:00:00,25.0,30,5.9,315,0.0,994.9,930.0
2025-11-17 13:00:00,25.7,29,6.5,312,0.0,993.9,1050.0
2025-11-17 14:00:00,26.0,28,6.1,304,0.0,993.2,1110.0
2025-11-17 15:00:00,25.8,29,5.6,303,0.0,993.0,1135.0
2025-11-17 16:00:00,25.1,30,5.3,298,0.0,992.9,1085.0
2025-11-17 17:00:00,22.7,43,3.5,309,0.0,992.9,410.0
2025-11-17 18:00:00,22.0,43,2.7,337,0.0,993.4,285.0
2025-11-17 19:00:00,21.3,45,1.3,45,0.0,994.1,115.0
2025-11-17 20:00:00,20.4,48,1.6,96,0.0,994.3,95.0
2025-11-17 21:00:00,19.6,52,1.5,144,0.0,994.4,75.0
2025-11-17 22:00:00,18.8,55,1.1,198,0.0,994.5,25.0
2025-11-17 23:00:00,17.7,60,2.0,225,0.0,994.3,25.0
2025-11-18 00:00:00,16.6,64,2.1,239,0.0,993.9,25.0
2025-11-18 01:00:00,16.0,66,2.1,255,0.0,993.4,30.0
2025-11-18 02:00:00,15.5,67,1.7,257,0.0,993.2,35.0
2025-11-18 03:00:00,15.1,68,1.8,264,0.0,992.8,35.0
2025-11-18 04:00:00,14.2,72,3.3,276,0.0,992.3,35.0
2025-11-18 05:00:00,14.5,70,2.3,266,0.0,992.5,45.0
2025-11-18 06:00:00,13.5,74,4.2,260,0.0,992.7,45.0
2025-11-18 07:00:00,13.6,74,5.1,260,0.0,993.4,50.0
2025-11-18 08:00:00,15.3,68,4.9,270,0.0,993.9,75.0
2025-11-18 09:00:00,18.0,58,3.5,285,0.0,994.4,135.0
2025-11-18 10:00:00,20.8,48,3.9,294,0.0,994.3,255.0
2025-11-18 11:00:00,23.4,40,5.6,292,0.0,993.6,665.0
2025-11-18 12:00:00,24.9,34,6.9,298,0.0,992.7,885.0
2025-11-18 13:00:00,25.6,34,7.6,301,0.0,991.5,975.0
2025-11-18 14:00:00,25.8,34,7.7,301,0.0,990.6,1045.0
2025-11-18 15:00:00,25.7,36,7.8,302,0.0,990.2,1060.0
2025-11-18 16:00:00,24.9,41,7.5,310,0.0,990.0,1040.0
2025-11-18 17:00:00,22.6,54,4.6,324,0.0,989.8,430.0
2025-11-18 18:00:00,21.9,59,3.4,357,0.0,990.2,280.0
2025-11-18 19:00:00,21.4,61,2.2,42,0.0,990.6,150.0
2025-11-18 20:00:00,20.9,63,0.9,90,0.0,990.7,85.0
2025-11-18 21:00:00,19.9,66,0.9,217,0.0,990.8,35.0
2025-11-18 22:00:00,18.5,70,3.8,239,0.0,990.7,45.0
2025-11-18 23:00:00,17.1,77,3.9,242,0.0,990.7,35.0
2025-11-19 00:00:00,16.2,80,3.2,251,0.0,990.3,35.0
2025-11-19 01:00:00,15.6,83,3.0,253,0.0,990.2,30.0
2025-11-19 02:00:00,15.2,83,4.0,262,0.0,989.9,35.0
2025-11-19 03:00:00,14.7,84,4.4,261,0.0,989.9,45.0
2025-11-19 04:00:00,14.2,83,4.0,249,0.0,990.0,40.0
2025-11-19 05:00:00,13.6,84,3.7,256,0.0,990.4,35.0
2025-11-19 06:00:00,13.3,83,4.0,262,0.0,991.1,40.0
2025-11-19 07:00:00,13.8,79,4.2,263,0.0,992.3,40.0
2025-11-19 08:00:00,15.7,71,2.2,279,0.0,993.3,60.0
2025-11-19 09:00:00,18.7,59,0.4,297,0.0,994.2,130.0
2025-11-19 10:00:00,21.7,50,1.1,108,0.0,994.6,240.0
2025-11-19 11:00:00,24.0,46,5.3,100,0.0,994.1,815.0
2025-11-19 12:00:00,25.3,40,5.9,102,0.0,993.4,985.0
2025-11-19 13:00:00,25.9,38,5.4,110,0.0,992.7,1090.0
2025-11-19 14:00:00,26.0,37,4.8,119,0.0,991.6,1160.0
2025-11-19 15:00:00,25.8,37,4.4,125,0.0,991.1,1155.0
2025-11-19 16:00:00,25.1,40,4.8,132,0.0,991.2,1085.0
2025-11-19 17:00:00,23.4,48,4.4,150,0.0,991.0,235.0
2025-11-19 18:00:00,22.5,56,3.5,159,0.0,991.3,155.0
2025-11-19 19:00:00,21.8,59,0.9,180,0.0,991.8,20.0
2025-11-19 20:00:00,21.1,63,0.4,153,0.0,992.1,15.0
2025-11-19 21:00:00,20.4,64,0.6,146,0.0,992.1,35.0
2025-11-19 22:00:00,20.0,65,0.7,166,0.0,992.1,35.0
2025-11-19 23:00:00,18.8,71,1.2,207,0.0,991.9,20.0
2025-11-20 00:00:00,18.1,73,1.3,236,0.0,991.6,20.0
2025-11-20 01:00:00,17.4,76,2.5,262,0.0,991.3,35.0
2025-11-20 02:00:00,16.4,80,4.2,265,0.0,991.1,50.0
2025-11-20 03:00:00,16.0,79,4.2,260,0.0,991.1,50.0
2025-11-20 04:00:00,15.3,81,4.6,257,0.0,990.9,50.0
2025-11-20 05:00:00,14.4,85,4.4,251,0.0,991.2,45.0
2025-11-20 06:00:00,14.1,85,4.2,265,0.0,992.0,50.0
2025-11-20 07:00:00,14.4,84,4.5,263,0.0,992.8,55.0
2025-11-20 08:00:00,16.2,76,3.4,264,0.0,993.7,70.0
2025-11-20 09:00:00,19.2,65,1.5,249,0.0,994.5,100.0
2025-11-20 10:00:00,22.2,54,1.1,252,0.0,994.7,270.0
2025-11-20 11:00:00,24.4,46,4.7,180,0.0,994.2,965.0
2025-11-20 12:00:00,25.6,42,5.3,172,0.0,993.5,1135.0
2025-11-20 13:00:00,26.0,41,4.9,176,0.0,992.7,1250.0
2025-11-20 14:00:00,26.1,40,4.5,180,0.0,992.1,1305.0
2025-11-20 15:00:00,25.7,41,4.9,180,0.0,991.6,1250.0
2025-11-20 16:00:00,25.0,43,5.6,186,0.0,991.4,1080.0
2025-11-20 17:00:00,23.4,50,4.9,180,0.0,991.3,195.0
2025-11-20 18:00:00,22.0,57,4.1,203,0.0,992.1,85.0
2025-11-20 19:00:00,21.0,62,4.1,225,0.0,992.3,50.0
2025-11-20 20:00:00,20.6,63,2.0,225,0.0,992.7,30.0
2025-11-20 21:00:00,20.1,66,0.5,180,0.0,992.9,10.0
2025-11-20 22:00:00,19.2,68,0.7,104,0.0,992.9,20.0
2025-11-20 23:00:00,18.3,72,0.7,166,0.0,992.6,15.0
2025-11-21 00:00:00,17.5,73,0.6,236,0.0,992.6,10.0
2025-11-21 01:00:00,16.8,75,1.5,234,0.0,992.3,15.0
2025-11-21 02:00:00,16.4,75,1.4,230,0.0,992.4,15.0
2025-11-21 03:00:00,16.2,74,0.9,217,0.0,992.2,10.0
2025-11-21 04:00:00,15.9,75,0.9,217,0.0,992.3,10.0
2025-11-21 05:00:00,15.1,78,2.3,209,0.0,992.8,15.0
2025-11-21 06:00:00,14.5,81,4.1,209,0.0,993.6,25.0
2025-11-21 07:00:00,15.0,79,4.6,201,0.0,994.2,30.0
2025-11-21 08:00:00,17.7,69,5.3,190,0.0,995.3,70.0
2025-11-21 09:00:00,20.5,62,3.2,180,0.0,995.9,175.0
2025-11-21 10:00:00,22.8,55,4.7,180,0.0,996.2,585.0
2025-11-21 11:00:00,24.5,46,6.1,180,0.0,995.7,1165.0
2025-11-21 12:00:00,25.6,40,4.7,184,0.0,994.9,1295.0
2025-11-21 13:00:00,26.1,38,3.5,195,0.0,994.0,1410.0
2025-11-21 14:00:00,26.2,38,3.1,216,0.0,993.2,1560.0
2025-11-21 15:00:00,26.0,38,3.4,223,0.0,992.8,1575.0
2025-11-21 16:00:00,25.4,39,4.6,234,0.0,992.7,1465.0
2025-11-21 17:00:00,23.5,50,3.2,214,0.0,992.5,180.0
2025-11-21 18:00:00,22.9,55,0.7,284,0.0,992.9,20.0
2025-11-21 19:00:00,21.6,57,2.0,5,0.0,993.1,75.0
2025-11-21 20:00:00,20.6,61,2.7,28,0.0,993.3,85.0
2025-11-21 21:00:00,20.1,62,2.8,79,0.0,993.2,80.0
2025-11-21 22:00:00,19.3,66,3.1,90,0.0,993.0,60.0
2025-11-21 23:00:00,18.6,72,2.9,60,0.0,993.1,60.0
2025-11-22 00:00:00,18.2,73,1.3,90,0.0,992.7,35.0
2025-11-22 01:00:00,17.8,74,0.9,143,0.0,992.5,25.0
2025-11-22 02:00:00,17.4,76,0.3,225,0.0,992.2,10.0
2025-11-22 03:00:00,16.7,78,0.9,270,0.0,991.8,25.0
2025-11-22 04:00:00,15.9,80,2.1,255,0.0,991.4,25.0
2025-11-22 05:00:00,14.8,84,3.0,253,0.0,991.3,30.0
2025-11-22 06:00:00,14.1,87,3.5,246,0.0,991.6,25.0
2025-11-22 07:00:00,14.4,86,4.4,251,0.0,992.0,30.0
2025-11-22 08:00:00,16.7,76,5.2,258,0.0,992.7,50.0
2025-11-22 09:00:00,20.0,63,4.0,260,0.0,993.4,105.0
2025-11-22 10:00:00,22.9,51,4.7,254,0.0,993.6,405.0
2025-11-22 11:00:00,24.6,37,5.8,274,0.0,993.3,1310.0
2025-11-22 12:00:00,25.7,32,6.0,297,0.0,992.7,1575.0
2025-11-22 13:00:00,26.1,30,7.1,297,0.0,991.7,1850.0
2025-11-22 14:00:00,26.2,29,7.7,295,0.0,990.9,1920.0
2025-11-22 15:00:00,25.8,29,8.2,289,0.0,990.5,1880.0
2025-11-22 16:00:00,25.0,30,7.9,283,0.0,990.5,1635.0
2025-11-22 17:00:00,22.7,43,4.1,272,0.0,990.5,135.0
2025-11-22 18:00:00,21.8,46,3.6,270,0.0,990.7,85.0
2025-11-22 19:00:00,21.4,48,2.0,260,0.0,991.3,65.0
2025-11-22 20:00:00,20.8,50,1.4,270,0.0,991.8,45.0
2025-11-22 21:00:00,20.1,51,1.4,320,0.0,991.9,55.0
2025-11-22 22:00:00,19.4,53,1.6,360,0.0,991.8,60.0
2025-11-22 23:00:00,19.0,56,1.1,360,0.0,991.7,60.0
2025-11-23 00:00:00,17.8,59,2.1,15,0.0,991.5,55.0
2025-11-23 01:00:00,17.0,63,2.0,360,0.0,991.6,45.0
2025-11-23 02:00:00,16.1,68,1.5,291,0.0,991.3,30.0
2025-11-23 03:00:00,14.6,74,3.5,258,0.0,991.0,25.0
2025-11-23 04:00:00,13.7,78,3.9,254,0.0,991.0,25.0
2025-11-23 05:00:00,13.2,82,3.5,279,0.0,991.2,30.0
2025-11-23 06:00:00,13.2,82,2.5,278,0.0,992.0,25.0
2025-11-23 07:00:00,13.5,80,3.2,270,0.0,992.5,30.0
2025-11-23 08:00:00,15.8,70,4.0,265,0.0,993.3,40.0
2025-11-23 09:00:00,19.3,57,2.2,270,0.0,994.1,95.0
2025-11-23 10:00:00,22.1,46,1.8,259,0.0,994.3,255.0
2025-11-23 11:00:00,24.0,39,2.7,250,0.0,993.9,1260.0
2025-11-23 12:00:00,25.5,31,5.1,260,0.0,993.1,1505.0
2025-11-23 13:00:00,25.9,29,7.2,269,0.0,992.2,1615.0
2025-11-23 14:00:00,25.9,28,7.8,275,0.0,991.4,1550.0
2025-11-23 15:00:00,25.4,29,8.1,282,0.0,990.9,1380.0
2025-11-23 16:00:00,24.4,33,7.9,287,0.0,990.7,1130.0
2025-11-23 17:00:00,22.3,42,4.9,278,0.0,990.4,195.0
2025-11-23 18:00:00,21.5,46,4.4,282,0.0,991.1,130.0
2025-11-23 19:00:00,20.4,52,4.3,287,0.0,991.5,100.0
2025-11-23 20:00:00,19.4,56,4.3,303,0.0,992.0,85.0
2025-11-23 21:00:00,18.4,60,4.2,310,0.0,992.2,75.0
2025-11-23 22:00:00,17.8,63,3.1,324,0.0,992.2,70.0
2025-11-23 23:00:00,17.2,66,3.3,324,0.0,992.1,80.0
2025-11-24 00:00:00,16.3,69,3.1,315,0.0,991.9,60.0
2025-11-24 01:00:00,15.7,71,2.5,291,0.0,991.9,30.0
2025-11-24 02:00:00,14.8,75,3.6,288,0.0,991.8,30.0
2025-11-24 03:00:00,13.9,79,3.8,281,0.0,991.9,30.0
2025-11-24 04:00:00,13.2,81,4.5,270,0.0,992.0,35.0
2025-11-24 05:00:00,12.4,88,4.5,268,0.0,992.5,45.0
2025-11-24 06:00:00,12.2,88,4.0,273,0.0,993.3,45.0
2025-11-24 07:00:00,12.7,84,4.5,268,0.0,994.0,45.0
2025-11-24 08:00:00,14.7,75,4.5,277,0.0,994.8,65.0
2025-11-24 09:00:00,17.8,62,2.6,282,0.0,995.5,120.0
2025-11-24 10:00:00,20.6,52,2.2,294,0.0,995.9,245.0
2025-11-24 11:00:00,22.8,42,3.9,313,0.0,995.2,870.0
2025-11-24 12:00:00,24.2,36,4.6,309,0.0,994.5,1075.0
2025-11-24 13:00:00,24.8,31,5.5,306,0.0,993.5,1310.0
2025-11-24 14:00:00,25.0,30,6.3,301,0.0,992.7,1420.0
2025-11-24 15:00:00,24.8,29,6.9,301,0.0,992.4,1405.0
2025-11-24 16:00:00,23.9,31,6.9,300,0.0,992.4,1100.0
2025-11-24 17:00:00,21.5,44,4.4,297,0.0,992.2,195.0
2025-11-24 18:00:00,20.7,47,3.9,298,0.0,992.7,145.0
2025-11-24 19:00:00,20.0,49,2.7,302,0.0,993.2,110.0
2025-11-24 20:00:00,19.0,52,3.1,310,0.0,993.8,95.0
2025-11-24 21:00:00,18.1,55,3.3,306,0.0,994.3,75.0
2025-11-24 22:00:00,17.2,58,3.4,295,0.0,994.2,60.0
2025-11-24 23:00:00,16.4,63,3.4,295,0.0,994.3,55.0
2025-11-25 00:00:00,15.3,66,3.6,273,0.0,993.9,40.0
2025-11-25 01:00:00,14.5,67,4.8,292,0.0,994.0,55.0
2025-11-25 02:00:00,13.6,72,4.0,273,0.0,993.7,50.0
2025-11-25 03:00:00,12.8,75,4.5,272,0.0,993.4,45.0
2025-11-25 04:00:00,12.2,77,4.4,282,0.0,993.5,45.0
2025-11-25 05:00:00,11.6,82,4.3,275,0.0,993.5,45.0
2025-11-25 06:00:00,11.4,83,4.5,272,0.0,994.1,45.0
2025-11-25 07:00:00,11.8,80,5.9,272,0.0,994.6,60.0
2025-11-25 08:00:00,13.7,72,6.5,268,0.0,995.4,85.0
2025-11-25 09:00:00,16.7,59,4.3,275,0.0,996.0,130.0
2025-11-25 10:00:00,19.5,50,4.8,285,0.0,996.2,255.0
2025-11-25 11:00:00,21.9,42,7.1,297,0.0,995.2,900.0
2025-11-25 12:00:00,23.3,36,8.3,303,0.0,994.5,1015.0
2025-11-25 13:00:00,23.8,35,8.3,303,0.0,993.1,1115.0
2025-11-25 14:00:00,24.0,34,8.6,300,0.0,992.1,1140.0
2025-11-25 15:00:00,23.6,34,8.7,297,0.0,991.6,1115.0
2025-11-25 16:00:00,22.8,35,8.3,294,0.0,991.4,1015.0
2025-11-25 17:00:00,20.7,44,5.0,291,0.0,991.3,300.0
2025-11-25 18:00:00,20.0,46,5.2,290,0.0,991.6,220.0
2025-11-25 19:00:00,18.9,51,5.3,282,0.0,992.1,145.0
2025-11-25 20:00:00,17.8,55,5.4,278,0.0,992.1,115.0
2025-11-25 21:00:00,16.9,60,5.3,282,0.0,992.2,105.0
2025-11-25 22:00:00,16.0,63,5.2,290,0.0,991.8,95.0
2025-11-25 23:00:00,15.3,68,5.2,290,0.0,991.7,85.0
2025-11-26 00:00:00,14.8,67,5.4,291,0.0,991.5,95.0
2025-11-26 01:00:00,14.1,69,5.2,286,0.0,991.6,90.0
2025-11-26 02:00:00,13.3,73,4.7,279,0.0,991.3,75.0
2025-11-26 03:00:00,12.5,76,4.1,268,0.0,991.4,50.0
2025-11-26 04:00:00,11.9,79,4.0,262,0.0,991.5,40.0
2025-11-26 05:00:00,11.4,85,4.5,275,0.0,991.9,40.0
2025-11-26 06:00:00,11.2,86,4.1,268,0.0,993.0,45.0
2025-11-26 07:00:00,11.5,83,4.0,267,0.0,993.8,45.0
2025-11-26 08:00:00,13.5,74,4.3,292,0.0,994.9,65.0
2025-11-26 09:00:00,16.5,62,2.6,304,0.0,995.5,120.0
2025-11-26 10:00:00,19.3,51,2.0,315,0.0,995.8,270.0
2025-11-26 11:00:00,21.2,43,2.9,313,0.0,995.2,680.0
2025-11-26 12:00:00,22.9,35,3.4,313,0.0,994.6,830.0
2025-11-26 13:00:00,23.6,32,3.6,307,0.0,993.5,925.0
2025-11-26 14:00:00,23.9,31,3.9,298,0.0,992.8,1065.0
2025-11-26 15:00:00,23.7,31,4.8,299,0.0,992.8,1050.0
2025-11-26 16:00:00,22.9,33,5.4,307,0.0,992.8,925.0
2025-11-26 17:00:00,20.6,45,3.5,336,0.0,992.6,330.0
2025-11-26 18:00:00,19.6,46,4.0,3,0.0,993.4,280.0
2025-11-26 19:00:00,18.8,51,4.0,18,0.0,994.0,200.0
2025-11-26 20:00:00,18.4,52,2.8,18,0.0,994.3,145.0
2025-11-26 21:00:00,17.6,54,2.7,28,0.0,994.5,85.0
2025-11-26 22:00:00,17.2,56,1.0,22,0.0,994.8,50.0
2025-11-26 23:00:00,16.4,60,0.6,162,0.0,994.9,35.0
2025-11-27 00:00:00,15.9,61,0.4,207,0.0,994.8,25.0
2025-11-27 01:00:00,15.6,62,0.4,270,0.0,994.8,20.0
2025-11-27 02:00:00,14.8,65,0.6,288,0.0,994.2,35.0
2025-11-27 03:00:00,14.0,67,0.8,297,0.0,993.9,35.0
2025-11-27 04:00:00,13.4,70,1.0,301,0.0,994.0,35.0
2025-11-27 05:00:00,13.3,71,0.6,326,0.0,994.4,30.0
2025-11-27 06:00:00,12.8,74,1.1,351,0.0,995.1,35.0
2025-11-27 07:00:00,12.6,77,1.6,360,0.0,995.6,35.0
2025-11-27 08:00:00,14.5,71,2.8,45,0.0,996.4,45.0
2025-11-27 09:00:00,17.4,59,2.0,63,0.0,997.1,125.0
2025-11-27 10:00:00,19.9,47,3.0,65,0.0,997.2,395.0
2025-11-27 11:00:00,21.6,35,3.3,68,0.0,996.3,655.0
2025-11-27 12:00:00,23.2,31,3.1,66,0.0,995.7,775.0
2025-11-27 13:00:00,24.0,29,2.1,70,0.0,994.8,940.0
2025-11-27 14:00:00,24.4,29,2.1,59,0.0,993.9,1045.0
2025-11-27 15:00:00,24.3,29,2.6,51,0.0,993.5,1090.0
2025-11-27 16:00:00,23.5,32,3.1,59,0.0,993.5,1080.0
2025-11-27 17:00:00,21.3,46,2.1,59,0.0,993.2,130.0
2025-11-27 18:00:00,20.3,49,2.2,35,0.0,993.8,190.0
2025-11-27 19:00:00,19.3,54,2.5,21,0.0,994.3,155.0
2025-11-27 20:00:00,18.6,58,2.5,4,0.0,994.5,130.0
2025-11-27 21:00:00,17.7,62,2.9,338,0.0,994.6,95.0
2025-11-27 22:00:00,16.9,66,3.4,360,0.0,994.4,85.0
2025-11-27 23:00:00,16.2,71,3.3,347,0.0,994.4,70.0
2025-11-28 00:00:00,15.3,74,3.7,337,0.0,993.7,65.0
2025-11-28 01:00:00,14.7,75,3.8,343,0.0,993.6,60.0
2025-11-28 02:00:00,14.2,76,3.1,315,0.0,993.2,50.0
2025-11-28 03:00:00,13.4,79,3.9,292,0.0,993.0,50.0
2025-11-28 04:00:00,12.5,84,4.8,285,0.0,992.7,60.0
2025-11-28 05:00:00,11.8,88,3.9,286,0.0,992.9,50.0
2025-11-28 06:00:00,11.5,88,3.8,287,0.0,993.3,40.0
2025-11-28 07:00:00,12.1,84,4.1,270,0.0,993.8,40.0
2025-11-28 08:00:00,14.2,73,6.3,267,0.0,994.8,80.0
2025-11-28 09:00:00,16.7,63,5.0,283,0.0,995.4,155.0
2025-11-28 10:00:00,19.3,53,4.8,295,0.0,995.4,265.0
2025-11-28 11:00:00,21.8,44,5.2,299,0.0,994.9,425.0
2025-11-28 12:00:00,23.6,36,5.3,315,0.0,993.9,540.0
2025-11-28 13:00:00,24.6,32,6.4,317,0.0,992.7,660.0
2025-11-28 14:00:00,25.2,30,7.0,310,0.0,992.0,790.0
2025-11-28 15:00:00,25.2,29,7.6,313,0.0,991.4,815.0
2025-11-28 16:00:00,24.3,33,7.7,306,0.0,991.3,690.0
2025-11-28 17:00:00,20.8,54,4.0,273,0.0,991.3,105.0
2025-11-28 18:00:00,20.5,52,4.7,286,0.0,991.7,135.0
2025-11-28 19:00:00,19.8,54,5.1,293,0.0,991.9,135.0
2025-11-28 20:00:00,19.1,57,5.6,299,0.0,991.9,130.0
2025-11-28 21:00:00,18.4,60,5.5,302,0.0,992.1,125.0
2025-11-28 22:00:00,17.6,64,5.4,312,0.0,992.0,125.0
2025-11-28 23:00:00,16.5,71,5.2,292,0.0,991.9,95.0
2025-11-29 00:00:00,15.9,71,5.6,303,0.0,991.6,100.0
2025-11-29 01:00:00,15.5,71,6.2,306,0.0,991.4,115.0
2025-11-29 02:00:00,15.0,72,6.5,302,0.0,991.0,110.0
2025-11-29 03:00:00,14.7,71,7.3,300,0.0,991.0,110.0
2025-11-29 04:00:00,14.4,71,7.4,302,0.0,990.8,110.0
2025-11-29 05:00:00,13.9,73,7.8,304,0.0,990.7,110.0
2025-11-29 06:00:00,13.7,73,7.5,310,0.0,991.4,110.0
2025-11-29 07:00:00,13.7,73,7.5,303,0.0,992.2,110.0
2025-11-29 08:00:00,15.1,68,8.0,295,0.0,993.0,130.0
2025-11-29 09:00:00,17.4,60,6.2,306,0.0,993.6,180.0
2025-11-29 10:00:00,20.1,49,6.2,314,0.0,993.7,275.0
2025-11-29 11:00:00,23.0,41,6.6,311,0.0,993.1,395.0
2025-11-29 12:00:00,25.1,32,8.2,319,0.0,992.2,925.0
2025-11-29 13:00:00,25.9,30,10.9,326,0.0,991.2,1325.0
2025-11-29 14:00:00,25.9,32,11.5,321,0.0,990.3,1415.0
2025-11-29 15:00:00,25.4,34,11.2,316,0.0,990.1,1350.0
2025-11-29 16:00:00,24.5,36,9.4,312,0.0,989.8,1185.0
2025-11-29 17:00:00,22.5,42,5.2,297,0.0,989.9,330.0
2025-11-29 18:00:00,21.5,44,5.2,292,0.0,990.3,245.0
2025-11-29 19:00:00,20.5,47,5.5,287,0.0,990.6,175.0
2025-11-29 20:00:00,19.5,50,6.1,282,0.0,990.6,150.0
2025-11-29 21:00:00,18.6,52,6.3,285,0.0,990.7,140.0
2025-11-29 22:00:00,17.7,53,5.8,286,0.0,990.5,125.0
2025-11-29 23:00:00,16.6,58,5.8,284,0.0,990.4,110.0
2025-11-30 00:00:00,16.1,57,6.5,304,0.0,990.2,150.0
2025-11-30 01:00:00,15.1,58,5.5,308,0.0,990.0,145.0
2025-11-30 02:00:00,14.0,60,4.7,298,0.0,989.7,125.0
2025-11-30 03:00:00,13.4,60,4.7,288,0.0,989.5,100.0
2025-11-30 04:00:00,12.8,61,5.0,285,0.0,989.3,95.0
2025-11-30 05:00:00,12.5,68,5.5,289,0.0,989.8,110.0
2025-11-30 06:00:00,11.7,71,5.6,272,0.0,990.5,95.0
2025-11-30 07:00:00,11.9,71,6.8,268,0.0,991.1,95.0
2025-11-30 08:00:00,13.4,65,7.4,267,0.0,991.8,135.0
2025-11-30 09:00:00,15.8,56,6.7,275,0.0,992.4,195.0
2025-11-30 10:00:00,18.5,47,7.1,276,0.0,992.5,275.0
2025-11-30 11:00:00,21.2,38,8.5,275,0.0,992.1,430.0
2025-11-30 12:00:00,23.0,32,10.4,285,0.0,991.3,920.0
2025-11-30 13:00:00,23.6,31,12.5,288,0.0,990.3,1005.0
2025-11-30 14:00:00,23.4,31,12.9,288,0.0,989.4,990.0
2025-11-30 15:00:00,23.2,31,12.8,290,0.0,989.1,980.0
2025-11-30 16:00:00,22.5,32,10.6,293,0.0,988.9,915.0
2025-11-30 17:00:00,20.4,39,6.9,284,0.0,988.8,430.0
2025-11-30 18:00:00,19.5,42,7.3,286,0.0,989.1,300.0
2025-11-30 19:00:00,18.3,45,6.6,291,0.0,989.6,180.0
2025-11-30 20:00:00,17.2,47,5.8,296,0.0,989.9,125.0
2025-11-30 21:00:00,16.5,48,6.1,300,0.0,990.2,120.0
2025-11-30 22:00:00,15.7,48,5.9,297,0.0,990.2,105.0
2025-11-30 23:00:00,15.1,51,5.1,302,0.0,990.4,90.0
2025-12-01 00:00:00,13.9,51,5.7,316,0.0,990.0,85.0
2025-12-01 01:00:00,13.2,53,5.2,326,0.0,989.9,85.0
2025-12-01 02:00:00,12.6,55,4.2,329,0.0,989.6,70.0
2025-12-01 03:00:00,12.1,58,3.3,324,0.0,989.5,55.0
2025-12-01 04:00:00,11.6,60,3.1,347,0.0,989.4,45.0
2025-12-01 05:00:00,11.0,69,1.6,333,0.0,989.9,30.0
2025-12-01 06:00:00,10.2,73,0.7,256,0.0,990.2,15.0
2025-12-01 07:00:00,10.0,75,2.1,239,0.0,990.8,20.0
2025-12-01 08:00:00,12.2,65,3.7,247,0.0,991.5,45.0
2025-12-01 09:00:00,15.2,54,1.8,259,0.0,992.5,115.0
2025-12-01 10:00:00,18.1,44,1.8,270,0.0,992.5,220.0
2025-12-01 11:00:00,21.1,34,2.7,278,0.0,992.1,465.0
2025-12-01 12:00:00,23.2,28,4.8,281,0.0,991.2,715.0
2025-12-01 13:00:00,24.1,26,6.0,286,0.0,990.1,895.0
2025-12-01 14:00:00,24.3,26,6.5,289,0.0,989.2,1000.0
2025-12-01 15:00:00,24.0,27,6.5,289,0.0,988.4,1020.0
2025-12-01 16:00:00,23.1,30,5.0,289,0.0,988.2,720.0
2025-12-01 17:00:00,20.8,40,2.2,305,0.0,987.9,180.0
2025-12-01 18:00:00,20.0,43,1.8,354,0.0,988.5,150.0
2025-12-01 19:00:00,18.8,47,2.7,42,0.0,989.2,110.0
2025-12-01 20:00:00,17.9,51,2.7,86,0.0,989.7,85.0
2025-12-01 21:00:00,17.1,55,3.5,105,0.0,990.0,70.0
2025-12-01 22:00:00,16.3,58,4.4,125,0.0,990.0,70.0
2025-12-01 23:00:00,15.9,61,3.8,115,0.0,990.2,55.0
2025-12-02 00:00:00,14.9,65,3.3,99,0.0,989.9,40.0
2025-12-02 01:00:00,14.1,69,4.2,72,0.0,989.7,45.0
2025-12-02 02:00:00,13.6,70,5.0,64,0.0,989.7,60.0
2025-12-02 03:00:00,13.4,69,3.1,80,0.0,989.5,55.0
2025-12-02 04:00:00,13.2,69,3.1,90,0.0,989.5,50.0
2025-12-02 05:00:00,12.8,74,3.1,87,0.0,989.4,40.0
2025-12-02 06:00:00,12.7,72,4.1,119,0.0,989.9,45.0
2025-12-02 07:00:00,12.9,71,3.6,131,0.0,990.6,45.0
2025-12-02 08:00:00,15.0,61,3.7,129,0.0,991.6,65.0
2025-12-02 09:00:00,18.0,51,2.2,132,0.0,992.2,130.0
2025-12-02 10:00:00,20.8,43,2.7,160,0.0,992.5,285.0
2025-12-02 11:00:00,22.8,46,4.0,185,0.0,991.8,545.0
2025-12-02 12:00:00,24.2,46,3.5,204,0.0,990.8,870.0
2025-12-02 13:00:00,24.9,45,3.3,229,0.0,989.6,1135.0
2025-12-02 14:00:00,25.2,42,4.3,248,0.0,988.6,1645.0
2025-12-02 15:00:00,25.0,41,6.1,268,0.0,988.0,1855.0
2025-12-02 16:00:00,24.2,44,7.5,290,0.0,987.9,1365.0
2025-12-02 17:00:00,21.8,52,6.2,334,0.0,988.2,580.0
2025-12-02 18:00:00,20.9,51,6.3,342,0.0,989.1,555.0
2025-12-02 19:00:00,19.8,51,4.8,338,0.0,989.7,345.0
2025-12-02 20:00:00,18.6,55,4.5,337,0.0,990.3,205.0
2025-12-02 21:00:00,18.1,56,2.7,307,0.0,990.8,115.0
2025-12-02 22:00:00,16.7,59,4.5,286,0.0,991.1,90.0
2025-12-02 23:00:00,15.8,65,4.2,288,0.0,991.2,85.0
2025-12-03 00:00:00,14.4,67,4.5,293,0.0,990.9,75.0
2025-12-03 01:00:00,13.7,67,5.0,305,0.0,991.0,90.0
2025-12-03 02:00:00,12.8,68,4.4,302,0.0,991.2,80.0
2025-12-03 03:00:00,12.1,69,4.0,306,0.0,991.0,65.0
2025-12-03 04:00:00,11.3,71,4.2,313,0.0,991.0,70.0
2025-12-03 05:00:00,10.8,77,4.5,317,0.0,991.6,80.0
2025-12-03 06:00:00,10.3,79,4.3,312,0.0,992.3,70.0
2025-12-03 07:00:00,10.4,78,4.2,295,0.0,993.3,65.0
2025-12-03 08:00:00,12.5,69,5.1,280,0.0,994.3,90.0
2025-12-03 09:00:00,15.1,59,3.7,293,0.0,995.2,150.0
2025-12-03 10:00:00,17.9,49,5.0,305,0.0,995.5,400.0
2025-12-03 11:00:00,20.2,40,7.8,307,0.0,995.2,610.0
2025-12-03 12:00:00,21.7,34,8.0,312,0.0,994.5,805.0
2025-12-03 13:00:00,22.6,30,8.9,312,0.0,993.6,985.0
2025-12-03 14:00:00,22.9,29,9.7,309,0.0,993.1,1065.0
2025-12-03 15:00:00,22.4,30,10.4,304,0.0,992.9,1040.0
2025-12-03 16:00:00,21.4,34,9.4,299,0.0,992.6,940.0
2025-12-03 17:00:00,19.5,41,6.2,287,0.0,992.5,340.0
2025-12-03 18:00:00,18.8,45,6.4,295,0.0,993.2,290.0
2025-12-03 19:00:00,17.8,49,6.1,293,0.0,993.6,195.0
2025-12-03 20:00:00,16.8,52,6.6,292,0.0,994.0,165.0
2025-12-03 21:00:00,15.8,55,6.0,295,0.0,994.1,135.0
2025-12-03 22:00:00,14.9,57,5.7,283,0.0,994.1,110.0
2025-12-03 23:00:00,13.9,63,5.7,281,0.0,994.2,110.0
2025-12-04 00:00:00,12.9,66,6.1,293,0.0,994.1,120.0
2025-12-04 01:00:00,12.0,69,5.6,301,0.0,993.9,120.0
2025-12-04 02:00:00,11.5,70,5.9,297,0.0,993.7,115.0
2025-12-04 03:00:00,11.1,71,6.0,299,0.0,993.7,110.0
2025-12-04 04:00:00,10.7,72,5.9,293,0.0,993.1,100.0
2025-12-04 05:00:00,10.1,75,6.6,291,0.0,993.4,100.0
2025-12-04 06:00:00,9.8,75,7.2,292,0.0,993.9,105.0
2025-12-04 07:00:00,9.9,74,7.9,291,0.0,994.5,110.0
2025-12-04 08:00:00,11.4,68,9.1,280,0.0,995.1,140.0
2025-12-04 09:00:00,13.8,60,6.7,284,0.0,995.9,195.0
2025-12-04 10:00:00,16.4,51,7.3,293,0.0,995.8,385.0
2025-12-04 11:00:00,19.2,44,9.4,299,0.0,995.4,495.0
2025-12-04 12:00:00,20.8,38,9.8,294,0.0,994.6,625.0
2025-12-04 13:00:00,21.6,34,10.5,292,0.0,993.8,790.0
2025-12-04 14:00:00,21.9,32,10.5,292,0.0,993.1,870.0
2025-12-04 15:00:00,21.5,33,10.4,293,0.0,992.6,860.0
2025-12-04 16:00:00,20.6,36,10.0,296,0.0,992.4,845.0
2025-12-04 17:00:00,18.3,44,5.1,288,0.0,992.7,275.0
2025-12-04 18:00:00,17.5,47,4.9,278,0.0,993.0,145.0
2025-12-04 19:00:00,16.6,51,5.2,272,0.0,993.6,110.0
2025-12-04 20:00:00,15.7,54,5.9,268,0.0,994.0,95.0
2025-12-04 21:00:00,14.8,56,5.4,274,0.0,994.5,80.0
2025-12-04 22:00:00,14.0,58,5.5,287,0.0,994.5,75.0
2025-12-04 23:00:00,13.5,62,4.0,297,0.0,994.8,55.0
2025-12-05 00:00:00,12.3,65,4.6,296,0.0,994.6,45.0
2025-12-05 01:00:00,11.5,67,4.9,287,0.0,994.6,50.0
2025-12-05 02:00:00,10.9,68,4.8,281,0.0,994.3,50.0
2025-12-05 03:00:00,10.2,70,4.3,270,0.0,994.3,40.0
2025-12-05 04:00:00,9.5,74,4.7,272,0.0,994.2,45.0
2025-12-05 05:00:00,8.9,80,4.9,274,0.0,994.5,50.0
2025-12-05 06:00:00,8.6,81,4.5,265,0.0,995.0,50.0
2025-12-05 07:00:00,8.7,80,4.7,263,0.0,995.7,50.0
2025-12-05 08:00:00,10.5,71,5.2,268,0.0,996.4,65.0
2025-12-05 09:00:00,13.7,59,3.6,273,0.0,997.4,105.0
2025-12-05 10:00:00,16.8,47,3.9,283,0.0,997.9,200.0
2025-12-05 11:00:00,19.3,38,4.9,294,0.0,997.6,585.0
2025-12-05 12:00:00,20.8,31,5.2,297,0.0,997.0,725.0
2025-12-05 13:00:00,21.5,29,5.4,296,0.0,996.0,805.0
2025-12-05 14:00:00,21.8,31,5.6,299,0.0,995.3,815.0
2025-12-05 15:00:00,21.7,33,6.5,298,0.0,995.0,805.0
2025-12-05 16:00:00,20.8,37,7.5,291,0.0,994.7,630.0
2025-12-05 17:00:00,19.0,44,6.8,282,0.0,994.7,280.0
2025-12-05 18:00:00,18.2,48,5.2,282,0.0,994.7,200.0
2025-12-05 19:00:00,17.3,51,5.7,281,0.0,995.1,140.0
2025-12-05 20:00:00,16.2,56,5.6,285,0.0,995.3,115.0
2025-12-05 21:00:00,15.1,60,5.3,282,0.0,995.5,100.0
2025-12-05 22:00:00,14.4,62,5.6,277,0.0,995.4,90.0
2025-12-05 23:00:00,13.5,67,5.8,277,0.0,995.4,95.0
2025-12-06 00:00:00,12.9,66,5.9,284,0.0,995.2,95.0
2025-12-06 01:00:00,12.3,67,6.4,278,0.0,995.0,100.0
2025-12-06 02:00:00,11.8,68,7.0,270,0.0,994.7,95.0
2025-12-06 03:00:00,11.3,69,7.6,278,0.0,994.7,100.0
2025-12-06 04:00:00,10.9,70,8.1,291,0.0,994.0,120.0
2025-12-06 05:00:00,10.5,75,9.1,297,0.0,994.0,150.0
2025-12-06 06:00:00,10.2,76,9.3,297,0.0,994.3,155.0
2025-12-06 07:00:00,10.4,74,10.4,290,0.0,994.6,170.0
2025-12-06 08:00:00,11.9,68,11.5,284,0.0,995.2,215.0
2025-12-06 09:00:00,14.2,58,9.3,285,0.0,995.8,270.0
2025-12-06 10:00:00,16.8,49,9.3,292,0.0,995.6,330.0
2025-12-06 11:00:00,19.7,42,10.2,284,0.0,995.3,415.0
2025-12-06 12:00:00,21.9,35,10.2,283,0.0,994.5,505.0
2025-12-06 13:00:00,23.1,32,11.4,286,0.0,993.7,590.0
2025-12-06 14:00:00,23.6,32,11.9,281,0.0,993.2,635.0
2025-12-06 15:00:00,23.1,34,12.9,277,0.0,993.2,635.0
2025-12-06 16:00:00,22.1,36,10.9,279,0.0,992.9,580.0
2025-12-06 17:00:00,20.2,42,9.6,275,0.0,992.7,400.0
2025-12-06 18:00:00,19.4,42,10.2,283,0.0,993.1,350.0
2025-12-06 19:00:00,18.3,43,9.4,282,0.0,993.7,275.0
2025-12-06 20:00:00,17.6,44,8.9,278,0.0,993.9,230.0
2025-12-06 21:00:00,16.5,47,8.7,278,0.0,994.1,195.0
2025-12-06 22:00:00,15.9,50,8.8,281,0.0,994.2,190.0
2025-12-06 23:00:00,15.1,54,8.5,283,0.0,994.0,185.0
2025-12-07 00:00:00,14.5,57,8.3,283,0.0,994.0,170.0
2025-12-07 01:00:00,13.8,60,7.9,286,0.0,993.7,155.0
2025-12-07 02:00:00,13.2,63,8.0,290,0.0,993.6,150.0
2025-12-07 03:00:00,12.7,65,9.0,286,0.0,993.6,155.0
2025-12-07 04:00:00,12.3,67,9.4,283,0.0,993.2,155.0
2025-12-07 05:00:00,11.4,73,9.7,281,0.0,993.2,145.0
2025-12-07 06:00:00,10.8,76,9.0,280,0.0,993.6,130.0
2025-12-07 07:00:00,10.7,76,9.3,280,0.0,994.5,135.0
2025-12-07 08:00:00,12.1,70,10.4,271,0.0,995.1,160.0
2025-12-07 09:00:00,14.6,61,7.5,280,0.0,995.7,205.0
2025-12-07 10:00:00,17.4,52,7.9,283,0.0,996.0,280.0
2025-12-07 11:00:00,20.3,44,8.8,285,0.0,995.4,365.0
2025-12-07 12:00:00,22.4,39,9.0,290,0.0,994.5,440.0
2025-12-07 13:00:00,23.7,35,9.3,289,0.0,993.4,495.0
2025-12-07 14:00:00,24.1,35,9.6,287,0.0,992.4,540.0
2025-12-07 15:00:00,23.7,38,9.9,286,0.0,992.0,550.0
2025-12-07 16:00:00,22.7,41,9.7,286,0.0,991.9,550.0
2025-12-07 17:00:00,20.8,49,7.0,283,0.0,991.9,320.0
2025-12-07 18:00:00,20.3,52,8.1,287,0.0,992.3,285.0
2025-12-07 19:00:00,19.3,55,8.6,281,0.0,992.9,240.0
2025-12-07 20:00:00,18.3,58,8.2,279,0.0,993.4,195.0
2025-12-07 21:00:00,17.4,60,7.6,274,0.0,993.6,155.0
2025-12-07 22:00:00,16.6,61,7.4,274,0.0,993.7,135.0
2025-12-07 23:00:00,15.9,63,7.9,283,0.0,993.4,140.0
2025-12-08 00:00:00,15.2,64,8.0,297,0.0,993.2,130.0
2025-12-08 01:00:00,15.0,63,8.5,298,0.0,992.7,140.0
2025-12-08 02:00:00,14.6,62,8.4,293,0.0,992.6,135.0
2025-12-08 03:00:00,14.2,63,8.5,291,0.0,992.4,140.0
2025-12-08 04:00:00,13.7,65,8.7,288,0.0,992.2,135.0
2025-12-08 05:00:00,12.8,69,9.4,283,0.0,992.4,130.0
2025-12-08 06:00:00,12.2,72,9.3,286,0.0,993.2,130.0
2025-12-08 07:00:00,12.1,73,9.8,287,0.0,993.9,135.0
2025-12-08 08:00:00,13.5,67,10.8,281,0.0,994.8,155.0
2025-12-08 09:00:00,15.8,59,8.5,282,0.0,995.5,185.0
2025-12-08 10:00:00,18.6,49,8.6,290,0.0,996.0,255.0
2025-12-08 11:00:00,21.5,41,9.0,285,0.0,995.5,345.0
2025-12-08 12:00:00,23.6,36,9.5,291,0.0,994.6,470.0
2025-12-08 13:00:00,24.9,32,10.2,293,0.0,993.6,610.0
2025-12-08 14:00:00,25.2,31,11.7,297,0.0,992.8,710.0
2025-12-08 15:00:00,24.7,32,12.6,298,0.0,992.7,775.0
2025-12-08 16:00:00,23.7,35,11.1,297,0.0,992.6,695.0
2025-12-08 17:00:00,21.8,42,8.4,286,0.0,992.6,480.0
2025-12-08 18:00:00,20.7,47,9.4,287,0.0,993.2,335.0
2025-12-08 19:00:00,19.5,50,9.0,282,0.0,993.3,230.0
2025-12-08 20:00:00,18.6,51,8.7,276,0.0,993.2,185.0
2025-12-08 21:00:00,17.7,52,9.7,280,0.0,993.3,205.0
2025-12-08 22:00:00,16.8,53,9.6,286,0.0,993.3,210.0
2025-12-08 23:00:00,15.9,56,9.7,285,0.0,993.5,200.0
2025-12-09 00:00:00,15.0,58,9.5,281,0.0,993.1,185.0
2025-12-09 01:00:00,14.3,60,9.8,278,0.0,992.9,175.0
2025-12-09 02:00:00,13.7,63,10.1,276,0.0,992.6,175.0
2025-12-09 03:00:00,13.2,65,10.3,276,0.0,992.3,180.0
2025-12-09 04:00:00,12.8,67,10.5,275,0.0,991.9,180.0
2025-12-09 05:00:00,12.1,71,10.8,274,0.0,991.9,165.0
2025-12-09 06:00:00,11.7,72,10.4,272,0.0,992.5,160.0
2025-12-09 07:00:00,11.6,73,11.2,270,0.0,993.0,160.0
2025-12-09 08:00:00,12.8,68,12.7,263,0.0,993.8,190.0
2025-12-09 09:00:00,15.1,60,9.3,279,0.0,994.8,245.0
2025-12-09 10:00:00,17.9,51,8.9,288,0.0,995.1,345.0
2025-12-09 11:00:00,20.8,44,9.4,288,0.0,994.7,465.0
2025-12-09 12:00:00,22.9,38,10.7,295,0.0,994.0,655.0
2025-12-09 13:00:00,24.1,33,11.5,297,0.0,993.1,780.0
2025-12-09 14:00:00,24.5,31,11.7,297,0.0,992.3,835.0
2025-12-09 15:00:00,24.1,34,11.8,295,0.0,992.2,810.0
2025-12-09 16:00:00,23.1,38,11.0,293,0.0,992.3,730.0
2025-12-09 17:00:00,21.0,46,7.9,281,0.0,992.1,365.0
2025-12-09 18:00:00,20.3,49,8.3,283,0.0,992.7,285.0
2025-12-09 19:00:00,19.4,51,8.0,279,0.0,992.9,210.0
2025-12-09 20:00:00,18.7,52,8.3,283,0.0,993.0,190.0
2025-12-09 21:00:00,18.2,53,8.5,282,0.0,992.9,180.0
2025-12-09 22:00:00,17.5,55,8.9,284,0.0,992.8,170.0
2025-12-09 23:00:00,16.5,58,9.2,287,0.0,993.1,180.0
2025-12-10 00:00:00,15.3,62,9.3,288,0.0,992.7,165.0
2025-12-10 01:00:00,14.7,64,9.7,288,0.0,992.5,170.0
2025-12-10 02:00:00,14.2,66,9.5,291,0.0,992.2,170.0
2025-12-10 03:00:00,13.6,68,9.2,290,0.0,991.9,165.0
2025-12-10 04:00:00,13.2,70,9.4,287,0.0,991.5,160.0
2025-12-10 05:00:00,12.6,71,9.4,281,0.0,991.6,145.0
2025-12-10 06:00:00,12.1,73,9.4,273,0.0,992.0,130.0
2025-12-10 07:00:00,11.8,75,9.7,273,0.0,992.9,135.0
2025-12-10 08:00:00,13.0,70,10.3,274,0.0,993.7,150.0
2025-12-10 09:00:00,15.2,61,6.5,283,0.0,994.6,185.0
2025-12-10 10:00:00,17.9,52,5.9,282,0.0,994.7,255.0
2025-12-10 11:00:00,20.7,44,5.6,285,0.0,994.3,380.0
2025-12-10 12:00:00,22.7,38,7.1,291,0.0,993.7,595.0
2025-12-10 13:00:00,23.7,36,7.6,289,0.0,992.8,705.0
2025-12-10 14:00:00,24.1,35,8.9,291,0.0,992.3,760.0
2025-12-10 15:00:00,23.7,38,9.6,291,0.0,992.3,755.0
2025-12-10 16:00:00,22.8,43,8.2,284,0.0,992.1,660.0
2025-12-10 17:00:00,20.4,54,5.1,280,0.0,991.8,250.0
2025-12-10 18:00:00,20.3,53,5.7,283,0.0,992.4,220.0
2025-12-10 19:00:00,19.4,55,5.5,289,0.0,992.7,160.0
2025-12-10 20:00:00,18.4,58,5.2,297,0.0,993.0,110.0
2025-12-10 21:00:00,17.6,60,5.0,296,0.0,993.2,85.0
2025-12-10 22:00:00,17.0,61,5.4,300,0.0,993.0,80.0
2025-12-10 23:00:00,16.6,61,5.5,319,0.0,993.3,100.0
2025-12-11 00:00:00,15.2,64,6.0,307,0.0,992.9,80.0
2025-12-11 01:00:00,14.2,68,5.4,312,0.0,992.3,80.0
2025-12-11 02:00:00,13.2,73,5.0,300,0.0,992.2,70.0
2025-12-11 03:00:00,12.4,76,4.5,277,0.0,991.6,55.0
2025-12-11 04:00:00,12.1,78,5.1,262,0.0,991.3,50.0
2025-12-11 05:00:00,11.1,85,6.8,253,0.0,991.4,55.0
2025-12-11 06:00:00,10.8,86,6.4,252,0.0,991.7,60.0
2025-12-11 07:00:00,10.8,85,6.7,254,0.0,992.1,60.0
2025-12-11 08:00:00,12.4,76,6.9,265,0.0,992.9,80.0
2025-12-11 09:00:00,15.2,64,3.3,283,0.0,993.6,110.0
2025-12-11 10:00:00,18.3,52,3.7,284,0.0,993.9,185.0
2025-12-11 11:00:00,21.5,44,4.9,280,0.0,993.1,370.0
2025-12-11 12:00:00,23.5,37,7.1,286,0.0,992.3,635.0
2025-12-11 13:00:00,24.4,34,9.2,287,0.0,991.6,835.0
2025-12-11 14:00:00,24.7,33,10.4,287,0.0,990.8,885.0
2025-12-11 15:00:00,24.3,34,10.0,290,0.0,990.3,805.0
2025-12-11 16:00:00,23.4,38,8.0,288,0.0,990.2,705.0
2025-12-11 17:00:00,20.7,52,4.9,270,0.0,990.1,185.0
2025-12-11 18:00:00,20.0,55,4.4,263,0.0,990.6,105.0
2025-12-11 19:00:00,19.1,59,4.4,263,0.0,991.0,75.0
2025-12-11 20:00:00,18.2,62,4.5,272,0.0,991.3,65.0
2025-12-11 21:00:00,17.5,64,3.8,287,0.0,991.2,55.0
2025-12-11 22:00:00,17.1,65,3.0,303,0.0,991.0,45.0
2025-12-11 23:00:00,16.9,66,1.5,300,0.0,991.1,45.0
2025-12-12 00:00:00,15.4,71,2.7,270,0.0,990.6,35.0
2025-12-12 01:00:00,14.0,77,4.7,274,0.0,990.4,40.0
2025-12-12 02:00:00,13.2,80,5.2,282,0.0,990.4,50.0
2025-12-12 03:00:00,12.4,83,4.8,281,0.0,990.0,55.0
2025-12-12 04:00:00,11.8,85,4.5,272,0.0,989.6,50.0
2025-12-12 05:00:00,11.2,88,5.6,272,0.0,989.9,60.0
2025-12-12 06:00:00,10.5,90,4.4,263,0.0,990.2,55.0
2025-12-12 07:00:00,10.4,90,4.2,252,0.0,990.6,40.0
2025-12-12 08:00:00,12.2,82,5.1,260,0.0,991.4,55.0
2025-12-12 09:00:00,15.3,69,3.4,267,0.0,992.5,85.0
2025-12-12 10:00:00,18.4,56,2.9,274,0.0,992.8,160.0
2025-12-12 11:00:00,21.0,47,3.1,273,0.0,992.4,405.0
2025-12-12 12:00:00,22.9,40,3.4,302,0.0,991.6,595.0
2025-12-12 13:00:00,23.9,35,3.3,319,0.0,991.1,720.0
2025-12-12 14:00:00,24.4,32,3.6,323,0.0,990.3,795.0
2025-12-12 15:00:00,24.3,31,3.8,311,0.0,990.2,790.0
2025-12-12 16:00:00,23.5,34,4.0,278,0.0,990.1,610.0
2025-12-12 17:00:00,21.0,48,3.3,276,0.0,990.0,105.0
2025-12-12 18:00:00,19.9,53,3.5,305,0.0,990.8,130.0
2025-12-12 19:00:00,19.1,57,2.2,318,0.0,991.3,105.0
2025-12-12 20:00:00,18.4,61,2.2,312,0.0,991.8,80.0
2025-12-12 21:00:00,17.9,63,2.0,360,0.0,991.9,90.0
2025-12-12 22:00:00,17.2,66,2.4,36,0.0,991.7,90.0
2025-12-12 23:00:00,16.4,69,2.4,81,0.0,991.7,65.0
2025-12-13 00:00:00,15.3,75,2.3,51,0.0,991.3,60.0
2025-12-13 01:00:00,14.3,80,3.5,81,0.0,990.6,50.0
2025-12-13 02:00:00,13.9,82,1.9,68,0.0,990.4,35.0
2025-12-13 03:00:00,13.7,82,1.5,45,0.0,990.3,30.0
2025-12-13 04:00:00,13.4,83,0.9,37,0.0,990.1,20.0
2025-12-13 05:00:00,13.1,82,0.4,270,0.0,990.7,20.0
2025-12-13 06:00:00,12.8,83,0.0,270,0.0,991.2,35.0
2025-12-13 07:00:00,12.7,84,0.2,180,0.0,991.9,35.0
2025-12-13 08:00:00,14.1,79,3.1,111,0.0,992.8,45.0
2025-12-13 09:00:00,16.5,69,2.4,103,0.0,993.7,100.0
2025-12-13 10:00:00,19.3,58,3.0,104,0.0,994.3,225.0
2025-12-13 11:00:00,21.4,52,3.6,120,0.0,993.8,455.0
2025-12-13 12:00:00,23.1,44,2.8,125,0.0,993.1,640.0
2025-12-13 13:00:00,24.0,40,1.5,97,0.0,992.4,805.0
2025-12-13 14:00:00,24.5,37,1.1,72,0.0,991.6,890.0
2025-12-13 15:00:00,24.4,37,1.9,68,0.0,991.4,905.0
2025-12-13 16:00:00,23.8,39,3.5,75,0.0,991.4,905.0
2025-12-13 17:00:00,21.0,52,4.5,113,0.0,991.4,150.0
2025-12-13 18:00:00,20.2,57,4.0,122,0.0,992.2,165.0
2025-12-13 19:00:00,19.2,64,2.9,137,0.0,992.6,105.0
2025-12-13 20:00:00,18.2,68,2.4,126,0.0,993.0,85.0
2025-12-13 21:00:00,17.3,72,2.7,118,0.0,993.2,75.0
2025-12-13 22:00:00,16.3,77,4.0,117,0.0,993.0,60.0
2025-12-13 23:00:00,15.4,83,3.9,127,0.0,993.1,40.0
2025-12-14 00:00:00,14.7,85,3.1,118,0.0,992.6,35.0
2025-12-14 01:00:00,14.1,87,2.5,111,0.0,992.4,30.0
2025-12-14 02:00:00,13.7,89,1.8,127,0.0,992.3,20.0
2025-12-14 03:00:00,13.3,89,1.3,124,0.0,992.2,20.0
2025-12-14 04:00:00,13.0,90,0.8,153,0.0,991.9,15.0
2025-12-14 05:00:00,11.6,93,3.2,161,0.0,992.3,25.0
2025-12-14 06:00:00,11.2,94,4.3,156,0.0,992.8,30.0
2025-12-14 07:00:00,11.2,94,4.0,148,0.0,993.4,30.0
2025-12-14 08:00:00,13.5,86,4.5,143,0.0,994.3,30.0
2025-12-14 09:00:00,16.9,71,1.9,151,0.0,995.4,85.0
2025-12-14 10:00:00,19.8,60,1.3,164,0.0,995.9,240.0
2025-12-14 11:00:00,21.2,54,1.9,146,0.0,995.1,470.0
2025-12-14 12:00:00,22.8,48,0.8,117,0.0,994.5,635.0
2025-12-14 13:00:00,23.7,43,0.4,27,0.0,993.5,725.0
2025-12-14 14:00:00,24.2,41,0.5,360,0.0,992.5,815.0
2025-12-14 15:00:00,24.2,40,1.2,309,0.0,992.4,880.0
2025-12-14 16:00:00,23.4,51,1.0,315,0.0,992.1,900.0
2025-12-14 17:00:00,21.1,60,2.2,265,0.0,992.2,140.0
2025-12-14 18:00:00,20.2,60,3.1,310,0.0,993.0,170.0
2025-12-14 19:00:00,19.4,62,3.6,354,0.0,993.3,180.0
2025-12-14 20:00:00,18.8,65,3.1,13,0.0,993.7,150.0
2025-12-14 21:00:00,18.3,68,1.7,32,0.0,993.7,100.0
2025-12-14 22:00:00,17.9,69,0.6,34,0.0,993.6,75.0
2025-12-14 23:00:00,17.4,71,0.2,90,0.0,993.6,80.0
2025-12-15 00:00:00,16.3,75,0.9,259,0.0,993.0,55.0
2025-12-15 01:00:00,14.8,81,3.1,257,0.0,992.3,35.0
2025-12-15 02:00:00,13.6,88,5.2,266,0.0,992.0,40.0
2025-12-15 03:00:00,12.6,93,5.8,270,0.0,991.8,45.0
2025-12-15 04:00:00,12.0,95,5.0,272,0.0,991.1,50.0
2025-12-15 05:00:00,11.3,94,5.2,272,0.0,991.5,60.0
2025-12-15 06:00:00,10.9,95,5.0,270,0.0,992.0,50.0
2025-12-15 07:00:00,10.5,99,5.6,264,0.0,992.5,45.0
2025-12-15 08:00:00,11.5,97,6.3,257,0.0,993.2,65.0
2025-12-15 09:00:00,13.8,87,6.0,261,0.0,994.6,90.0
2025-12-15 10:00:00,16.1,76,4.3,268,0.0,995.0,130.0
2025-12-15 11:00:00,19.4,63,5.4,268,0.0,994.6,295.0
2025-12-15 12:00:00,21.7,51,6.1,275,0.0,993.9,470.0
2025-12-15 13:00:00,22.9,44,6.8,282,0.0,993.1,575.0
2025-12-15 14:00:00,23.3,46,7.4,283,0.0,992.4,680.0
2025-12-15 15:00:00,23.2,48,7.4,283,0.0,991.9,705.0
2025-12-15 16:00:00,22.4,50,7.1,286,0.0,991.6,665.0
2025-12-15 17:00:00,19.9,57,5.1,293,0.0,991.3,290.0
2025-12-15 18:00:00,19.1,60,4.8,283,0.0,991.9,150.0
2025-12-15 19:00:00,18.2,64,5.1,278,0.0,992.6,105.0
2025-12-15 20:00:00,17.3,68,5.4,272,0.0,992.8,90.0
2025-12-15 21:00:00,16.6,69,6.3,272,0.0,993.1,95.0
2025-12-15 22:00:00,16.2,68,7.7,279,0.0,993.2,120.0
2025-12-15 23:00:00,15.4,70,8.3,286,0.0,993.3,145.0
2025-12-16 00:00:00,14.4,73,7.9,290,0.0,992.8,135.0
2025-12-16 01:00:00,13.7,76,7.8,292,0.0,992.3,135.0
2025-12-16 02:00:00,13.2,79,8.0,298,0.0,991.9,140.0
2025-12-16 03:00:00,12.8,82,8.4,301,0.0,991.6,150.0
2025-12-16 04:00:00,12.5,85,8.9,298,0.0,991.0,160.0
2025-12-16 05:00:00,12.0,88,9.3,295,0.0,991.1,170.0
2025-12-16 06:00:00,11.8,89,9.3,292,0.0,991.5,165.0
2025-12-16 07:00:00,11.6,90,9.9,285,0.0,991.9,165.0
2025-12-16 08:00:00,13.0,83,11.2,281,0.0,992.6,200.0
2025-12-16 09:00:00,15.2,73,9.3,286,0.0,993.3,275.0
2025-12-16 10:00:00,17.8,62,10.3,293,0.0,993.5,390.0
2025-12-16 11:00:00,20.0,56,11.0,293,0.0,992.9,505.0
2025-12-16 12:00:00,21.9,48,11.7,295,0.0,992.2,580.0
2025-12-16 13:00:00,23.0,45,11.3,292,0.0,991.3,625.0
2025-12-16 14:00:00,23.3,45,11.1,290,0.0,990.6,665.0
2025-12-16 15:00:00,23.1,48,11.5,287,0.0,990.8,680.0
2025-12-16 16:00:00,22.2,52,11.1,287,0.0,990.8,670.0
2025-12-16 17:00:00,20.5,60,7.9,282,0.0,990.7,495.0
2025-12-16 18:00:00,19.6,64,8.1,288,0.0,991.4,345.0
2025-12-16 19:00:00,18.8,67,8.6,286,0.0,992.0,275.0
2025-12-16 20:00:00,18.1,69,8.9,283,0.0,992.2,235.0
2025-12-16 21:00:00,17.3,71,9.0,280,0.0,992.5,210.0
2025-12-16 22:00:00,16.6,74,8.9,284,0.0,992.2,200.0
2025-12-16 23:00:00,15.5,79,7.7,288,0.0,992.4,155.0
2025-12-17 00:00:00,14.6,83,7.9,290,0.0,992.0,145.0
2025-12-17 01:00:00,14.1,85,7.6,288,0.0,991.9,135.0
2025-12-17 02:00:00,13.5,86,8.0,288,0.0,991.8,140.0
2025-12-17 03:00:00,13.1,87,8.5,283,0.0,991.8,150.0
2025-12-17 04:00:00,12.7,88,9.1,280,0.0,991.4,155.0
2025-12-17 05:00:00,11.6,90,9.3,280,0.0,991.6,150.0
2025-12-17 06:00:00,11.4,90,9.0,282,0.0,992.2,150.0
2025-12-17 07:00:00,11.4,90,9.1,279,0.0,992.8,150.0
2025-12-17 08:00:00,12.9,82,10.5,273,0.0,993.5,180.0
2025-12-17 09:00:00,15.2,71,8.7,275,0.0,994.3,245.0
2025-12-17 10:00:00,17.8,62,8.9,278,0.0,994.5,310.0
2025-12-17 11:00:00,19.9,57,9.3,286,0.0,994.3,400.0
2025-12-17 12:00:00,21.8,51,9.2,296,0.0,993.7,510.0
2025-12-17 13:00:00,23.1,47,9.1,302,0.0,992.9,630.0
2025-12-17 14:00:00,23.8,45,8.7,302,0.0,992.2,695.0
2025-12-17 15:00:00,23.7,46,8.2,299,0.0,992.0,705.0
2025-12-17 16:00:00,22.8,50,7.6,288,0.0,991.9,655.0
2025-12-17 17:00:00,20.6,60,6.5,273,0.0,991.8,300.0
2025-12-17 18:00:00,19.6,64,7.1,279,0.0,992.4,220.0
2025-12-17 19:00:00,18.9,65,7.4,277,0.0,992.7,185.0
2025-12-17 20:00:00,18.1,66,6.9,275,0.0,992.9,145.0
2025-12-17 21:00:00,17.1,69,6.5,276,0.0,993.2,125.0
2025-12-17 22:00:00,16.1,72,5.7,283,0.0,993.0,110.0
2025-12-17 23:00:00,14.9,78,5.2,284,0.0,993.3,95.0
2025-12-18 00:00:00,14.4,79,5.3,298,0.0,993.2,100.0
2025-12-18 01:00:00,13.4,85,4.7,310,0.0,993.3,95.0
2025-12-18 02:00:00,12.8,87,4.4,305,0.0,993.1,75.0
2025-12-18 03:00:00,12.5,88,4.5,299,0.0,992.9,70.0
2025-12-18 04:00:00,12.0,89,4.7,288,0.0,992.7,65.0
2025-12-18 05:00:00,11.9,92,6.2,277,0.0,993.1,75.0
2025-12-18 06:00:00,11.8,93,6.0,279,0.0,993.6,75.0
2025-12-18 07:00:00,11.6,94,6.0,277,0.0,994.3,75.0
2025-12-18 08:00:00,12.9,89,6.7,272,0.0,995.1,90.0
2025-12-18 09:00:00,15.3,78,4.8,292,0.0,995.9,150.0
2025-12-18 10:00:00,17.8,68,5.0,308,0.0,996.1,250.0
2025-12-18 11:00:00,19.3,61,5.5,319,0.0,995.8,390.0
2025-12-18 12:00:00,21.0,52,5.7,323,0.0,994.8,500.0
2025-12-18 13:00:00,22.0,48,6.1,315,0.0,993.9,590.0
2025-12-18 14:00:00,22.5,47,7.0,314,0.0,993.2,675.0
2025-12-18 15:00:00,22.4,49,8.3,318,0.0,992.8,680.0
2025-12-18 16:00:00,21.6,53,7.8,318,0.0,992.6,600.0
2025-12-18 17:00:00,19.3,62,5.1,306,0.0,992.5,325.0
2025-12-18 18:00:00,18.2,69,4.9,306,0.0,992.7,250.0
2025-12-18 19:00:00,17.6,73,4.7,313,0.0,993.0,215.0
2025-12-18 20:00:00,17.0,76,4.7,328,0.0,993.4,175.0
2025-12-18 21:00:00,16.2,81,4.3,336,0.0,993.5,150.0
2025-12-18 22:00:00,15.4,85,4.0,330,0.0,993.2,120.0
2025-12-18 23:00:00,14.8,88,4.0,321,0.0,992.7,100.0
2025-12-19 00:00:00,13.9,91,5.0,314,0.0,992.4,90.0
2025-12-19 01:00:00,13.3,93,4.9,298,0.0,991.8,75.0
2025-12-19 02:00:00,13.0,94,5.2,292,0.0,991.7,80.0
2025-12-19 03:00:00,12.9,94,6.2,285,0.0,991.5,85.0
2025-12-19 04:00:00,12.4,95,6.8,281,0.0,991.1,80.0
2025-12-19 05:00:00,11.7,96,7.7,281,0.0,991.3,85.0
2025-12-19 06:00:00,11.2,97,6.3,288,0.0,991.7,85.0
2025-12-19 07:00:00,11.2,97,6.0,291,0.0,992.3,85.0
2025-12-19 08:00:00,12.1,95,6.4,288,0.0,993.1,90.0
2025-12-19 09:00:00,13.6,92,4.5,284,0.0,993.6,120.0
2025-12-19 10:00:00,16.2,78,4.0,278,0.0,993.9,190.0
2025-12-19 11:00:00,18.0,66,5.5,281,0.0,993.6,340.0
2025-12-19 12:00:00,20.0,55,7.0,293,0.0,992.6,435.0
2025-12-19 13:00:00,21.3,48,7.7,298,0.0,991.8,525.0
2025-12-19 14:00:00,21.9,44,7.3,298,0.0,990.7,555.0
2025-12-19 15:00:00,21.9,44,7.1,291,0.0,990.1,535.0
2025-12-19 16:00:00,21.0,50,6.9,287,0.0,989.9,500.0
2025-12-19 17:00:00,18.5,65,5.0,285,0.0,989.3,290.0
2025-12-19 18:00:00,17.6,70,5.1,278,0.0,989.5,155.0
2025-12-19 19:00:00,16.7,74,5.3,280,0.0,989.5,110.0
2025-12-19 20:00:00,15.8,78,5.2,282,0.0,989.9,90.0
2025-12-19 21:00:00,15.0,80,5.1,287,0.0,990.1,80.0
2025-12-19 22:00:00,14.2,83,4.8,281,0.0,989.8,65.0
2025-12-19 23:00:00,13.5,85,5.2,282,0.0,989.5,70.0
2025-12-20 00:00:00,12.7,86,5.1,280,0.0,988.6,60.0
2025-12-20 01:00:00,12.2,88,5.3,282,0.0,988.6,65.0
2025-12-20 02:00:00,11.6,89,5.1,274,0.0,988.3,55.0
2025-12-20 03:00:00,11.1,90,5.1,264,0.0,988.0,55.0
2025-12-20 04:00:00,10.7,92,5.2,268,0.0,987.9,55.0
2025-12-20 05:00:00,9.7,97,4.3,268,0.0,988.3,35.0
2025-12-20 06:00:00,9.6,98,3.4,273,0.0,988.9,35.0
2025-12-20 07:00:00,9.5,99,3.0,256,0.0,989.6,35.0
2025-12-20 08:00:00,10.7,95,2.1,239,0.0,990.6,40.0
2025-12-20 09:00:00,13.7,83,0.6,72,0.0,992.0,70.0
2025-12-20 10:00:00,17.0,68,1.3,74,0.0,992.4,140.0
2025-12-20 11:00:00,18.7,60,3.4,115,0.0,992.4,405.0
2025-12-20 12:00:00,20.3,54,3.0,115,0.0,991.5,600.0
2025-12-20 13:00:00,21.2,50,2.2,104,0.0,990.7,740.0
2025-12-20 14:00:00,21.8,48,1.1,90,0.0,990.2,810.0
2025-12-20 15:00:00,21.8,48,1.3,90,0.0,989.8,810.0
2025-12-20 16:00:00,21.2,51,2.5,94,0.0,989.4,415.0
2025-12-20 17:00:00,18.1,73,3.1,103,0.0,989.6,110.0
2025-12-20 18:00:00,17.2,75,6.1,109,0.0,990.0,170.0
2025-12-20 19:00:00,16.1,80,6.2,112,0.0,990.6,180.0
2025-12-20 20:00:00,15.1,84,6.4,106,0.0,991.2,160.0
2025-12-20 21:00:00,14.1,88,6.4,108,0.0,991.6,145.0
2025-12-20 22:00:00,13.3,91,6.9,115,0.0,991.4,140.0
2025-12-20 23:00:00,12.5,95,6.6,116,0.0,991.5,140.0
2025-12-21 00:00:00,12.0,96,5.3,118,0.0,991.3,120.0
2025-12-21 01:00:00,11.7,96,4.8,121,0.0,991.2,105.0
2025-12-21 02:00:00,11.3,97,4.5,119,0.0,990.8,95.0
2025-12-21 03:00:00,11.0,97,4.5,119,0.0,990.6,90.0
2025-12-21 04:00:00,10.7,98,4.8,127,0.0,990.2,90.0
2025-12-21 05:00:00,10.8,99,5.1,138,0.0,990.7,90.0
2025-12-21 06:00:00,11.0,98,5.7,131,0.0,991.2,110.0
2025-12-21 07:00:00,11.1,98,6.0,143,0.0,992.1,110.0
2025-12-21 08:00:00,11.5,98,5.5,148,0.0,992.9,100.0
2025-12-21 09:00:00,12.9,91,5.5,139,0.0,994.0,155.0
2025-12-21 10:00:00,15.1,81,5.1,122,0.0,994.4,245.0
2025-12-21 11:00:00,16.2,75,4.0,111,0.0,994.0,305.0
2025-12-21 12:00:00,18.1,67,3.8,93,0.0,993.5,390.0
2025-12-21 13:00:00,19.4,61,3.4,93,0.0,992.7,480.0
2025-12-21 14:00:00,20.2,57,3.4,90,0.0,992.2,550.0
2025-12-21 15:00:00,20.4,56,3.6,84,0.0,991.6,565.0
2025-12-21 16:00:00,19.8,59,4.0,90,0.0,991.1,475.0
2025-12-21 17:00:00,16.6,78,3.2,128,0.0,991.4,250.0
2025-12-21 18:00:00,16.0,80,3.3,135,0.0,992.1,140.0
2025-12-21 19:00:00,15.3,84,3.1,135,0.0,992.6,85.0
2025-12-21 20:00:00,14.8,87,3.3,135,0.0,993.0,70.0
2025-12-21 21:00:00,14.4,88,2.3,135,0.0,993.4,65.0
2025-12-21 22:00:00,13.8,91,3.7,133,0.0,993.4,80.0
2025-12-21 23:00:00,13.3,93,4.5,133,0.0,993.4,90.0
2025-12-22 00:00:00,12.6,95,4.1,146,0.0,993.0,80.0
2025-12-22 01:00:00,12.2,96,3.9,158,0.0,992.7,70.0
2025-12-22 02:00:00,11.7,98,4.0,172,0.0,992.5,50.0
2025-12-22 03:00:00,11.4,100,3.5,165,0.0,992.3,45.0
2025-12-22 04:00:00,11.4,100,2.9,150,0.0,992.1,55.0
2025-12-22 05:00:00,11.8,99,5.2,146,0.0,992.5,100.0
2025-12-22 06:00:00,11.9,100,4.2,137,0.0,993.0,90.0
2025-12-22 07:00:00,11.9,99,3.6,131,0.0,993.4,75.0
2025-12-22 08:00:00,12.1,98,3.9,152,0.0,993.9,75.0
2025-12-22 09:00:00,13.0,94,4.7,164,0.0,994.8,90.0
2025-12-22 10:00:00,15.1,83,3.1,167,0.0,995.2,290.0
2025-12-22 11:00:00,16.1,79,0.6,124,0.0,994.7,335.0
2025-12-22 12:00:00,18.3,71,1.6,27,0.0,993.7,365.0
2025-12-22 13:00:00,19.9,63,2.7,4,0.0,992.7,405.0
2025-12-22 14:00:00,21.0,57,3.5,348,0.0,991.7,460.0
2025-12-22 15:00:00,21.3,55,3.0,346,0.0,991.0,480.0
2025-12-22 16:00:00,20.8,60,2.0,355,0.0,990.5,455.0
2025-12-22 17:00:00,19.1,68,1.3,236,0.0,990.0,40.0
2025-12-22 18:00:00,17.9,73,2.7,250,0.0,990.3,55.0
2025-12-22 19:00:00,17.1,77,3.1,283,0.0,990.4,75.0
2025-12-22 20:00:00,16.4,80,4.3,318,0.0,990.7,105.0
2025-12-22 21:00:00,15.9,82,3.5,336,0.0,991.1,95.0
2025-12-22 22:00:00,15.4,84,2.5,330,0.0,990.9,75.0
2025-12-22 23:00:00,14.6,89,3.2,297,0.0,990.9,55.0
2025-12-23 00:00:00,13.5,94,3.4,273,0.0,990.7,30.0
2025-12-23 01:00:00,12.9,96,4.3,253,0.0,990.3,35.0
2025-12-23 02:00:00,12.7,97,4.3,255,0.0,990.1,35.0
2025-12-23 03:00:00,12.4,98,5.7,261,0.0,989.8,45.0
2025-12-23 04:00:00,12.4,98,7.2,267,0.0,989.6,65.0
2025-12-23 05:00:00,11.7,98,8.7,266,0.0,989.8,85.0
2025-12-23 06:00:00,11.6,98,8.2,280,0.0,990.1,100.0
2025-12-23 07:00:00,11.7,97,8.3,276,0.0,990.7,110.0
2025-12-23 08:00:00,12.6,96,9.1,285,0.0,991.5,125.0
2025-12-23 09:00:00,14.1,93,7.1,289,0.0,992.3,160.0
2025-12-23 10:00:00,16.8,79,6.8,282,0.0,992.6,215.0
2025-12-23 11:00:00,19.0,69,7.4,284,0.0,992.2,285.0
2025-12-23 12:00:00,21.0,61,7.6,289,0.0,991.6,365.0
2025-12-23 13:00:00,22.4,57,8.4,295,0.0,990.7,520.0
2025-12-23 14:00:00,23.1,53,9.5,299,0.0,990.0,635.0
2025-12-23 15:00:00,22.9,54,9.9,302,0.0,989.7,675.0
2025-12-23 16:00:00,22.0,59,9.3,302,0.0,989.2,655.0
2025-12-23 17:00:00,20.5,65,7.8,292,0.0,989.2,555.0
2025-12-23 18:00:00,19.4,71,8.2,289,0.0,989.6,435.0
2025-12-23 19:00:00,18.3,76,8.9,289,0.0,990.1,350.0
2025-12-23 20:00:00,17.4,78,9.2,291,0.0,990.3,330.0
2025-12-23 21:00:00,16.6,80,9.3,288,0.0,990.4,300.0
2025-12-23 22:00:00,15.9,82,9.9,289,0.0,990.3,295.0
2025-12-23 23:00:00,15.2,84,10.4,290,0.0,990.2,285.0
2025-12-24 00:00:00,14.5,87,10.2,296,0.0,990.0,295.0
2025-12-24 01:00:00,14.1,88,9.8,293,0.0,989.8,280.0
2025-12-24 02:00:00,13.7,89,9.8,290,0.0,989.7,285.0
2025-12-24 03:00:00,13.4,90,9.6,287,0.0,989.5,260.0
2025-12-24 04:00:00,12.9,90,9.2,281,0.0,989.3,230.0
2025-12-24 05:00:00,12.5,91,9.6,276,0.0,989.5,235.0
2025-12-24 06:00:00,11.9,90,9.6,275,0.0,989.7,225.0
2025-12-24 07:00:00,11.6,90,9.6,274,0.0,990.5,205.0
2025-12-24 08:00:00,12.6,84,9.7,268,0.0,991.3,230.0
2025-12-24 09:00:00,14.6,75,8.6,268,0.0,992.2,300.0
2025-12-24 10:00:00,16.7,67,8.8,272,0.0,992.4,435.0
2025-12-24 11:00:00,18.9,60,10.4,279,0.0,992.1,890.0
2025-12-24 12:00:00,20.4,45,12.1,290,0.0,991.4,1005.0
2025-12-24 13:00:00,21.0,41,11.8,291,0.0,990.6,1095.0
2025-12-24 14:00:00,21.1,40,11.6,294,0.0,990.0,1130.0
2025-12-24 15:00:00,20.8,42,11.7,297,0.0,989.9,1125.0
2025-12-24 16:00:00,20.0,44,10.9,301,0.0,989.8,1100.0
2025-12-24 17:00:00,18.6,50,7.2,297,0.0,989.7,615.0
2025-12-24 18:00:00,17.5,57,5.5,293,0.0,990.0,315.0
2025-12-24 19:00:00,16.3,64,4.6,281,0.0,990.2,140.0
2025-12-24 20:00:00,15.5,67,4.9,268,0.0,990.7,95.0
2025-12-24 21:00:00,14.7,68,5.4,268,0.0,990.9,85.0
2025-12-24 22:00:00,14.1,69,5.8,263,0.0,990.8,80.0
2025-12-24 23:00:00,13.0,74,5.4,256,0.0,990.9,70.0
2025-12-25 00:00:00,12.3,75,5.4,264,0.0,990.4,65.0
2025-12-25 01:00:00,11.9,75,6.0,261,0.0,990.4,80.0
2025-12-25 02:00:00,11.3,76,6.5,262,0.0,990.1,85.0
2025-12-25 03:00:00,10.8,77,6.6,261,0.0,989.9,80.0
2025-12-25 04:00:00,10.2,78,6.9,261,0.0,989.6,85.0
2025-12-25 05:00:00,9.8,82,7.8,265,0.0,990.1,85.0
2025-12-25 06:00:00,9.4,82,7.1,263,0.0,990.6,85.0
2025-12-25 07:00:00,9.3,81,7.5,262,0.0,991.5,85.0
2025-12-25 08:00:00,10.7,74,8.0,262,0.0,992.7,100.0
2025-12-25 09:00:00,13.1,64,4.5,270,0.0,993.5,125.0
2025-12-25 10:00:00,15.9,53,4.0,291,0.0,993.7,195.0
2025-12-25 11:00:00,18.5,46,5.2,295,0.0,993.4,395.0
2025-12-25 12:00:00,19.9,43,5.8,290,0.0,992.8,670.0
2025-12-25 13:00:00,20.7,40,6.7,286,0.0,991.9,1010.0
2025-12-25 14:00:00,21.0,38,6.7,289,0.0,991.2,1105.0
2025-12-25 15:00:00,20.8,39,6.5,289,0.0,991.1,1105.0
2025-12-25 16:00:00,19.9,45,4.7,293,0.0,990.8,915.0
2025-12-25 17:00:00,17.9,54,4.4,277,0.0,990.8,155.0
2025-12-25 18:00:00,17.1,57,4.7,274,0.0,991.3,115.0
2025-12-25 19:00:00,16.0,65,4.1,270,0.0,991.7,65.0
2025-12-25 20:00:00,15.2,69,3.8,262,0.0,992.3,40.0
2025-12-25 21:00:00,14.6,73,3.0,256,0.0,992.5,35.0
2025-12-25 22:00:00,14.1,75,2.2,265,0.0,992.4,35.0
2025-12-25 23:00:00,13.2,79,2.1,255,0.0,992.3,25.0
2025-12-26 00:00:00,12.9,79,1.5,256,0.0,991.9,20.0
2025-12-26 01:00:00,12.6,79,1.3,278,0.0,991.7,20.0
2025-12-26 02:00:00,11.9,82,2.3,302,0.0,991.4,30.0
2025-12-26 03:00:00,11.3,83,2.8,288,0.0,991.2,35.0
2025-12-26 04:00:00,10.7,85,4.3,275,0.0,991.2,45.0
2025-12-26 05:00:00,10.4,87,4.7,266,0.0,991.5,60.0
2025-12-26 06:00:00,10.1,87,4.3,265,0.0,991.7,55.0
2025-12-26 07:00:00,9.9,86,3.4,264,0.0,992.2,40.0
2025-12-26 08:00:00,11.3,79,3.3,261,0.0,992.8,35.0
2025-12-26 09:00:00,13.7,68,2.3,288,0.0,993.8,95.0
2025-12-26 10:00:00,16.3,58,3.0,295,0.0,994.1,200.0
2025-12-26 11:00:00,18.3,52,5.9,290,0.0,993.5,510.0
2025-12-26 12:00:00,19.8,43,7.5,294,0.0,992.9,775.0
2025-12-26 13:00:00,20.7,39,7.6,298,0.0,992.2,920.0
2025-12-26 14:00:00,21.1,38,8.4,305,0.0,991.7,1035.0
2025-12-26 15:00:00,20.8,40,8.4,317,0.0,991.3,1045.0
2025-12-26 16:00:00,20.0,44,8.2,322,0.0,991.0,970.0
2025-12-26 17:00:00,18.6,51,6.0,307,0.0,990.8,415.0
2025-12-26 18:00:00,17.7,59,3.9,313,0.0,991.4,290.0
2025-12-26 19:00:00,16.7,65,4.2,335,0.0,991.7,195.0
2025-12-26 20:00:00,16.0,69,4.6,342,0.0,992.1,155.0
2025-12-26 21:00:00,15.2,73,4.6,342,0.0,992.0,135.0
2025-12-26 22:00:00,14.5,77,4.5,337,0.0,991.8,115.0
2025-12-26 23:00:00,13.9,81,4.8,340,0.0,991.8,130.0
2025-12-27 00:00:00,12.8,85,5.1,333,0.0,991.3,90.0
2025-12-27 01:00:00,12.2,87,4.4,322,0.0,991.1,70.0
2025-12-27 02:00:00,11.8,89,4.9,327,0.0,990.7,75.0
2025-12-27 03:00:00,11.2,92,5.1,312,0.0,990.6,75.0
2025-12-27 04:00:00,10.6,95,5.1,297,0.0,990.3,65.0
2025-12-27 05:00:00,10.1,98,5.4,278,0.0,990.8,60.0
2025-12-27 06:00:00,9.8,98,5.4,272,0.0,991.1,60.0
2025-12-27 07:00:00,9.7,98,5.2,268,0.0,991.8,65.0
2025-12-27 08:00:00,10.7,94,5.6,268,0.0,992.8,85.0
2025-12-27 09:00:00,12.5,86,4.4,279,0.0,993.8,120.0
2025-12-27 10:00:00,15.1,73,4.4,291,0.0,994.2,195.0
2025-12-27 11:00:00,17.3,65,5.2,299,0.0,993.7,440.0
2025-12-27 12:00:00,19.1,56,6.1,293,0.0,993.1,590.0
2025-12-27 13:00:00,20.0,52,6.4,295,0.0,992.1,695.0
2025-12-27 14:00:00,20.5,51,6.8,299,0.0,991.5,775.0
2025-12-27 15:00:00,20.5,50,7.6,298,0.0,991.2,805.0
2025-12-27 16:00:00,19.8,54,7.5,312,0.0,991.0,760.0
2025-12-27 17:00:00,18.2,66,4.0,297,0.0,990.7,255.0
2025-12-27 18:00:00,17.6,67,4.1,285,0.0,991.3,155.0
2025-12-27 19:00:00,16.9,71,3.9,286,0.0,991.8,105.0
2025-12-27 20:00:00,16.3,75,3.0,308,0.0,992.4,75.0
2025-12-27 21:00:00,15.5,77,2.7,340,0.0,992.2,65.0
2025-12-27 22:00:00,14.9,79,1.4,270,0.0,992.2,25.0
2025-12-27 23:00:00,13.8,85,2.4,257,0.0,991.9,30.0
2025-12-28 00:00:00,12.9,88,3.8,262,0.0,991.5,35.0
2025-12-28 01:00:00,12.1,91,4.5,268,0.0,991.3,45.0
2025-12-28 02:00:00,11.5,92,4.7,277,0.0,991.5,55.0
2025-12-28 03:00:00,10.9,94,4.7,286,0.0,991.5,65.0
2025-12-28 04:00:00,10.1,95,4.2,282,0.0,991.0,50.0
2025-12-28 05:00:00,9.6,97,4.5,272,0.0,991.3,40.0
2025-12-28 06:00:00,9.6,97,4.3,268,0.0,992.1,40.0
2025-12-28 07:00:00,9.4,99,4.7,261,0.0,992.6,50.0
2025-12-28 08:00:00,10.1,96,4.9,260,0.0,993.5,60.0
2025-12-28 09:00:00,11.9,89,4.2,260,0.0,994.0,85.0
2025-12-28 10:00:00,15.2,74,3.8,267,0.0,994.8,150.0
2025-12-28 11:00:00,17.7,64,5.6,274,0.0,994.3,405.0
2025-12-28 12:00:00,19.1,56,6.3,283,0.0,993.8,535.0
2025-12-28 13:00:00,20.1,52,6.2,292,0.0,992.8,630.0
2025-12-28 14:00:00,20.5,50,5.9,297,0.0,992.1,705.0
2025-12-28 15:00:00,20.4,50,5.0,300,0.0,991.8,720.0
2025-12-28 16:00:00,19.8,55,5.6,301,0.0,991.8,680.0
2025-12-28 17:00:00,18.0,64,4.5,293,0.0,991.6,215.0
2025-12-28 18:00:00,17.0,71,3.7,317,0.0,992.0,135.0
2025-12-28 19:00:00,16.7,73,2.3,328,0.0,992.5,60.0
2025-12-28 20:00:00,15.8,76,2.9,30,0.0,992.8,80.0
2025-12-28 21:00:00,14.9,81,3.1,59,0.0,992.9,80.0
2025-12-28 22:00:00,14.1,85,2.3,86,0.0,992.6,60.0
2025-12-28 23:00:00,13.3,89,1.2,117,0.0,992.3,30.0
2025-12-29 00:00:00,13.0,89,0.3,135,0.0,992.3,15.0
2025-12-29 01:00:00,12.7,91,0.2,180,0.0,991.8,40.0
2025-12-29 02:00:00,11.4,98,0.4,207,0.0,991.6,10.0
2025-12-29 03:00:00,11.1,99,1.9,236,0.0,991.3,35.0
2025-12-29 04:00:00,11.0,99,3.4,245,0.0,991.1,55.0
2025-12-29 05:00:00,10.6,98,3.9,254,0.0,991.5,65.0
2025-12-29 06:00:00,10.6,97,3.8,267,0.0,992.0,75.0
2025-12-29 07:00:00,10.7,95,3.1,267,0.0,992.5,90.0
2025-12-29 08:00:00,10.9,95,3.2,254,0.0,993.3,90.0
2025-12-29 09:00:00,11.6,96,3.4,245,0.0,994.1,60.0
2025-12-29 10:00:00,13.4,86,2.4,253,0.0,994.4,145.0
2025-12-29 11:00:00,15.3,77,4.1,283,0.0,994.2,270.0
2025-12-29 12:00:00,17.5,65,4.9,294,0.0,993.4,390.0
2025-12-29 13:00:00,18.9,53,5.5,297,0.0,992.4,495.0
2025-12-29 14:00:00,19.8,46,5.6,303,0.0,991.8,560.0
2025-12-29 15:00:00,19.9,44,5.6,303,0.0,991.2,590.0
2025-12-29 16:00:00,19.2,49,5.6,301,0.0,991.2,550.0
2025-12-29 17:00:00,16.8,66,4.0,288,0.0,991.0,220.0
2025-12-29 18:00:00,15.7,73,3.8,289,0.0,991.3,90.0
2025-12-29 19:00:00,15.0,78,3.6,288,0.0,991.9,55.0
2025-12-29 20:00:00,14.4,81,3.4,286,0.0,992.3,40.0
2025-12-29 21:00:00,13.7,84,2.5,262,0.0,992.2,30.0
2025-12-29 22:00:00,12.9,87,2.1,255,0.0,992.0,20.0
2025-12-29 23:00:00,12.0,92,3.2,254,0.0,991.9,25.0
2025-12-30 00:00:00,11.2,96,3.2,243,0.0,991.2,20.0
2025-12-30 01:00:00,10.7,98,2.9,281,0.0,991.1,25.0
2025-12-30 02:00:00,10.6,97,2.6,282,0.0,990.6,45.0
2025-12-30 03:00:00,10.4,99,3.3,276,0.0,990.3,55.0
2025-12-30 04:00:00,9.8,99,5.0,283,0.0,989.8,60.0
2025-12-30 05:00:00,9.8,99,4.4,289,0.0,990.0,60.0
2025-12-30 06:00:00,9.7,99,4.2,280,0.0,990.1,65.0
2025-12-30 07:00:00,9.7,99,4.4,279,0.0,990.7,70.0
2025-12-30 08:00:00,10.0,98,4.1,270,0.0,991.1,80.0
2025-12-30 09:00:00,10.9,97,4.7,270,0.0,991.8,90.0
2025-12-30 10:00:00,13.8,80,3.6,270,0.0,992.1,155.0
2025-12-30 11:00:00,16.7,67,5.0,270,0.0,991.1,300.0
2025-12-30 12:00:00,18.6,56,6.0,275,0.0,989.9,425.0
2025-12-30 13:00:00,19.9,47,6.5,275,0.0,988.8,510.0
2025-12-30 14:00:00,20.4,46,7.2,270,0.0,987.8,555.0
2025-12-30 15:00:00,20.4,45,7.6,266,0.0,987.3,550.0
2025-12-30 16:00:00,19.6,52,7.4,271,0.0,987.3,515.0
2025-12-30 17:00:00,17.9,62,5.0,285,0.0,987.1,305.0
2025-12-30 18:00:00,16.7,69,4.8,295,0.0,987.6,180.0
2025-12-30 19:00:00,15.9,72,4.8,299,0.0,988.1,110.0
2025-12-30 20:00:00,15.3,74,4.8,307,0.0,988.5,75.0
2025-12-30 21:00:00,14.8,76,3.5,325,0.0,988.5,55.0
2025-12-30 22:00:00,14.2,78,3.1,353,0.0,988.3,55.0
2025-12-30 23:00:00,13.4,80,2.4,347,0.0,988.4,50.0
2025-12-31 00:00:00,12.8,80,0.8,27,0.0,988.0,30.0
2025-12-31 01:00:00,12.2,82,1.2,117,0.0,987.9,35.0
2025-12-31 02:00:00,11.2,86,2.3,122,0.0,987.5,35.0
2025-12-31 03:00:00,10.3,90,2.4,144,0.0,987.4,30.0
2025-12-31 04:00:00,9.4,95,3.6,135,0.0,986.8,30.0
2025-12-31 05:00:00,9.1,99,4.7,118,0.0,987.0,35.0
2025-12-31 06:00:00,9.2,99,5.8,110,0.0,987.4,50.0
2025-12-31 07:00:00,9.2,98,6.3,127,0.0,987.9,60.0
2025-12-31 08:00:00,10.4,93,7.6,135,0.0,988.7,95.0
2025-12-31 09:00:00,11.6,91,6.0,136,0.0,989.3,125.0
2025-12-31 10:00:00,14.2,77,5.9,130,0.0,989.9,195.0
2025-12-31 11:00:00,16.2,71,7.5,138,0.0,989.4,365.0
2025-12-31 12:00:00,17.8,68,7.1,131,0.0,988.4,495.0
2025-12-31 13:00:00,18.9,64,6.4,128,0.0,987.3,600.0
2025-12-31 14:00:00,19.4,61,6.3,121,0.0,986.6,665.0
2025-12-31 15:00:00,19.3,61,8.2,113,0.0,985.9,650.0
2025-12-31 16:00:00,18.3,65,8.4,100,0.0,985.7,550.0
2025-12-31 17:00:00,14.7,80,9.4,102,0.0,986.3,335.0
2025-12-31 18:00:00,13.4,86,11.2,102,0.0,987.0,290.0
2025-12-31 19:00:00,12.4,89,10.5,107,0.0,987.3,265.0
2025-12-31 20:00:00,12.1,90,9.6,106,0.0,987.9,250.0
2025-12-31 21:00:00,11.8,91,9.3,114,0.0,988.3,240.0
2025-12-31 22:00:00,11.6,93,9.3,115,0.0,988.4,245.0
2025-12-31 23:00:00,11.4,96,9.5,127,0.0,988.1,245.0
2026-01-01 00:00:00,11.1,97,8.3,120,0.0,987.8,200.0
2026-01-01 01:00:00,10.9,97,7.8,122,0.0,988.0,195.0
2026-01-01 02:00:00,10.6,97,7.1,120,0.0,988.1,185.0
2026-01-01 03:00:00,10.5,98,6.0,115,0.0,988.2,175.0
2026-01-01 04:00:00,10.5,98,6.3,114,0.0,987.9,165.0
2026-01-01 05:00:00,10.7,99,7.2,118,0.0,988.6,175.0
2026-01-01 06:00:00,10.9,98,8.7,130,1.1,988.8,215.0
2026-01-01 07:00:00,11.0,98,9.8,126,0.5,989.3,220.0
2026-01-01 08:00:00,11.5,96,9.6,146,0.0,989.8,225.0
2026-01-01 09:00:00,12.2,94,6.9,141,0.0,991.0,165.0
2026-01-01 10:00:00,13.2,91,7.2,148,0.0,991.7,225.0
2026-01-01 11:00:00,14.0,88,7.3,155,0.0,991.5,280.0
2026-01-01 12:00:00,15.5,82,4.7,182,0.0,990.9,385.0
2026-01-01 13:00:00,16.6,78,3.9,227,0.0,990.4,525.0
2026-01-01 14:00:00,16.9,77,3.3,261,0.0,989.9,570.0
2026-01-01 15:00:00,16.9,77,3.1,306,0.0,989.8,580.0
2026-01-01 16:00:00,16.8,78,3.5,332,0.0,989.4,540.0
2026-01-01 17:00:00,15.5,81,3.4,354,0.0,989.5,520.0
2026-01-01 18:00:00,15.0,85,3.8,357,0.0,989.9,505.0
2026-01-01 19:00:00,14.4,88,1.8,11,0.0,990.4,185.0
2026-01-01 20:00:00,14.2,88,1.5,330,0.0,991.0,130.0
2026-01-01 21:00:00,14.1,89,2.7,8,0.0,991.5,160.0
2026-01-01 22:00:00,13.3,91,4.1,29,0.0,991.3,140.0
2026-01-01 23:00:00,13.2,93,5.0,300,0.0,991.6,185.0
2026-01-02 00:00:00,13.3,94,6.1,302,0.0,991.6,315.0
2026-01-02 01:00:00,13.4,92,6.9,309,0.0,991.3,500.0
2026-01-02 02:00:00,13.2,92,7.4,315,0.0,991.3,495.0
2026-01-02 03:00:00,13.1,92,9.0,322,0.0,991.4,515.0
2026-01-02 04:00:00,13.0,92,8.7,328,0.0,991.0,515.0
2026-01-02 05:00:00,12.4,93,9.7,325,0.0,991.2,475.0
2026-01-02 06:00:00,12.8,90,9.2,313,0.0,991.8,505.0
2026-01-02 07:00:00,12.7,89,8.1,299,0.0,992.5,500.0
2026-01-02 08:00:00,13.1,85,9.0,296,0.0,993.3,500.0
2026-01-02 09:00:00,14.1,78,9.7,304,0.0,994.3,525.0
2026-01-02 10:00:00,15.4,70,8.5,302,0.0,994.8,710.0
2026-01-02 11:00:00,15.9,67,8.9,298,0.0,994.8,800.0
2026-01-02 12:00:00,16.8,60,9.2,301,0.0,994.1,910.0
2026-01-02 13:00:00,17.3,56,10.2,302,0.0,993.6,995.0
2026-01-02 14:00:00,17.5,55,9.2,310,0.0,993.0,955.0
2026-01-02 15:00:00,17.4,55,8.3,309,0.0,992.6,940.0
2026-01-02 16:00:00,16.9,58,7.6,301,0.0,992.2,930.0
2026-01-02 17:00:00,15.0,67,8.7,302,0.0,992.5,815.0
2026-01-02 18:00:00,13.8,75,5.5,311,0.0,992.8,415.0
2026-01-02 19:00:00,13.1,80,4.6,312,0.0,993.5,285.0
2026-01-02 20:00:00,12.3,84,3.6,307,0.0,993.8,135.0
2026-01-02 21:00:00,12.0,84,2.2,265,0.0,993.8,45.0
2026-01-02 22:00:00,11.1,88,3.9,254,0.0,993.8,45.0
2026-01-02 23:00:00,11.2,90,3.0,287,0.0,993.8,55.0
2026-01-03 00:00:00,11.8,89,2.7,312,0.0,993.3,95.0
2026-01-03 01:00:00,12.0,88,3.1,306,0.0,993.3,110.0
2026-01-03 02:00:00,11.9,90,3.2,322,0.0,993.3,140.0
2026-01-03 03:00:00,11.8,90,3.3,338,0.0,992.9,260.0
2026-01-03 04:00:00,11.6,88,2.3,309,0.0,992.2,200.0
2026-01-03 05:00:00,10.7,94,4.9,270,0.0,992.4,110.0
2026-01-03 06:00:00,11.1,92,5.1,266,0.0,992.7,150.0
2026-01-03 07:00:00,11.3,91,4.0,260,0.0,993.3,175.0
2026-01-03 08:00:00,11.8,88,3.6,279,0.0,994.0,225.0
2026-01-03 09:00:00,13.0,83,4.4,300,0.0,994.9,685.0
2026-01-03 10:00:00,13.9,75,6.6,311,0.0,995.5,665.0
2026-01-03 11:00:00,14.8,70,6.6,307,0.0,995.3,825.0
2026-01-03 12:00:00,15.7,65,5.5,297,0.0,994.5,1015.0
2026-01-03 13:00:00,16.6,59,5.2,286,0.0,993.8,1130.0
2026-01-03 14:00:00,17.0,55,5.3,282,0.0,993.2,1235.0
2026-01-03 15:00:00,17.1,54,5.4,284,0.0,992.9,1255.0
2026-01-03 16:00:00,16.6,55,5.5,289,0.0,992.9,1240.0
2026-01-03 17:00:00,14.3,70,3.6,319,0.0,993.0,325.0
2026-01-03 18:00:00,13.3,73,3.8,319,0.0,993.4,170.0
2026-01-03 19:00:00,12.6,76,3.2,333,0.0,993.8,100.0
2026-01-03 20:00:00,12.3,77,1.8,349,0.0,994.4,55.0
2026-01-03 21:00:00,12.3,76,1.1,351,0.0,994.8,35.0
2026-01-03 22:00:00,12.2,75,0.7,360,0.0,994.6,30.0
2026-01-03 23:00:00,11.3,81,1.5,21,0.0,994.2,30.0
2026-01-04 00:00:00,10.7,83,1.8,336,0.0,993.8,35.0
2026-01-04 01:00:00,9.9,87,2.1,290,0.0,993.6,30.0
2026-01-04 02:00:00,9.1,91,3.2,273,0.0,993.5,30.0
2026-01-04 03:00:00,8.5,93,4.0,280,0.0,993.3,30.0
2026-01-04 04:00:00,8.7,94,4.4,279,0.0,993.1,40.0
2026-01-04 05:00:00,8.7,96,4.8,245,0.0,993.0,45.0
2026-01-04 06:00:00,9.1,96,6.3,275,0.0,993.6,80.0
2026-01-04 07:00:00,9.3,94,6.3,267,0.0,994.5,95.0
2026-01-04 08:00:00,10.4,90,5.2,276,0.0,995.5,130.0
2026-01-04 09:00:00,11.9,83,5.0,270,0.0,996.5,200.0
2026-01-04 10:00:00,13.7,75,5.2,290,0.0,996.9,375.0
2026-01-04 11:00:00,15.1,68,9.2,303,0.0,996.7,910.0
2026-01-04 12:00:00,16.1,61,7.4,315,0.0,995.9,1175.0
2026-01-04 13:00:00,16.5,58,7.3,312,0.0,995.1,1230.0
2026-01-04 14:00:00,16.9,56,6.9,311,0.0,994.6,1280.0
2026-01-04 15:00:00,17.1,55,5.9,305,0.0,994.0,1230.0
2026-01-04 16:00:00,16.5,56,5.9,293,0.0,993.8,1095.0
2026-01-04 17:00:00,14.8,68,3.8,301,0.0,993.8,455.0
2026-01-04 18:00:00,13.6,74,4.7,317,0.0,994.2,150.0
2026-01-04 19:00:00,12.8,79,4.2,329,0.0,995.0,95.0
2026-01-04 20:00:00,12.7,80,3.6,340,0.0,995.8,80.0
2026-01-04 21:00:00,12.8,81,4.2,335,0.0,996.5,150.0
2026-01-04 22:00:00,12.3,85,4.3,332,0.0,996.5,175.0
2026-01-04 23:00:00,11.4,89,5.1,350,0.0,996.3,200.0
2026-01-05 00:00:00,11.1,88,6.2,350,0.0,995.9,210.0
2026-01-05 01:00:00,10.4,86,6.7,341,0.0,995.8,215.0
2026-01-05 02:00:00,10.0,85,6.1,341,0.0,995.5,170.0
2026-01-05 03:00:00,9.5,85,5.2,333,0.0,995.2,100.0
2026-01-05 04:00:00,9.2,85,5.2,316,0.0,995.1,85.0
2026-01-05 05:00:00,8.6,89,5.2,311,0.0,995.5,100.0
2026-01-05 06:00:00,8.6,90,4.6,318,0.0,995.8,95.0
2026-01-05 07:00:00,8.5,90,3.6,307,0.0,996.2,70.0
2026-01-05 08:00:00,10.1,87,5.6,287,0.0,997.0,80.0
2026-01-05 09:00:00,12.0,80,3.9,294,0.0,997.7,210.0
2026-01-05 10:00:00,13.8,71,4.5,310,0.0,998.2,560.0
2026-01-05 11:00:00,14.6,68,6.0,297,0.0,998.2,705.0
2026-01-05 12:00:00,15.8,64,5.4,304,0.0,997.2,755.0
2026-01-05 13:00:00,16.6,61,4.6,312,0.0,996.1,750.0
2026-01-05 14:00:00,17.2,60,5.6,295,0.0,995.6,785.0
2026-01-05 15:00:00,17.2,61,6.2,300,0.0,995.1,785.0
2026-01-05 16:00:00,16.6,64,8.6,290,0.0,994.9,810.0
2026-01-05 17:00:00,15.0,74,5.8,296,0.0,994.7,365.0
2026-01-05 18:00:00,14.1,79,5.8,290,0.0,995.0,265.0
2026-01-05 19:00:00,13.2,84,4.9,298,0.0,995.4,165.0
2026-01-05 20:00:00,12.8,86,4.1,326,0.0,995.5,125.0
2026-01-05 21:00:00,12.2,88,4.8,335,0.0,995.5,165.0
2026-01-05 22:00:00,11.3,90,4.9,324,0.0,995.4,155.0
2026-01-05 23:00:00,11.0,91,5.2,335,0.0,995.2,135.0
2026-01-06 00:00:00,10.4,92,4.5,331,0.0,994.9,100.0
2026-01-06 01:00:00,9.9,93,5.1,312,0.0,994.8,90.0
2026-01-06 02:00:00,9.5,94,5.1,309,0.0,994.4,85.0
2026-01-06 03:00:00,9.0,95,4.5,304,0.0,994.3,70.0
2026-01-06 04:00:00,8.5,98,4.7,286,0.0,994.2,50.0
2026-01-06 05:00:00,8.7,99,5.5,287,0.0,994.5,85.0
2026-01-06 06:00:00,8.6,99,4.0,297,0.0,995.0,80.0
2026-01-06 07:00:00,9.0,98,4.7,266,0.0,995.7,85.0
2026-01-06 08:00:00,9.9,96,6.7,278,0.0,996.6,105.0
2026-01-06 09:00:00,11.4,92,5.0,285,0.0,997.4,160.0
2026-01-06 10:00:00,13.4,84,6.0,279,0.0,997.9,280.0
2026-01-06 11:00:00,14.2,75,8.2,284,0.0,997.8,475.0
2026-01-06 12:00:00,15.4,69,7.6,288,0.0,997.0,540.0
2026-01-06 13:00:00,16.4,64,7.7,300,0.0,996.0,605.0
2026-01-06 14:00:00,17.0,61,7.6,304,0.0,995.5,655.0
2026-01-06 15:00:00,17.1,63,7.4,304,0.0,995.2,645.0
2026-01-06 16:00:00,16.5,67,7.8,304,0.0,994.8,585.0
2026-01-06 17:00:00,14.6,73,6.0,299,0.0,995.2,275.0
2026-01-06 18:00:00,13.2,79,5.7,302,0.0,995.4,175.0
2026-01-06 19:00:00,12.5,82,5.6,299,0.0,995.9,135.0
2026-01-06 20:00:00,11.7,86,5.3,308,0.0,996.4,125.0
2026-01-06 21:00:00,10.9,89,5.1,324,0.0,996.8,125.0
2026-01-06 22:00:00,10.3,92,5.2,329,0.0,996.9,125.0
2026-01-06 23:00:00,9.6,96,4.8,329,0.0,996.8,105.0
2026-01-07 00:00:00,9.7,96,5.0,314,0.0,996.3,105.0
2026-01-07 01:00:00,9.5,97,5.1,306,0.0,996.2,100.0
2026-01-07 02:00:00,9.0,97,5.0,300,0.0,996.0,95.0
2026-01-07 03:00:00,7.9,99,5.0,289,0.0,995.8,85.0
2026-01-07 04:00:00,7.9,100,4.9,278,0.0,995.6,80.0
2026-01-07 05:00:00,8.5,99,6.7,270,0.0,996.4,95.0
2026-01-07 06:00:00,8.7,99,5.2,282,0.0,996.7,110.0
2026-01-07 07:00:00,8.9,99,7.0,293,0.0,997.5,120.0
2026-01-07 08:00:00,9.5,98,8.2,302,0.0,997.9,190.0
2026-01-07 09:00:00,9.9,98,9.1,306,0.0,998.5,195.0
2026-01-07 10:00:00,10.5,94,10.7,310,0.0,999.0,200.0
2026-01-07 11:00:00,11.6,84,7.4,311,0.0,999.0,375.0
2026-01-07 12:00:00,13.4,77,5.1,302,0.0,998.2,445.0
2026-01-07 13:00:00,14.5,73,5.2,295,0.0,997.3,510.0
2026-01-07 14:00:00,15.3,69,5.5,311,0.0,996.7,565.0
2026-01-07 15:00:00,15.4,69,4.9,309,0.0,996.2,600.0
2026-01-07 16:00:00,15.0,71,4.7,293,0.0,996.0,635.0
2026-01-07 17:00:00,12.7,82,4.0,306,0.0,996.1,465.0
2026-01-07 18:00:00,11.9,84,5.6,320,0.0,996.3,220.0
2026-01-07 19:00:00,11.2,87,6.6,325,0.0,996.5,215.0
2026-01-07 20:00:00,10.5,90,6.3,325,0.0,996.9,200.0
2026-01-07 21:00:00,10.1,91,6.8,325,0.0,997.1,210.0
2026-01-07 22:00:00,9.9,91,7.4,321,0.0,996.9,205.0
2026-01-07 23:00:00,9.3,96,6.9,315,0.0,997.1,150.0
2026-01-08 00:00:00,8.4,98,6.0,309,0.0,996.6,150.0
2026-01-08 01:00:00,8.8,98,7.5,307,0.0,996.5,175.0
2026-01-08 02:00:00,8.9,98,8.1,309,0.0,996.7,255.0
2026-01-08 03:00:00,9.1,98,8.7,310,0.0,996.6,290.0
2026-01-08 04:00:00,8.8,99,7.8,304,0.0,996.5,285.0
2026-01-08 05:00:00,7.5,100,5.3,303,0.0,997.1,110.0
2026-01-08 06:00:00,7.7,98,4.6,312,0.0,997.5,140.0
2026-01-08 07:00:00,7.7,96,4.6,318,0.0,998.2,155.0
2026-01-08 08:00:00,7.8,95,4.1,319,0.0,999.0,145.0
2026-01-08 09:00:00,8.1,95,2.8,315,0.0,999.8,105.0
2026-01-08 10:00:00,9.0,92,3.6,319,0.0,1000.1,245.0
2026-01-08 11:00:00,10.2,82,3.3,331,0.0,999.9,355.0
2026-01-08 12:00:00,12.2,76,3.1,336,0.0,998.9,390.0
2026-01-08 13:00:00,13.4,73,4.1,331,0.0,997.7,405.0
2026-01-08 14:00:00,14.2,68,4.3,332,0.0,996.7,440.0
2026-01-08 15:00:00,14.4,67,3.3,338,0.0,995.8,445.0
2026-01-08 16:00:00,14.1,69,3.0,327,0.0,995.4,415.0
2026-01-08 17:00:00,13.3,73,2.1,290,0.0,995.0,75.0
2026-01-08 18:00:00,11.8,79,4.0,291,0.0,995.3,65.0
2026-01-08 19:00:00,10.8,85,4.8,307,0.0,995.8,85.0
2026-01-08 20:00:00,10.2,88,4.5,323,0.0,996.3,95.0
2026-01-08 21:00:00,9.6,90,4.1,347,0.0,996.6,100.0
2026-01-08 22:00:00,8.9,93,4.3,17,0.0,996.2,95.0
2026-01-08 23:00:00,8.6,97,3.9,24,0.0,996.2,75.0
2026-01-09 00:00:00,8.3,100,4.2,25,0.0,996.0,75.0
2026-01-09 01:00:00,8.4,100,4.1,29,0.0,996.2,75.0
2026-01-09 02:00:00,8.3,98,4.8,25,0.0,996.3,85.0
2026-01-09 03:00:00,7.9,96,5.3,33,0.0,996.1,90.0
2026-01-09 04:00:00,7.6,97,6.0,39,0.0,995.6,110.0
2026-01-09 05:00:00,7.5,97,3.9,34,0.0,995.7,75.0
2026-01-09 06:00:00,7.7,95,2.7,37,0.7,996.3,70.0
2026-01-09 07:00:00,7.8,95,1.8,336,0.0,996.9,30.0
2026-01-09 08:00:00,8.2,95,3.3,6,0.0,997.3,90.0
2026-01-09 09:00:00,9.3,96,2.9,90,0.0,997.9,80.0
2026-01-09 10:00:00,11.4,89,0.9,90,0.0,998.3,170.0
2026-01-09 11:00:00,13.4,78,2.1,160,0.0,998.2,260.0
2026-01-09 12:00:00,15.3,67,1.8,169,0.0,997.3,375.0
2026-01-09 13:00:00,16.5,59,0.2,90,0.0,996.3,470.0
2026-01-09 14:00:00,17.1,54,1.5,7,0.0,995.5,540.0
2026-01-09 15:00:00,17.3,52,2.0,360,0.0,995.0,595.0
2026-01-09 16:00:00,16.9,55,2.5,356,0.0,994.8,620.0
2026-01-09 17:00:00,15.0,65,3.4,342,0.0,994.3,80.0
2026-01-09 18:00:00,13.8,70,5.1,342,0.0,994.6,130.0
2026-01-09 19:00:00,12.9,78,5.4,345,0.0,995.0,135.0
2026-01-09 20:00:00,12.2,82,6.0,350,0.0,995.4,145.0
2026-01-09 21:00:00,11.2,87,5.1,350,0.0,995.3,140.0
2026-01-09 22:00:00,10.4,89,4.5,344,0.0,995.3,120.0
2026-01-09 23:00:00,10.0,91,4.4,330,0.0,995.0,105.0
2026-01-10 00:00:00,9.4,93,4.5,323,0.0,994.7,90.0
2026-01-10 01:00:00,8.8,95,4.8,323,0.0,994.3,85.0
2026-01-10 02:00:00,8.5,96,4.7,310,0.0,994.4,90.0
2026-01-10 03:00:00,8.2,97,5.0,311,0.0,994.1,95.0
2026-01-10 04:00:00,7.8,98,5.1,297,0.0,993.8,85.0
2026-01-10 05:00:00,7.2,98,4.7,298,0.0,993.6,70.0
2026-01-10 06:00:00,7.0,98,4.8,297,0.0,994.1,75.0
2026-01-10 07:00:00,6.6,98,5.4,290,0.0,994.4,85.0
2026-01-10 08:00:00,7.9,96,6.7,290,0.0,995.2,105.0
2026-01-10 09:00:00,9.5,92,5.7,288,0.0,996.3,140.0
2026-01-10 10:00:00,11.5,85,5.3,282,0.0,996.6,185.0
2026-01-10 11:00:00,13.4,75,6.1,284,0.0,996.2,240.0
2026-01-10 12:00:00,15.2,66,6.2,291,0.0,995.4,305.0
2026-01-10 13:00:00,16.5,58,7.0,296,0.0,994.1,390.0
2026-01-10 14:00:00,17.1,54,7.6,295,0.0,993.6,465.0
2026-01-10 15:00:00,17.0,54,7.6,298,0.0,993.3,505.0
2026-01-10 16:00:00,16.3,58,7.8,299,0.0,993.5,500.0
2026-01-10 17:00:00,14.9,66,7.7,291,0.0,993.3,355.0
2026-01-10 18:00:00,13.6,72,6.3,290,0.0,993.9,225.0
2026-01-10 19:00:00,12.9,73,7.5,297,0.0,994.6,240.0
2026-01-10 20:00:00,12.1,76,7.1,304,0.0,995.0,210.0
2026-01-10 21:00:00,11.0,80,6.9,303,0.0,995.6,195.0
2026-01-10 22:00:00,10.2,82,6.4,302,0.0,995.8,170.0
2026-01-10 23:00:00,9.6,86,5.6,301,0.0,995.9,135.0
2026-01-11 00:00:00,9.4,86,6.7,297,0.0,995.9,135.0
2026-01-11 01:00:00,8.8,88,7.2,297,0.0,996.0,140.0
2026-01-11 02:00:00,8.2,90,6.9,300,0.0,996.0,140.0
2026-01-11 03:00:00,7.7,92,7.0,305,0.0,996.1,155.0
2026-01-11 04:00:00,7.2,93,7.3,300,0.0,996.0,155.0
2026-01-11 05:00:00,6.6,95,7.1,300,0.0,996.3,130.0
2026-01-11 06:00:00,6.3,95,5.9,297,0.0,996.6,115.0
2026-01-11 07:00:00,6.0,96,6.2,280,0.0,997.0,95.0
2026-01-11 08:00:00,6.9,95,8.1,283,0.0,997.7,135.0
2026-01-11 09:00:00,8.6,88,7.5,285,0.0,998.6,175.0
2026-01-11 10:00:00,10.9,77,7.3,298,0.0,999.5,225.0
2026-01-11 11:00:00,12.6,69,7.6,306,0.0,999.3,300.0
2026-01-11 12:00:00,14.4,57,7.7,307,0.0,998.5,415.0
2026-01-11 13:00:00,15.8,48,8.4,304,0.0,997.4,580.0
2026-01-11 14:00:00,16.4,45,9.4,300,0.0,996.5,660.0
2026-01-11 15:00:00,16.3,46,9.8,296,0.0,995.8,625.0
2026-01-11 16:00:00,15.5,52,9.1,291,0.0,995.5,535.0
2026-01-11 17:00:00,13.7,61,7.4,288,0.0,995.2,335.0
2026-01-11 18:00:00,12.5,66,8.2,292,0.0,995.6,270.0
2026-01-11 19:00:00,11.6,69,9.0,290,0.0,995.8,255.0
2026-01-11 20:00:00,10.8,73,9.7,294,0.0,995.9,265.0
2026-01-11 21:00:00,10.1,75,9.2,298,0.0,995.9,245.0
2026-01-11 22:00:00,9.3,80,7.4,299,0.0,996.1,195.0
2026-01-11 23:00:00,8.7,83,8.2,299,0.0,996.3,195.0
2026-01-12 00:00:00,8.2,85,8.2,296,0.0,996.1,200.0
2026-01-12 01:00:00,7.7,86,7.8,292,0.0,996.0,185.0
2026-01-12 02:00:00,7.1,88,7.5,290,0.0,995.7,160.0
2026-01-12 03:00:00,6.6,89,6.5,289,0.0,995.5,135.0
2026-01-12 04:00:00,6.0,89,6.2,285,0.0,995.3,115.0
2026-01-12 05:00:00,5.4,92,6.1,284,0.0,995.3,80.0
2026-01-12 06:00:00,5.1,93,6.2,280,0.0,996.0,80.0
2026-01-12 07:00:00,4.9,93,6.7,272,0.0,996.4,80.0
2026-01-12 08:00:00,5.9,91,7.0,274,0.0,997.0,90.0
2026-01-12 09:00:00,8.1,85,4.6,283,0.0,997.9,125.0
2026-01-12 10:00:00,10.9,72,4.1,299,0.0,998.4,180.0
2026-01-12 11:00:00,13.2,62,3.5,321,0.0,998.6,255.0
2026-01-12 12:00:00,15.3,49,3.6,333,0.0,997.9,400.0
2026-01-12 13:00:00,16.5,41,4.4,328,0.0,997.1,545.0
2026-01-12 14:00:00,17.1,37,5.3,322,0.0,996.3,655.0
2026-01-12 15:00:00,17.2,37,4.7,317,0.0,996.1,660.0
2026-01-12 16:00:00,16.6,47,2.0,315,0.0,995.5,460.0
2026-01-12 17:00:00,14.9,53,2.3,288,0.0,995.5,80.0
2026-01-12 18:00:00,13.3,57,4.0,333,0.0,996.0,80.0
2026-01-12 19:00:00,12.3,60,3.4,6,0.0,996.6,75.0
2026-01-12 20:00:00,11.5,64,3.6,27,0.0,997.1,75.0
2026-01-12 21:00:00,10.6,70,5.2,31,0.0,997.1,95.0
2026-01-12 22:00:00,10.0,73,3.7,39,0.0,997.3,65.0
2026-01-12 23:00:00,9.4,76,3.0,52,0.0,997.3,45.0
2026-01-13 00:00:00,8.6,79,1.6,84,0.0,996.9,20.0
2026-01-13 01:00:00,8.4,80,0.8,45,0.0,996.7,15.0
2026-01-13 02:00:00,7.8,83,1.0,329,0.0,996.5,15.0
2026-01-13 03:00:00,7.2,86,1.9,343,0.0,996.1,25.0
2026-01-13 04:00:00,6.7,89,3.5,336,0.0,995.8,40.0
2026-01-13 05:00:00,5.4,95,3.3,306,0.0,995.7,20.0
2026-01-13 06:00:00,5.0,99,3.6,300,0.0,996.1,25.0
2026-01-13 07:00:00,5.0,100,3.2,308,0.0,996.3,30.0
2026-01-13 08:00:00,6.4,98,3.6,303,0.0,996.8,55.0
2026-01-13 09:00:00,9.0,92,3.9,317,0.0,997.5,70.0
2026-01-13 10:00:00,10.7,87,2.7,318,0.0,997.7,105.0
2026-01-13 11:00:00,14.0,69,3.4,302,0.0,997.4,200.0
2026-01-13 12:00:00,16.7,55,5.0,296,0.0,996.3,375.0
2026-01-13 13:00:00,18.1,48,7.1,297,0.0,995.1,615.0
2026-01-13 14:00:00,18.5,48,8.4,301,0.0,994.1,700.0
2026-01-13 15:00:00,18.3,51,9.2,303,0.0,993.5,705.0
2026-01-13 16:00:00,17.3,56,9.0,305,0.0,993.0,625.0
2026-01-13 17:00:00,15.7,57,6.7,304,0.0,992.8,445.0
2026-01-13 18:00:00,14.3,61,6.2,308,0.0,993.1,305.0
2026-01-13 19:00:00,13.1,66,6.0,316,0.0,993.3,230.0
2026-01-13 20:00:00,11.8,72,5.6,312,0.0,993.2,175.0
2026-01-13 21:00:00,10.7,77,5.1,306,0.0,993.3,125.0
2026-01-13 22:00:00,9.9,80,4.5,307,0.0,992.9,90.0
2026-01-13 23:00:00,9.1,84,5.1,309,0.0,992.8,85.0
2026-01-14 00:00:00,8.4,87,5.2,311,0.0,992.2,85.0
2026-01-14 01:00:00,7.9,89,5.4,307,0.0,991.7,95.0
2026-01-14 02:00:00,7.7,90,5.9,297,0.0,992.0,115.0
2026-01-14 03:00:00,7.3,92,6.2,296,0.0,991.7,120.0
2026-01-14 04:00:00,6.7,94,6.8,295,0.0,991.3,120.0
2026-01-14 05:00:00,5.9,97,7.4,292,0.0,991.5,110.0
2026-01-14 06:00:00,5.7,99,8.2,292,0.0,992.0,140.0
2026-01-14 07:00:00,5.6,99,7.7,294,0.0,992.5,145.0
2026-01-14 08:00:00,5.9,96,6.8,292,0.0,993.1,150.0
2026-01-14 09:00:00,7.1,89,6.8,295,0.0,993.8,175.0
2026-01-14 10:00:00,9.7,76,5.8,292,0.0,994.1,235.0
2026-01-14 11:00:00,12.5,64,5.8,286,0.0,993.7,295.0
2026-01-14 12:00:00,15.0,53,6.5,289,0.0,992.8,420.0
2026-01-14 13:00:00,16.6,45,7.5,291,0.0,991.7,540.0
2026-01-14 14:00:00,17.4,42,8.2,289,0.0,991.2,615.0
2026-01-14 15:00:00,17.4,42,9.1,295,0.0,991.0,635.0
2026-01-14 16:00:00,16.6,48,8.5,297,0.0,990.8,555.0
2026-01-14 17:00:00,15.1,55,6.6,291,0.0,990.8,445.0
2026-01-14 18:00:00,13.4,65,5.2,292,0.0,991.2,255.0
2026-01-14 19:00:00,12.5,72,5.3,303,0.0,991.7,180.0
2026-01-14 20:00:00,11.8,77,5.5,308,0.0,992.4,170.0
2026-01-14 21:00:00,11.2,80,5.7,307,0.0,992.8,150.0
2026-01-14 22:00:00,10.4,84,5.6,312,0.0,992.9,130.0
2026-01-14 23:00:00,9.4,88,5.7,311,0.0,993.1,140.0
2026-01-15 00:00:00,8.6,89,5.0,325,0.0,992.9,100.0
2026-01-15 01:00:00,8.2,91,3.5,339,0.0,992.2,70.0
2026-01-15 02:00:00,7.7,92,3.6,327,0.0,992.1,60.0
2026-01-15 03:00:00,7.2,94,3.8,329,0.0,991.7,60.0
2026-01-15 04:00:00,6.7,96,3.6,307,0.0,991.2,50.0
2026-01-15 05:00:00,5.8,100,4.9,298,0.0,991.3,45.0
2026-01-15 06:00:00,6.1,100,6.2,282,0.0,991.9,65.0
2026-01-15 07:00:00,6.0,98,7.6,284,0.0,992.6,80.0
2026-01-15 08:00:00,6.9,96,7.5,291,0.0,993.5,110.0
2026-01-15 09:00:00,8.2,97,7.6,297,0.0,994.3,115.0
2026-01-15 10:00:00,10.8,81,5.2,292,0.0,994.7,205.0
2026-01-15 11:00:00,12.6,67,5.8,296,0.0,994.6,300.0
2026-01-15 12:00:00,15.1,54,6.2,300,0.0,993.6,385.0
2026-01-15 13:00:00,16.9,45,7.6,292,0.0,992.3,475.0
2026-01-15 14:00:00,17.8,42,9.3,289,0.0,991.5,530.0
2026-01-15 15:00:00,17.9,42,10.4,290,0.0,991.2,540.0
2026-01-15 16:00:00,17.3,48,10.2,287,0.0,991.0,500.0
2026-01-15 17:00:00,15.8,59,8.1,288,0.0,991.0,395.0
2026-01-15 18:00:00,14.3,65,7.5,290,0.0,991.0,275.0
2026-01-15 19:00:00,13.4,69,7.0,293,0.0,991.3,205.0
2026-01-15 20:00:00,12.5,71,7.2,292,0.0,991.8,170.0
2026-01-15 21:00:00,11.7,72,6.9,290,0.0,992.1,145.0
2026-01-15 22:00:00,10.9,75,6.2,292,0.0,992.0,120.0
2026-01-15 23:00:00,9.7,82,5.6,310,0.0,992.3,115.0
2026-01-16 00:00:00,8.9,84,5.2,311,0.0,991.6,100.0
2026-01-16 01:00:00,8.3,86,4.7,302,0.0,991.3,80.0
2026-01-16 02:00:00,7.8,87,5.0,296,0.0,991.0,70.0
2026-01-16 03:00:00,7.4,89,5.2,299,0.0,990.7,70.0
2026-01-16 04:00:00,6.9,90,5.1,288,0.0,990.3,65.0
2026-01-16 05:00:00,6.2,93,4.9,278,0.0,990.8,60.0
2026-01-16 06:00:00,6.1,93,5.0,268,0.0,990.8,55.0
2026-01-16 07:00:00,6.2,92,6.1,268,0.0,991.4,60.0
2026-01-16 08:00:00,7.8,86,8.7,263,0.0,992.0,85.0
2026-01-16 09:00:00,10.8,75,5.9,272,0.0,992.9,125.0
2026-01-16 10:00:00,14.0,62,4.3,285,0.0,993.2,165.0
2026-01-16 11:00:00,16.6,51,4.2,310,0.0,993.4,265.0
2026-01-16 12:00:00,18.5,41,4.1,319,0.0,992.4,370.0
2026-01-16 13:00:00,19.8,35,4.1,326,0.0,991.4,475.0
2026-01-16 14:00:00,20.5,33,4.2,320,0.0,990.5,535.0
2026-01-16 15:00:00,20.5,35,4.3,332,0.0,990.2,545.0
2026-01-16 16:00:00,19.8,41,3.1,336,0.0,989.9,515.0
2026-01-16 17:00:00,17.3,55,2.9,353,0.0,990.0,110.0
2026-01-16 18:00:00,15.6,60,3.2,16,0.0,990.2,65.0
2026-01-16 19:00:00,14.5,66,3.3,49,0.0,990.5,55.0
2026-01-16 20:00:00,13.8,68,2.5,90,0.0,990.3,35.0
2026-01-16 21:00:00,13.2,70,2.1,142,0.0,990.5,25.0
2026-01-16 22:00:00,12.2,72,2.5,176,0.0,990.2,20.0
2026-01-16 23:00:00,11.2,77,4.9,190,0.0,990.4,35.0
2026-01-17 00:00:00,10.5,79,3.1,183,0.0,990.1,25.0
2026-01-17 01:00:00,10.3,79,1.2,117,0.0,990.0,15.0
2026-01-17 02:00:00,9.6,82,2.4,48,0.0,989.8,25.0
2026-01-17 03:00:00,9.0,85,4.3,57,0.0,989.7,35.0
2026-01-17 04:00:00,8.4,88,3.6,70,0.0,989.4,35.0
2026-01-17 05:00:00,7.9,91,3.2,52,0.0,989.6,35.0
2026-01-17 06:00:00,7.8,90,3.3,81,0.0,989.9,30.0
2026-01-17 07:00:00,7.8,90,1.7,122,0.0,990.5,15.0
2026-01-17 08:00:00,9.4,88,3.3,126,0.0,990.9,30.0
2026-01-17 09:00:00,12.1,79,2.7,110,0.0,991.7,65.0
2026-01-17 10:00:00,15.6,65,2.1,110,0.0,992.2,130.0
2026-01-17 11:00:00,18.3,54,2.1,149,0.0,992.0,265.0
2026-01-17 12:00:00,20.7,45,1.3,172,0.0,991.2,425.0
2026-01-17 13:00:00,21.9,40,0.9,217,0.0,990.0,585.0
2026-01-17 14:00:00,22.5,39,1.1,261,0.0,989.0,720.0
2026-01-17 15:00:00,22.6,39,1.0,292,0.0,988.5,805.0
2026-01-17 16:00:00,22.0,45,1.4,23,0.0,987.9,805.0
2026-01-17 17:00:00,19.7,53,2.3,45,0.0,987.7,80.0
2026-01-17 18:00:00,17.6,57,4.4,63,0.0,987.7,135.0
2026-01-17 19:00:00,16.3,65,5.0,77,0.0,987.8,120.0
2026-01-17 20:00:00,15.4,72,3.6,84,0.0,988.0,90.0
2026-01-17 21:00:00,14.5,78,3.3,81,0.0,987.9,65.0
2026-01-17 22:00:00,13.6,82,3.2,90,0.0,987.8,55.0
2026-01-17 23:00:00,12.8,87,3.9,137,0.0,987.7,50.0
2026-01-18 00:00:00,12.0,88,3.1,140,0.0,987.6,40.0
2026-01-18 01:00:00,11.5,89,2.9,158,0.0,987.3,35.0
2026-01-18 02:00:00,11.1,89,2.5,150,0.0,986.8,35.0
2026-01-18 03:00:00,10.7,90,2.1,121,0.0,986.3,25.0
2026-01-18 04:00:00,10.1,92,2.3,129,0.0,985.9,20.0
2026-01-18 05:00:00,8.1,100,3.1,170,0.0,985.8,15.0
2026-01-18 06:00:00,8.2,99,2.9,120,0.0,986.3,15.0
2026-01-18 07:00:00,8.2,99,3.9,114,0.0,986.9,35.0
2026-01-18 08:00:00,9.3,97,3.9,146,0.0,987.8,65.0
2026-01-18 09:00:00,10.7,94,4.3,107,0.0,988.9,90.0
2026-01-18 10:00:00,13.0,85,3.3,96,0.0,989.8,135.0
2026-01-18 11:00:00,16.8,71,4.0,100,0.0,989.3,225.0
2026-01-18 12:00:00,20.2,56,4.8,119,0.0,988.4,405.0
2026-01-18 13:00:00,21.5,49,6.0,134,0.0,987.6,605.0
2026-01-18 14:00:00,22.0,46,6.9,139,0.0,987.0,760.0
2026-01-18 15:00:00,22.0,43,5.6,138,0.0,986.7,750.0
2026-01-18 16:00:00,21.6,43,4.9,126,0.0,986.9,665.0
2026-01-18 17:00:00,20.2,50,4.8,112,0.0,986.9,285.0
2026-01-18 18:00:00,18.8,61,5.7,108,0.0,987.4,165.0
2026-01-18 19:00:00,17.6,71,5.7,108,0.0,988.0,125.0
2026-01-18 20:00:00,16.3,79,4.6,108,0.0,988.5,100.0
2026-01-18 21:00:00,15.6,82,4.6,99,0.0,989.0,85.0
2026-01-18 22:00:00,14.9,86,4.9,92,0.0,989.0,90.0
2026-01-18 23:00:00,14.1,89,5.2,102,0.0,988.9,85.0
2026-01-19 00:00:00,13.7,89,5.4,105,0.0,989.1,90.0
2026-01-19 01:00:00,13.8,87,6.0,100,0.0,989.2,105.0
2026-01-19 02:00:00,13.3,87,5.8,104,0.0,989.0,100.0
2026-01-19 03:00:00,12.4,89,5.1,107,0.0,988.7,85.0
2026-01-19 04:00:00,11.5,91,4.8,110,0.0,988.4,75.0
2026-01-19 05:00:00,11.3,91,4.0,87,0.0,988.5,60.0
2026-01-19 06:00:00,10.9,92,2.5,86,0.0,989.1,45.0
2026-01-19 07:00:00,10.7,92,2.1,75,0.0,989.6,40.0
2026-01-19 08:00:00,12.3,87,4.1,88,0.0,990.4,50.0
2026-01-19 09:00:00,15.0,74,1.9,61,0.0,991.3,95.0
2026-01-19 10:00:00,18.2,60,1.0,45,0.0,992.1,185.0
2026-01-19 11:00:00,20.7,46,0.7,90,0.0,991.8,375.0
2026-01-19 12:00:00,23.6,29,0.9,37,0.0,991.2,730.0
2026-01-19 13:00:00,24.7,22,1.7,32,0.0,990.1,1530.0
2026-01-19 14:00:00,25.1,21,2.8,40,0.0,989.4,1865.0
2026-01-19 15:00:00,25.0,21,3.7,39,0.0,989.0,2240.0
2026-01-19 16:00:00,24.4,23,4.9,24,0.0,989.0,2125.0
2026-01-19 17:00:00,22.3,28,3.7,23,0.0,988.7,695.0
2026-01-19 18:00:00,20.2,37,4.1,2,0.0,989.2,265.0
2026-01-19 19:00:00,19.0,46,3.6,340,0.0,989.5,175.0
2026-01-19 20:00:00,18.0,53,4.4,328,0.0,989.8,145.0
2026-01-19 21:00:00,17.1,60,3.8,329,0.0,989.8,115.0
2026-01-19 22:00:00,16.3,67,3.5,305,0.0,989.8,85.0
2026-01-19 23:00:00,15.1,75,5.2,272,0.0,989.8,70.0
2026-01-20 00:00:00,14.3,79,5.1,280,0.0,989.6,60.0
2026-01-20 01:00:00,13.3,82,4.8,304,0.0,989.4,55.0
2026-01-20 02:00:00,12.8,82,4.5,313,0.0,989.1,60.0
2026-01-20 03:00:00,12.5,80,3.8,319,0.0,989.0,60.0
2026-01-20 04:00:00,11.8,82,4.5,299,0.0,988.8,50.0
2026-01-20 05:00:00,11.0,85,5.5,279,0.0,989.2,65.0
2026-01-20 06:00:00,10.6,85,6.2,278,0.0,989.7,70.0
2026-01-20 07:00:00,10.2,85,6.1,282,0.0,990.4,70.0
2026-01-20 08:00:00,12.0,75,7.6,278,0.0,991.2,75.0
2026-01-20 09:00:00,15.3,62,5.8,277,0.0,992.3,105.0
2026-01-20 10:00:00,18.7,51,4.8,285,0.0,993.5,190.0
2026-01-20 11:00:00,21.7,44,7.0,283,0.0,993.4,480.0
2026-01-20 12:00:00,23.5,36,7.9,287,0.0,992.7,1645.0
2026-01-20 13:00:00,24.2,31,8.0,280,0.0,991.8,1850.0
2026-01-20 14:00:00,24.3,32,8.7,283,0.0,990.9,1870.0
2026-01-20 15:00:00,23.9,33,8.4,290,0.0,990.5,1750.0
2026-01-20 16:00:00,23.2,35,8.1,294,0.0,990.4,1635.0
2026-01-20 17:00:00,22.1,33,6.6,303,0.0,990.2,445.0
2026-01-20 18:00:00,20.4,41,5.9,310,0.0,990.7,230.0
2026-01-20 19:00:00,19.1,51,4.9,327,0.0,991.1,180.0
2026-01-20 20:00:00,18.1,60,5.0,345,0.0,991.6,155.0
2026-01-20 21:00:00,17.2,68,4.7,353,0.0,992.0,115.0
2026-01-20 22:00:00,16.5,72,4.7,7,0.0,992.2,105.0
2026-01-20 23:00:00,15.9,78,4.9,343,0.0,992.3,135.0
2026-01-21 00:00:00,14.5,81,5.1,333,0.0,992.0,105.0
2026-01-21 01:00:00,13.8,82,4.4,322,0.0,992.0,85.0
2026-01-21 02:00:00,13.0,83,4.0,309,0.0,991.6,75.0
2026-01-21 03:00:00,12.5,83,3.4,302,0.0,991.6,50.0
2026-01-21 04:00:00,11.6,85,4.5,284,0.0,991.4,45.0
2026-01-21 05:00:00,11.1,94,4.4,291,0.0,991.5,50.0
2026-01-21 06:00:00,10.2,96,4.1,293,0.0,991.8,45.0
2026-01-21 07:00:00,9.7,99,5.3,288,0.0,992.6,50.0
2026-01-21 08:00:00,10.6,94,4.6,283,0.0,993.3,60.0
2026-01-21 09:00:00,13.2,81,4.0,297,0.0,994.3,90.0
2026-01-21 10:00:00,16.9,63,3.6,303,0.0,995.1,160.0
2026-01-21 11:00:00,20.4,50,5.5,308,0.0,994.8,540.0
2026-01-21 12:00:00,22.3,40,7.6,298,0.0,994.0,1175.0
2026-01-21 13:00:00,23.0,36,8.7,283,0.0,993.0,1290.0
2026-01-21 14:00:00,23.2,34,9.1,279,0.0,992.3,1320.0
2026-01-21 15:00:00,22.9,34,9.2,281,0.0,991.9,1265.0
2026-01-21 16:00:00,22.1,36,8.6,290,0.0,991.8,1095.0
2026-01-21 17:00:00,20.8,39,6.9,285,0.0,991.7,730.0
2026-01-21 18:00:00,19.3,44,5.5,293,0.0,992.0,225.0
2026-01-21 19:00:00,18.1,49,4.8,307,0.0,992.2,165.0
2026-01-21 20:00:00,16.9,56,4.8,329,0.0,992.6,160.0
2026-01-21 21:00:00,16.1,62,4.8,345,0.0,992.9,140.0
2026-01-21 22:00:00,15.4,65,2.9,349,0.0,992.9,95.0
2026-01-21 23:00:00,14.8,69,3.7,11,0.0,993.0,80.0
2026-01-22 00:00:00,13.8,72,3.2,3,0.0,992.8,55.0
2026-01-22 01:00:00,13.3,73,2.4,343,0.0,992.5,40.0
2026-01-22 02:00:00,12.5,76,3.3,338,0.0,992.1,45.0
2026-01-22 03:00:00,11.6,78,3.6,330,0.0,991.6,45.0
2026-01-22 04:00:00,11.3,77,2.9,317,0.0,991.2,40.0
2026-01-22 05:00:00,10.5,81,3.1,324,0.0,991.0,40.0
2026-01-22 06:00:00,10.1,82,1.9,311,0.0,991.1,30.0
2026-01-22 07:00:00,10.0,82,0.9,307,0.0,991.2,15.0
2026-01-22 08:00:00,11.8,74,1.1,270,0.0,992.0,10.0
2026-01-22 09:00:00,15.4,61,2.1,149,0.0,992.5,65.0
2026-01-22 10:00:00,19.0,44,2.5,184,0.0,993.2,220.0
2026-01-22 11:00:00,21.5,39,3.3,202,0.0,993.4,520.0
2026-01-22 12:00:00,23.5,37,3.9,167,0.0,992.4,700.0
2026-01-22 13:00:00,24.6,34,4.3,158,0.0,991.2,870.0
2026-01-22 14:00:00,25.0,34,6.4,140,0.0,990.0,1055.0
2026-01-22 15:00:00,24.8,36,7.6,135,0.0,989.6,1105.0
2026-01-22 16:00:00,23.8,41,10.1,130,0.0,989.2,740.0
2026-01-22 17:00:00,21.9,50,9.7,125,0.0,989.5,575.0
2026-01-22 18:00:00,20.4,59,8.2,140,0.0,990.1,465.0
2026-01-22 19:00:00,19.5,66,9.4,138,0.0,990.3,385.0
2026-01-22 20:00:00,19.0,68,10.9,130,0.0,990.6,345.0
2026-01-22 21:00:00,18.7,69,12.1,132,0.0,990.5,345.0
2026-01-22 22:00:00,18.1,70,12.4,124,0.0,989.9,330.0
2026-01-22 23:00:00,17.9,70,14.6,135,0.0,989.7,370.0
2026-01-23 00:00:00,17.1,72,14.4,130,0.0,989.4,430.0
2026-01-23 01:00:00,16.6,74,15.4,132,0.0,988.9,455.0
2026-01-23 02:00:00,16.2,74,16.2,129,0.0,988.4,445.0
2026-01-23 03:00:00,16.2,73,11.6,139,0.0,988.1,495.0
2026-01-23 04:00:00,16.3,71,10.4,141,0.0,987.8,480.0
2026-01-23 05:00:00,15.7,75,15.2,132,0.0,987.3,465.0
2026-01-23 06:00:00,15.3,77,15.8,122,0.0,987.2,540.0
2026-01-23 07:00:00,15.1,78,15.5,145,0.0,988.3,610.0
2026-01-23 08:00:00,14.6,85,8.7,212,3.9,991.0,350.0
2026-01-23 09:00:00,14.4,88,13.1,124,2.4,991.3,375.0
2026-01-23 10:00:00,14.7,88,18.1,120,1.0,991.3,440.0
2026-01-23 11:00:00,14.1,90,17.6,123,1.8,991.6,440.0
2026-01-23 12:00:00,14.6,89,18.8,122,0.7,990.3,475.0
2026-01-23 13:00:00,16.1,84,16.5,117,1.6,989.7,495.0
2026-01-23 14:00:00,17.5,75,17.7,140,0.0,989.0,835.0
2026-01-23 15:00:00,16.8,82,11.3,108,2.4,988.8,645.0
2026-01-23 16:00:00,16.7,84,12.3,149,0.1,988.9,660.0
2026-01-23 17:00:00,15.5,85,14.7,101,8.6,990.5,520.0
2026-01-23 18:00:00,14.4,88,6.2,170,0.7,991.6,425.0
2026-01-23 19:00:00,14.4,91,9.5,134,0.2,992.8,430.0
2026-01-23 20:00:00,14.2,92,8.8,139,0.2,993.4,350.0
2026-01-23 21:00:00,13.7,93,4.6,169,0.2,993.9,110.0
2026-01-23 22:00:00,13.1,92,1.2,129,0.1,994.3,35.0
2026-01-23 23:00:00,12.9,95,2.8,18,0.0,994.8,40.0
2026-01-24 00:00:00,12.5,95,1.2,321,0.0,995.1,25.0
2026-01-24 01:00:00,12.9,94,6.1,289,0.0,995.2,115.0
2026-01-24 02:00:00,12.3,97,10.0,303,0.0,995.5,220.0
2026-01-24 03:00:00,11.2,97,10.1,297,0.0,995.7,245.0
2026-01-24 04:00:00,9.7,89,12.0,315,0.0,996.1,255.0
2026-01-24 05:00:00,9.9,75,10.6,334,0.0,996.7,300.0
2026-01-24 06:00:00,9.3,70,10.8,342,0.0,997.5,335.0
2026-01-24 07:00:00,9.0,70,10.1,338,0.0,998.3,295.0
2026-01-24 08:00:00,9.6,69,8.1,342,0.0,998.8,285.0
2026-01-24 09:00:00,10.8,65,8.4,340,0.0,999.6,385.0
2026-01-24 10:00:00,12.2,59,8.6,349,0.0,999.7,445.0
2026-01-24 11:00:00,14.0,50,9.8,332,0.0,999.6,430.0
2026-01-24 12:00:00,15.4,45,9.4,340,0.0,998.3,520.0
2026-01-24 13:00:00,16.1,44,9.5,324,0.0,997.3,615.0
2026-01-24 14:00:00,16.4,46,10.3,319,0.0,996.7,635.0
2026-01-24 15:00:00,16.2,49,10.9,321,0.0,995.9,615.0
2026-01-24 16:00:00,15.4,52,10.4,318,0.0,995.5,570.0
2026-01-24 17:00:00,14.0,60,9.6,317,0.0,995.0,450.0
2026-01-24 18:00:00,12.5,66,8.9,315,0.0,995.6,395.0
2026-01-24 19:00:00,11.6,69,8.8,309,0.0,996.4,365.0
2026-01-24 20:00:00,10.7,71,8.7,315,0.0,996.9,330.0
2026-01-24 21:00:00,10.0,73,8.5,306,0.0,997.0,280.0
2026-01-24 22:00:00,9.4,74,9.0,313,0.0,996.8,270.0
2026-01-24 23:00:00,9.1,75,10.7,312,0.0,996.6,280.0
2026-01-25 00:00:00,8.8,75,9.0,305,0.0,996.0,240.0
2026-01-25 01:00:00,8.4,76,9.2,305,0.0,995.6,215.0
2026-01-25 02:00:00,8.3,76,8.1,301,0.0,995.0,200.0
2026-01-25 03:00:00,7.7,79,7.7,294,0.0,994.4,185.0
2026-01-25 04:00:00,7.2,81,7.3,290,0.0,993.7,170.0
2026-01-25 05:00:00,6.9,84,7.7,282,0.0,993.9,165.0
2026-01-25 06:00:00,6.8,85,6.3,277,0.0,994.1,135.0
2026-01-25 07:00:00,6.4,86,9.2,274,0.0,994.6,160.0
2026-01-25 08:00:00,7.1,84,9.4,278,0.0,995.5,200.0
2026-01-25 09:00:00,8.9,78,9.8,278,0.0,996.2,230.0
2026-01-25 10:00:00,11.2,72,8.8,279,0.0,996.6,285.0
2026-01-25 11:00:00,13.6,65,9.6,283,0.0,996.0,380.0
2026-01-25 12:00:00,15.1,59,10.0,291,0.0,995.3,480.0
2026-01-25 13:00:00,16.0,54,9.1,295,0.0,994.3,580.0
2026-01-25 14:00:00,16.4,53,8.1,301,0.0,993.7,650.0
2026-01-25 15:00:00,16.5,53,7.1,304,0.0,993.5,690.0
2026-01-25 16:00:00,15.9,57,5.7,316,0.0,992.8,650.0
2026-01-25 17:00:00,14.2,73,4.0,291,0.0,992.7,185.0
2026-01-25 18:00:00,12.8,75,5.3,282,0.0,993.4,120.0
2026-01-25 19:00:00,12.0,77,5.3,278,0.0,993.6,95.0
2026-01-25 20:00:00,11.2,79,5.4,266,0.0,994.1,85.0
2026-01-25 21:00:00,10.6,79,6.0,267,0.0,994.6,90.0
2026-01-25 22:00:00,9.9,81,5.4,274,0.0,994.5,80.0
2026-01-25 23:00:00,9.2,85,4.8,290,0.0,994.2,80.0
2026-01-26 00:00:00,8.7,86,4.7,288,0.0,993.8,65.0
2026-01-26 01:00:00,8.2,88,4.4,258,0.0,993.4,50.0
2026-01-26 02:00:00,7.8,89,4.9,260,0.0,993.4,50.0
2026-01-26 03:00:00,7.5,89,5.6,270,0.0,993.4,65.0
2026-01-26 04:00:00,6.9,90,4.7,254,0.0,993.0,55.0
2026-01-26 05:00:00,6.3,93,4.9,276,0.0,993.2,55.0
2026-01-26 06:00:00,6.4,92,4.6,283,0.0,993.7,55.0
2026-01-26 07:00:00,6.2,93,4.2,295,0.0,994.4,55.0
2026-01-26 08:00:00,7.9,89,4.3,294,0.0,995.3,60.0
2026-01-26 09:00:00,10.5,83,2.2,305,0.0,996.3,105.0
2026-01-26 10:00:00,13.1,76,1.0,292,0.0,997.0,180.0
2026-01-26 11:00:00,15.2,68,0.8,27,0.0,996.4,360.0
2026-01-26 12:00:00,17.1,62,1.0,59,0.0,995.6,570.0
2026-01-26 13:00:00,18.1,58,0.9,217,0.0,994.8,710.0
2026-01-26 14:00:00,18.7,55,1.5,240,0.0,993.7,780.0
2026-01-26 15:00:00,18.8,54,1.0,68,0.0,993.2,790.0
2026-01-26 16:00:00,18.5,56,2.2,76,0.0,993.2,765.0
2026-01-26 17:00:00,17.0,69,3.8,79,0.0,992.8,130.0
2026-01-26 18:00:00,16.2,73,3.3,135,0.0,993.4,60.0
2026-01-26 19:00:00,15.2,77,4.3,138,0.0,993.6,65.0
2026-01-26 20:00:00,14.2,79,3.3,189,0.0,994.3,40.0
2026-01-26 21:00:00,13.4,77,0.9,37,0.0,994.4,10.0
2026-01-26 22:00:00,12.6,79,3.2,47,0.0,994.1,30.0
2026-01-26 23:00:00,12.9,77,1.0,121,0.0,994.3,20.0
2026-01-27 00:00:00,12.2,80,4.1,90,0.0,993.9,50.0
2026-01-27 01:00:00,11.6,83,3.9,112,0.0,993.6,40.0
2026-01-27 02:00:00,11.1,86,5.7,101,0.0,993.2,55.0
2026-01-27 03:00:00,11.3,83,7.1,106,0.0,992.8,80.0
2026-01-27 04:00:00,11.4,81,8.1,125,0.0,992.0,110.0
2026-01-27 05:00:00,11.2,81,7.8,134,0.0,992.2,110.0
2026-01-27 06:00:00,11.4,79,8.0,132,0.0,992.5,125.0
2026-01-27 07:00:00,11.5,80,7.9,123,0.0,992.7,130.0
2026-01-27 08:00:00,12.7,79,8.8,107,0.0,993.2,160.0
2026-01-27 09:00:00,13.9,75,2.5,82,0.8,993.8,215.0
2026-01-27 10:00:00,14.7,77,5.3,35,9.5,995.5,230.0
2026-01-27 11:00:00,15.9,77,8.3,129,0.0,994.7,340.0
2026-01-27 12:00:00,18.1,73,10.5,119,0.1,993.5,550.0
2026-01-27 13:00:00,19.3,72,14.4,134,0.0,992.5,625.0
2026-01-27 14:00:00,19.7,72,13.2,133,0.0,991.3,690.0
2026-01-27 15:00:00,19.2,75,10.6,136,0.2,991.0,750.0
2026-01-27 16:00:00,18.8,78,16.2,140,0.0,990.3,760.0
2026-01-27 17:00:00,15.9,91,8.5,117,0.0,991.4,445.0
2026-01-27 18:00:00,15.0,93,9.2,90,1.3,991.8,390.0
2026-01-27 19:00:00,14.5,92,10.3,101,0.4,992.4,305.0
2026-01-27 20:00:00,14.4,91,9.8,104,0.0,992.8,290.0
2026-01-27 21:00:00,14.4,92,8.3,123,0.0,993.1,215.0
2026-01-27 22:00:00,13.8,95,8.1,114,0.0,992.9,185.0
2026-01-27 23:00:00,13.3,96,9.2,118,0.0,993.2,250.0
2026-01-28 00:00:00,12.4,97,3.6,117,0.1,993.0,155.0
2026-01-28 01:00:00,13.0,93,1.9,61,3.5,993.0,75.0
2026-01-28 02:00:00,12.2,96,4.1,77,1.1,993.2,115.0
2026-01-28 03:00:00,12.3,95,0.8,225,2.9,993.1,25.0
2026-01-28 04:00:00,12.5,94,4.6,261,0.0,992.6,70.0
2026-01-28 05:00:00,11.7,95,5.8,272,0.0,993.0,75.0
2026-01-28 06:00:00,12.5,97,8.0,284,0.0,993.7,200.0
2026-01-28 07:00:00,12.7,98,6.3,301,0.0,994.6,265.0
2026-01-28 08:00:00,13.4,94,8.0,310,0.0,995.6,325.0
2026-01-28 09:00:00,13.9,91,9.1,326,0.0,996.8,380.0
2026-01-28 10:00:00,14.4,88,7.6,346,0.0,997.1,455.0
2026-01-28 11:00:00,16.0,81,7.5,345,0.0,996.5,590.0
2026-01-28 12:00:00,16.8,76,6.0,357,0.0,995.9,790.0
2026-01-28 13:00:00,17.7,70,3.9,347,0.0,995.2,995.0
2026-01-28 14:00:00,18.2,66,4.3,327,0.0,994.9,1110.0
2026-01-28 15:00:00,18.4,63,5.9,320,0.0,994.9,1210.0
2026-01-28 16:00:00,18.0,63,7.5,310,0.0,995.0,1120.0
2026-01-28 17:00:00,16.9,71,5.1,293,0.0,994.8,470.0
2026-01-28 18:00:00,15.2,79,4.6,301,0.0,994.6,150.0
2026-01-28 19:00:00,14.5,83,5.3,315,0.0,995.0,205.0
2026-01-28 20:00:00,13.6,86,4.9,309,0.0,995.0,145.0
2026-01-28 21:00:00,12.8,87,4.7,298,0.0,995.2,110.0
2026-01-28 22:00:00,12.2,88,4.5,293,0.0,995.0,85.0
2026-01-28 23:00:00,11.8,93,5.1,293,0.0,995.2,90.0
2026-01-29 00:00:00,12.0,93,6.2,303,0.0,994.9,115.0
2026-01-29 01:00:00,11.8,94,7.5,307,0.0,994.9,135.0
2026-01-29 02:00:00,11.5,95,7.9,305,0.0,994.5,145.0
2026-01-29 03:00:00,10.9,96,7.2,302,0.0,994.3,150.0
2026-01-29 04:00:00,10.4,96,6.5,302,0.0,993.7,140.0
2026-01-29 05:00:00,10.5,100,6.8,299,0.0,994.1,135.0
2026-01-29 06:00:00,10.6,100,6.2,296,0.0,994.4,130.0
2026-01-29 07:00:00,10.8,99,7.0,291,0.0,995.0,140.0
2026-01-29 08:00:00,11.1,99,7.7,295,0.0,995.5,130.0
2026-01-29 09:00:00,11.9,94,9.1,295,0.0,996.5,155.0
2026-01-29 10:00:00,13.8,88,8.5,295,0.0,996.9,305.0
2026-01-29 11:00:00,15.3,80,9.8,308,0.0,997.2,545.0
2026-01-29 12:00:00,16.8,71,8.0,312,0.0,996.2,680.0
2026-01-29 13:00:00,17.7,67,7.3,308,0.0,995.2,715.0
2026-01-29 14:00:00,18.3,66,7.5,310,0.0,994.4,755.0
2026-01-29 15:00:00,18.4,64,7.1,317,0.0,994.0,780.0
2026-01-29 16:00:00,18.0,67,6.9,317,0.0,993.8,750.0
2026-01-29 17:00:00,16.1,77,6.4,310,0.0,994.0,585.0
2026-01-29 18:00:00,14.3,84,5.0,311,0.0,994.0,200.0
2026-01-29 19:00:00,13.9,85,5.3,305,0.0,994.3,160.0
2026-01-29 20:00:00,13.4,86,5.2,297,0.0,994.7,125.0
2026-01-29 21:00:00,12.4,89,5.0,289,0.0,995.2,90.0
2026-01-29 22:00:00,11.7,91,4.8,304,0.0,995.0,75.0
2026-01-29 23:00:00,11.1,92,4.5,286,0.0,994.8,65.0
2026-01-30 00:00:00,10.8,93,5.0,289,0.0,994.5,70.0
2026-01-30 01:00:00,10.3,94,5.2,286,0.0,994.4,70.0
2026-01-30 02:00:00,10.1,94,5.4,296,0.0,993.7,75.0
2026-01-30 03:00:00,10.4,92,6.8,299,0.0,993.7,100.0
2026-01-30 04:00:00,10.5,91,7.1,300,0.0,993.7,125.0
2026-01-30 05:00:00,9.7,94,4.9,306,0.0,993.4,70.0
2026-01-30 06:00:00,8.9,94,4.1,272,0.0,993.8,50.0
2026-01-30 07:00:00,8.5,95,3.7,247,0.0,993.5,35.0
2026-01-30 08:00:00,10.8,92,7.2,271,0.0,994.5,80.0
2026-01-30 09:00:00,12.7,89,6.0,277,0.0,995.5,165.0
2026-01-30 10:00:00,14.8,80,6.6,287,0.0,995.8,260.0
2026-01-30 11:00:00,16.6,73,6.7,289,0.0,995.7,405.0
2026-01-30 12:00:00,18.1,65,6.1,289,0.0,994.8,505.0
2026-01-30 13:00:00,19.0,61,5.2,290,0.0,993.6,590.0
2026-01-30 14:00:00,19.5,59,5.2,286,0.0,992.7,680.0
2026-01-30 15:00:00,19.5,58,6.0,291,0.0,992.6,725.0
2026-01-30 16:00:00,18.9,61,5.6,297,0.0,992.6,705.0
2026-01-30 17:00:00,17.6,75,3.9,294,0.0,992.4,330.0
2026-01-30 18:00:00,16.1,78,2.4,287,0.0,992.4,35.0
2026-01-30 19:00:00,15.3,80,0.6,342,0.0,992.7,15.0
2026-01-30 20:00:00,14.4,83,0.6,124,0.0,993.0,10.0
2026-01-30 21:00:00,13.6,86,1.0,158,0.0,993.5,15.0
2026-01-30 22:00:00,12.9,87,1.1,171,0.0,993.4,15.0
2026-01-30 23:00:00,12.6,89,1.6,153,0.0,993.3,15.0
2026-01-31 00:00:00,12.0,91,2.2,145,0.0,993.3,20.0
2026-01-31 01:00:00,10.9,99,2.3,141,0.0,993.0,15.0
2026-01-31 02:00:00,10.5,99,1.5,97,0.0,992.9,15.0
2026-01-31 03:00:00,10.0,100,1.8,79,0.0,992.8,20.0
2026-01-31 04:00:00,10.3,99,2.2,81,0.0,992.7,35.0
2026-01-31 05:00:00,9.2,100,3.2,142,0.0,992.8,20.0
2026-01-31 06:00:00,9.4,100,3.0,128,0.0,993.3,10.0
2026-01-31 07:00:00,9.6,99,3.7,101,0.0,993.9,60.0
2026-01-31 08:00:00,10.6,98,4.0,93,0.0,994.8,75.0
2026-01-31 09:00:00,12.0,96,2.9,137,0.0,995.5,95.0
2026-01-31 10:00:00,14.3,92,4.3,105,0.0,996.3,150.0
2026-01-31 11:00:00,16.8,79,5.9,113,0.0,996.4,325.0
2026-01-31 12:00:00,18.3,70,7.2,112,0.0,995.6,435.0
2026-01-31 13:00:00,19.3,63,8.2,116,0.0,994.4,550.0
2026-01-31 14:00:00,19.8,62,8.3,117,0.0,993.6,600.0
2026-01-31 15:00:00,19.9,63,6.7,114,0.0,993.4,665.0
2026-01-31 16:00:00,19.5,66,7.2,115,0.0,993.2,665.0
2026-01-31 17:00:00,17.7,75,8.5,125,0.0,992.8,450.0
2026-01-31 18:00:00,16.2,82,7.3,130,0.0,993.2,325.0
2026-01-31 19:00:00,15.4,86,7.4,129,0.0,993.3,220.0
2026-01-31 20:00:00,14.8,88,7.8,128,0.0,993.7,175.0
2026-01-31 21:00:00,14.5,89,8.5,134,0.0,993.9,185.0
2026-01-31 22:00:00,14.1,90,8.5,128,0.0,993.6,170.0
2026-01-31 23:00:00,13.9,90,8.7,112,0.0,993.5,165.0
2026-02-01 00:00:00,13.3,91,2.8,135,0.3,993.1,115.0
2026-02-01 01:00:00,13.7,86,13.0,170,3.7,993.9,180.0
2026-02-01 02:00:00,13.8,83,12.0,127,0.7,992.4,190.0
2026-02-01 03:00:00,12.7,84,3.7,113,4.2,993.1,85.0
2026-02-01 04:00:00,12.4,87,3.7,23,0.0,993.5,50.0
2026-02-01 05:00:00,13.0,94,9.0,143,4.1,993.2,135.0
2026-02-01 06:00:00,12.9,93,7.1,135,0.2,993.0,100.0
2026-02-01 07:00:00,12.9,92,8.7,124,0.0,993.7,125.0
2026-02-01 08:00:00,14.0,90,9.4,107,0.0,994.6,145.0
2026-02-01 09:00:00,15.5,88,5.3,123,0.0,995.2,175.0
2026-02-01 10:00:00,17.6,80,6.2,126,0.0,995.7,300.0
2026-02-01 11:00:00,18.3,72,8.9,140,0.0,996.0,440.0
2026-02-01 12:00:00,19.3,68,8.2,148,0.0,995.4,560.0
2026-02-01 13:00:00,20.1,67,7.3,149,0.0,994.3,625.0
2026-02-01 14:00:00,20.7,66,6.0,153,0.0,993.3,725.0
2026-02-01 15:00:00,20.8,66,4.3,165,0.0,993.2,740.0
2026-02-01 16:00:00,20.6,68,3.4,177,0.0,993.2,735.0
2026-02-01 17:00:00,19.4,78,3.6,183,0.0,992.8,155.0
2026-02-01 18:00:00,17.6,83,4.0,212,0.0,993.1,65.0
2026-02-01 19:00:00,16.7,87,3.2,214,0.0,993.4,40.0
2026-02-01 20:00:00,15.9,89,3.1,201,0.0,993.9,20.0
2026-02-01 21:00:00,15.4,90,1.8,217,0.0,994.3,15.0
2026-02-01 22:00:00,15.0,91,1.3,254,0.0,994.7,15.0
2026-02-01 23:00:00,14.3,95,2.9,176,0.0,994.9,20.0
2026-02-02 00:00:00,14.2,95,0.6,214,0.0,994.9,10.0
2026-02-02 01:00:00,13.8,98,5.1,315,0.0,995.0,35.0
2026-02-02 02:00:00,13.5,100,4.3,338,0.0,994.9,70.0
2026-02-02 03:00:00,12.8,100,2.2,360,0.0,995.0,80.0
2026-02-02 04:00:00,12.7,99,1.0,315,0.0,994.8,60.0
2026-02-02 05:00:00,13.2,97,2.9,277,0.0,994.5,60.0
2026-02-02 06:00:00,13.4,95,2.5,270,0.0,994.7,80.0
2026-02-02 07:00:00,13.2,95,3.1,257,0.0,995.0,80.0
2026-02-02 08:00:00,13.5,97,4.1,272,0.0,995.7,95.0
2026-02-02 09:00:00,14.2,96,6.5,294,0.0,996.5,115.0
2026-02-02 10:00:00,15.4,93,8.1,298,0.0,996.7,175.0
2026-02-02 11:00:00,16.3,89,8.6,296,0.0,996.6,315.0
2026-02-02 12:00:00,17.8,82,8.7,302,0.0,995.8,570.0
2026-02-02 13:00:00,18.8,74,7.6,306,0.0,994.9,725.0
2026-02-02 14:00:00,19.5,69,6.9,303,0.0,994.0,730.0
2026-02-02 15:00:00,19.7,68,6.4,297,0.0,993.4,740.0
2026-02-02 16:00:00,19.4,69,6.7,297,0.0,993.2,725.0
2026-02-02 17:00:00,17.5,76,6.8,302,0.0,993.3,475.0
2026-02-02 18:00:00,16.0,83,5.5,289,0.0,993.1,185.0
2026-02-02 19:00:00,15.5,86,6.0,291,0.0,993.5,155.0
2026-02-02 20:00:00,14.7,88,5.8,290,0.0,993.8,125.0
2026-02-02 21:00:00,14.1,90,5.9,290,0.0,994.1,110.0
2026-02-02 22:00:00,13.4,92,5.5,289,0.0,993.9,90.0
2026-02-02 23:00:00,13.0,95,5.0,289,0.0,993.9,70.0
2026-02-03 00:00:00,12.9,95,5.1,293,0.0,993.9,75.0
2026-02-03 01:00:00,12.3,95,5.1,297,0.0,993.9,70.0
2026-02-03 02:00:00,11.9,95,3.5,285,0.0,993.7,50.0
2026-02-03 03:00:00,11.5,96,4.6,281,0.0,993.6,50.0
2026-02-03 04:00:00,10.4,97,5.1,287,0.0,993.4,50.0
2026-02-03 05:00:00,10.7,100,5.4,276,0.0,993.9,45.0
2026-02-03 06:00:00,10.4,99,6.4,281,0.0,994.5,70.0
2026-02-03 07:00:00,10.5,98,6.6,287,0.0,995.3,75.0
2026-02-03 08:00:00,11.3,98,5.2,299,0.0,996.5,85.0
2026-02-03 09:00:00,12.1,98,3.8,311,0.0,997.4,45.0
2026-02-03 10:00:00,14.6,89,3.1,315,0.0,997.9,200.0
2026-02-03 11:00:00,16.3,82,3.5,305,0.0,997.9,365.0
2026-02-03 12:00:00,17.9,74,4.3,303,0.0,997.3,605.0
2026-02-03 13:00:00,18.8,65,5.6,318,0.0,996.5,745.0
2026-02-03 14:00:00,19.4,61,5.8,338,0.0,995.7,850.0
2026-02-03 15:00:00,19.6,58,3.8,341,0.0,995.4,945.0
2026-02-03 16:00:00,19.4,57,2.7,337,0.0,995.3,915.0
2026-02-03 17:00:00,18.6,65,1.7,283,0.0,995.3,35.0
2026-02-03 18:00:00,17.1,66,2.2,294,0.0,995.4,35.0
2026-02-03 19:00:00,16.2,69,2.5,339,0.0,995.9,40.0
2026-02-03 20:00:00,15.6,74,3.1,21,0.0,996.4,50.0
2026-02-03 21:00:00,15.1,77,3.3,41,0.0,996.7,55.0
2026-02-03 22:00:00,14.5,79,3.3,45,0.0,996.7,55.0
2026-02-03 23:00:00,14.1,82,1.9,34,0.0,997.0,30.0
2026-02-04 00:00:00,13.5,83,1.4,320,0.0,996.9,20.0
2026-02-04 01:00:00,12.5,88,2.8,305,0.0,997.0,30.0
2026-02-04 02:00:00,11.7,91,3.1,315,0.0,996.5,30.0
2026-02-04 03:00:00,11.4,92,3.1,315,0.0,996.3,30.0
2026-02-04 04:00:00,11.1,92,3.3,324,0.0,996.1,35.0
2026-02-04 05:00:00,11.1,93,4.8,335,0.0,996.3,55.0
2026-02-04 06:00:00,10.8,93,5.2,340,0.0,996.7,55.0
2026-02-04 07:00:00,10.7,93,5.4,345,0.0,996.8,65.0
2026-02-04 08:00:00,12.7,88,7.8,351,0.0,997.2,110.0
2026-02-04 09:00:00,14.8,84,4.3,332,0.0,998.3,195.0
2026-02-04 10:00:00,17.0,76,4.7,313,0.0,998.7,400.0
2026-02-04 11:00:00,18.2,66,6.8,305,0.0,998.4,640.0
2026-02-04 12:00:00,19.2,60,8.1,307,0.0,997.8,775.0
2026-02-04 13:00:00,19.9,56,8.7,307,0.0,996.6,895.0
2026-02-04 14:00:00,20.2,54,9.8,311,0.0,995.8,1015.0
2026-02-04 15:00:00,20.1,54,9.8,316,0.0,995.4,1005.0
2026-02-04 16:00:00,19.5,56,9.4,318,0.0,995.4,900.0
2026-02-04 17:00:00,18.5,62,6.9,301,0.0,994.9,445.0
2026-02-04 18:00:00,16.6,71,6.8,292,0.0,994.9,195.0
2026-02-04 19:00:00,15.8,76,6.9,293,0.0,995.1,165.0
2026-02-04 20:00:00,15.1,79,7.9,281,0.0,995.3,140.0
2026-02-04 21:00:00,14.4,81,8.3,281,0.0,995.4,155.0
2026-02-04 22:00:00,13.7,83,7.8,289,0.0,995.2,150.0
2026-02-04 23:00:00,13.4,85,7.4,292,0.0,995.0,130.0
2026-02-05 00:00:00,13.2,86,8.4,289,0.0,994.8,150.0
2026-02-05 01:00:00,12.7,87,8.4,285,0.0,994.7,140.0
2026-02-05 02:00:00,12.3,88,8.6,285,0.0,994.4,140.0
2026-02-05 03:00:00,11.9,88,8.8,285,0.0,994.0,140.0
2026-02-05 04:00:00,11.5,89,9.0,286,0.0,993.9,145.0
2026-02-05 05:00:00,11.0,88,9.9,289,0.0,994.1,185.0
2026-02-05 06:00:00,10.7,88,9.1,291,0.0,994.6,180.0
2026-02-05 07:00:00,10.6,87,8.7,291,0.0,995.0,165.0
2026-02-05 08:00:00,11.8,85,9.3,283,0.0,995.6,180.0
2026-02-05 09:00:00,13.8,79,7.1,277,0.0,996.4,235.0
2026-02-05 10:00:00,16.0,72,7.0,274,0.0,996.9,325.0
2026-02-05 11:00:00,18.5,63,8.6,278,0.0,996.5,560.0
2026-02-05 12:00:00,20.0,54,9.9,289,0.0,995.8,745.0
2026-02-05 13:00:00,20.9,48,10.5,292,0.0,994.8,900.0
2026-02-05 14:00:00,21.3,44,11.5,297,0.0,994.4,1030.0
2026-02-05 15:00:00,21.0,45,11.9,302,0.0,994.1,1035.0
2026-02-05 16:00:00,20.4,48,10.7,301,0.0,994.0,990.0
2026-02-05 17:00:00,19.1,55,7.7,298,0.0,993.9,585.0
2026-02-05 18:00:00,16.7,67,6.4,299,0.0,994.0,185.0
2026-02-05 19:00:00,15.8,72,6.4,299,0.0,994.4,140.0
2026-02-05 20:00:00,15.3,72,6.7,297,0.0,994.6,125.0
2026-02-05 21:00:00,14.8,72,7.0,299,0.0,994.8,125.0
2026-02-05 22:00:00,14.1,73,6.9,300,0.0,994.6,120.0
2026-02-05 23:00:00,13.3,78,6.6,296,0.0,994.7,110.0
2026-02-06 00:00:00,13.1,77,6.7,294,0.0,994.3,110.0
2026-02-06 01:00:00,12.5,79,6.3,288,0.0,994.1,100.0
2026-02-06 02:00:00,12.1,80,6.6,291,0.0,993.5,100.0
2026-02-06 03:00:00,11.8,81,7.1,291,0.0,993.2,105.0
2026-02-06 04:00:00,11.5,81,7.2,289,0.0,992.8,105.0
2026-02-06 05:00:00,11.1,83,8.0,276,0.0,993.0,115.0
2026-02-06 06:00:00,10.9,83,8.8,272,0.0,993.8,125.0
2026-02-06 07:00:00,10.8,83,9.9,273,0.0,994.3,140.0
2026-02-06 08:00:00,12.4,76,11.2,275,0.0,995.4,175.0
2026-02-06 09:00:00,14.7,71,9.4,273,0.0,995.9,230.0
2026-02-06 10:00:00,17.3,63,9.3,280,0.0,996.4,355.0
2026-02-06 11:00:00,20.2,55,10.9,283,0.0,996.0,685.0
2026-02-06 12:00:00,21.8,47,12.9,293,0.0,995.2,920.0
2026-02-06 13:00:00,22.5,44,14.4,299,0.0,994.2,1050.0
2026-02-06 14:00:00,22.6,45,13.8,303,0.0,993.3,1075.0
2026-02-06 15:00:00,22.3,48,12.9,306,0.0,992.7,1035.0
2026-02-06 16:00:00,21.7,52,11.6,302,0.0,992.4,970.0
2026-02-06 17:00:00,20.5,56,8.9,297,0.0,992.1,680.0
2026-02-06 18:00:00,18.6,65,7.7,295,0.0,992.3,300.0
2026-02-06 19:00:00,17.7,71,7.2,298,0.0,992.6,200.0
2026-02-06 20:00:00,17.1,71,7.5,294,0.0,993.1,170.0
2026-02-06 21:00:00,16.6,71,7.4,299,0.0,993.3,150.0
2026-02-06 22:00:00,16.1,71,7.7,309,0.0,993.2,145.0
2026-02-06 23:00:00,15.8,73,7.4,311,0.0,993.2,150.0
2026-02-07 00:00:00,15.1,74,7.0,302,0.0,992.8,130.0
2026-02-07 01:00:00,14.5,77,6.7,284,0.0,992.5,115.0
2026-02-07 02:00:00,13.9,79,6.9,277,0.0,992.2,110.0
2026-02-07 03:00:00,13.3,82,8.1,265,0.0,991.7,110.0
2026-02-07 04:00:00,12.7,84,9.0,264,0.0,991.2,115.0
2026-02-07 05:00:00,12.6,86,9.4,272,0.0,991.4,135.0
2026-02-07 06:00:00,12.5,86,9.1,279,0.0,991.7,150.0
2026-02-07 07:00:00,12.5,86,9.4,275,0.0,992.1,150.0
2026-02-07 08:00:00,13.8,83,10.5,267,0.0,992.8,190.0
2026-02-07 09:00:00,16.1,75,8.5,271,0.0,993.5,290.0
2026-02-07 10:00:00,18.5,67,8.6,281,0.0,993.6,460.0
2026-02-07 11:00:00,20.8,59,10.3,283,0.0,993.3,740.0
2026-02-07 12:00:00,22.3,53,11.4,296,0.0,992.6,985.0
2026-02-07 13:00:00,23.3,47,13.0,297,0.0,991.5,1115.0
2026-02-07 14:00:00,23.6,46,14.7,296,0.0,990.6,1190.0
2026-02-07 15:00:00,23.5,45,15.1,297,0.0,990.2,1175.0
2026-02-07 16:00:00,22.8,48,13.6,298,0.0,990.1,1020.0
2026-02-07 17:00:00,21.6,53,9.3,289,0.0,989.6,840.0
2026-02-07 18:00:00,19.7,63,7.6,282,0.0,989.7,420.0
2026-02-07 19:00:00,18.8,67,7.7,282,0.0,990.1,300.0
2026-02-07 20:00:00,18.4,64,9.1,292,0.0,990.7,280.0
2026-02-07 21:00:00,17.6,66,8.1,309,0.0,991.3,205.0
2026-02-07 22:00:00,16.8,72,7.7,329,0.0,991.4,205.0
2026-02-07 23:00:00,16.0,79,6.9,327,0.0,991.4,205.0
2026-02-08 00:00:00,15.5,79,6.8,323,0.0,990.9,195.0
2026-02-08 01:00:00,14.8,77,6.4,313,0.0,990.9,175.0
2026-02-08 02:00:00,14.1,76,6.2,306,0.0,990.7,150.0
2026-02-08 03:00:00,13.5,77,6.3,301,0.0,990.6,140.0
2026-02-08 04:00:00,12.7,79,6.2,278,0.0,990.1,110.0
2026-02-08 05:00:00,11.9,82,6.4,280,0.0,989.8,105.0
2026-02-08 06:00:00,11.6,82,7.3,279,0.0,990.1,110.0
2026-02-08 07:00:00,11.4,81,8.0,278,0.0,990.7,115.0
2026-02-08 08:00:00,13.0,76,9.5,272,0.0,991.1,150.0
2026-02-08 09:00:00,15.4,66,7.0,274,0.0,992.2,240.0
2026-02-08 10:00:00,17.9,56,7.3,280,0.0,992.9,415.0
2026-02-08 11:00:00,20.6,46,9.3,285,0.0,992.6,765.0
2026-02-08 12:00:00,21.9,40,10.8,294,0.0,992.3,925.0
2026-02-08 13:00:00,22.6,35,11.8,293,0.0,991.3,1025.0
2026-02-08 14:00:00,22.8,36,11.2,296,0.0,990.4,1055.0
2026-02-08 15:00:00,22.5,38,10.6,302,0.0,989.7,1035.0
2026-02-08 16:00:00,21.9,40,9.7,301,0.0,989.4,975.0
2026-02-08 17:00:00,20.5,45,7.1,289,0.0,989.1,755.0
2026-02-08 18:00:00,18.1,55,5.4,285,0.0,989.0,160.0
2026-02-08 19:00:00,17.1,60,5.5,281,0.0,989.5,115.0
2026-02-08 20:00:00,16.2,63,5.6,287,0.0,989.8,95.0
2026-02-08 21:00:00,15.7,65,5.5,287,0.0,990.0,70.0
2026-02-08 22:00:00,15.3,65,4.6,288,0.0,989.8,50.0
2026-02-08 23:00:00,14.7,70,4.6,279,0.0,990.1,40.0
2026-02-09 00:00:00,14.1,70,4.1,272,0.0,989.7,35.0
2026-02-09 01:00:00,13.3,73,4.3,270,0.0,989.3,35.0
2026-02-09 02:00:00,12.5,76,3.8,270,0.0,989.2,30.0
2026-02-09 03:00:00,11.8,78,3.4,286,0.0,988.9,30.0
2026-02-09 04:00:00,10.9,81,3.8,275,0.0,988.1,30.0
2026-02-09 05:00:00,10.5,86,4.1,257,0.0,988.4,30.0
2026-02-09 06:00:00,11.0,85,3.7,256,0.0,989.1,30.0
2026-02-09 07:00:00,11.2,85,3.9,254,0.0,989.9,35.0
2026-02-09 08:00:00,13.0,77,4.5,256,0.0,991.1,40.0
2026-02-09 09:00:00,15.9,68,0.2,180,0.0,992.1,75.0
2026-02-09 10:00:00,19.2,52,1.9,119,0.0,992.9,250.0
2026-02-09 11:00:00,21.7,41,4.5,127,0.0,992.8,665.0
2026-02-09 12:00:00,23.2,36,4.9,129,0.0,992.3,930.0
2026-02-09 13:00:00,23.7,35,5.5,131,0.0,991.2,1090.0
2026-02-09 14:00:00,24.0,36,6.2,123,0.0,990.3,1165.0
2026-02-09 15:00:00,23.9,38,6.7,121,0.0,990.0,1185.0
2026-02-09 16:00:00,23.2,41,7.8,119,0.0,989.9,755.0
2026-02-09 17:00:00,22.0,42,8.3,129,0.0,989.5,345.0
2026-02-09 18:00:00,20.2,48,6.8,143,0.0,989.8,195.0
2026-02-09 19:00:00,18.3,57,4.4,128,0.0,990.4,85.0
2026-02-09 20:00:00,17.2,63,5.0,103,0.0,990.8,75.0
2026-02-09 21:00:00,16.2,66,4.9,123,0.0,991.1,70.0
2026-02-09 22:00:00,15.5,68,5.1,135,0.0,990.9,65.0
2026-02-09 23:00:00,14.9,75,5.7,131,0.0,990.6,65.0
2026-02-10 00:00:00,14.1,79,5.2,121,0.0,990.3,65.0
2026-02-10 01:00:00,13.6,80,5.2,106,0.0,989.9,60.0
2026-02-10 02:00:00,13.0,80,4.6,108,0.0,989.7,55.0
2026-02-10 03:00:00,12.6,80,4.5,83,0.0,989.3,55.0
2026-02-10 04:00:00,12.4,80,5.6,90,0.0,989.0,60.0
2026-02-10 05:00:00,11.8,86,5.3,145,0.0,989.6,60.0
2026-02-10 06:00:00,11.7,86,5.0,150,0.0,990.1,65.0
2026-02-10 07:00:00,11.6,86,5.0,154,0.0,991.0,60.0
2026-02-10 08:00:00,13.8,76,5.9,125,0.0,992.0,80.0
2026-02-10 09:00:00,17.0,63,4.2,121,0.0,992.7,150.0
2026-02-10 10:00:00,20.2,52,5.1,132,0.0,993.2,310.0
2026-02-10 11:00:00,22.7,43,6.1,161,0.0,993.2,545.0
2026-02-10 12:00:00,25.0,35,5.8,178,0.0,992.7,875.0
2026-02-10 13:00:00,26.2,30,5.2,182,0.0,991.7,1235.0
2026-02-10 14:00:00,26.9,27,4.3,195,0.0,990.6,1840.0
2026-02-10 15:00:00,27.2,26,3.1,208,0.0,990.3,2200.0
2026-02-10 16:00:00,26.9,25,1.5,210,0.0,990.1,2240.0
2026-02-10 17:00:00,25.1,34,7.2,55,0.0,990.4,690.0
2026-02-10 18:00:00,22.9,47,6.5,77,0.0,991.2,410.0
2026-02-10 19:00:00,21.3,54,3.9,74,0.0,991.9,225.0
2026-02-10 20:00:00,20.2,60,3.8,90,0.0,992.8,160.0
2026-02-10 21:00:00,19.3,65,4.5,92,0.0,993.4,135.0
2026-02-10 22:00:00,18.6,68,5.6,92,0.0,993.7,115.0
2026-02-10 23:00:00,17.5,76,4.7,113,0.0,993.7,80.0
2026-02-11 00:00:00,16.6,79,4.1,124,0.0,993.4,55.0
2026-02-11 01:00:00,16.2,80,2.5,120,0.0,993.1,40.0
2026-02-11 02:00:00,16.3,79,1.5,30,0.0,992.8,35.0
2026-02-11 03:00:00,16.0,80,3.3,347,0.0,992.8,40.0
2026-02-11 04:00:00,15.3,82,2.6,286,0.0,992.4,35.0
2026-02-11 05:00:00,14.7,84,5.2,250,0.0,992.8,70.0
2026-02-11 06:00:00,14.6,84,4.7,247,0.0,993.3,55.0
2026-02-11 07:00:00,15.2,81,4.9,253,0.0,994.0,55.0
2026-02-11 08:00:00,17.2,71,5.8,250,0.0,994.7,70.0
2026-02-11 09:00:00,20.2,58,4.8,307,0.0,996.0,165.0
2026-02-11 10:00:00,23.0,46,6.8,297,0.0,996.6,415.0
2026-02-11 11:00:00,25.1,37,9.0,296,0.0,996.1,890.0
2026-02-11 12:00:00,26.4,32,9.2,312,0.0,995.2,1160.0
2026-02-11 13:00:00,27.0,32,10.1,321,0.0,994.3,1450.0
2026-02-11 14:00:00,27.1,31,11.1,320,0.0,993.7,1805.0
2026-02-11 15:00:00,26.8,32,11.6,321,0.0,993.3,1695.0
2026-02-11 16:00:00,25.9,36,11.6,325,0.0,993.1,1305.0
2026-02-11 17:00:00,24.7,39,10.7,327,0.0,992.9,995.0
2026-02-11 18:00:00,23.2,46,8.1,325,0.0,993.4,730.0
2026-02-11 19:00:00,22.2,52,7.7,329,0.0,993.9,575.0
2026-02-11 20:00:00,21.1,56,7.7,332,0.0,994.1,430.0
2026-02-11 21:00:00,20.3,56,8.6,338,0.0,994.3,355.0
2026-02-11 22:00:00,19.3,57,8.1,336,0.0,994.1,310.0
2026-02-11 23:00:00,18.5,60,8.5,335,0.0,994.0,290.0
2026-02-12 00:00:00,17.7,61,7.8,326,0.0,993.6,265.0
2026-02-12 01:00:00,17.0,62,7.0,318,0.0,993.6,225.0
2026-02-12 02:00:00,16.2,63,6.3,309,0.0,993.3,180.0
2026-02-12 03:00:00,15.4,65,6.1,302,0.0,992.8,160.0
2026-02-12 04:00:00,14.5,68,6.0,291,0.0,992.2,130.0
2026-02-12 05:00:00,14.1,76,7.6,284,0.0,992.7,160.0
2026-02-12 06:00:00,13.4,80,6.5,278,0.0,993.0,140.0
2026-02-12 07:00:00,13.0,82,6.9,275,0.0,993.2,115.0
2026-02-12 08:00:00,14.5,74,7.9,270,0.0,994.1,165.0
2026-02-12 09:00:00,17.0,63,7.6,269,0.0,995.1,255.0
2026-02-12 10:00:00,19.7,53,8.0,275,0.0,995.7,425.0
2026-02-12 11:00:00,22.2,46,9.1,284,0.0,995.5,990.0
2026-02-12 12:00:00,24.0,35,12.0,288,0.0,994.6,1205.0
2026-02-12 13:00:00,24.8,28,12.6,292,0.0,993.7,1275.0
2026-02-12 14:00:00,25.1,27,12.4,292,0.0,992.9,1275.0
2026-02-12 15:00:00,24.8,28,11.4,291,0.0,992.5,1250.0
2026-02-12 16:00:00,24.2,30,9.8,296,0.0,992.2,1205.0
2026-02-12 17:00:00,22.7,37,10.1,305,0.0,991.8,1065.0
2026-02-12 18:00:00,21.2,42,7.1,306,0.0,991.8,670.0
2026-02-12 19:00:00,20.3,47,6.0,303,0.0,992.0,470.0
2026-02-12 20:00:00,19.3,53,5.5,293,0.0,992.4,275.0
2026-02-12 21:00:00,18.2,57,5.0,300,0.0,992.5,170.0
2026-02-12 22:00:00,17.8,56,4.8,295,0.0,992.2,115.0
2026-02-12 23:00:00,17.3,58,5.7,281,0.0,991.8,115.0
2026-02-13 00:00:00,16.7,59,5.8,279,0.0,991.6,105.0
2026-02-13 01:00:00,15.9,62,6.0,279,0.0,991.3,105.0
2026-02-13 02:00:00,15.2,65,6.0,275,0.0,990.7,90.0
2026-02-13 03:00:00,14.7,67,6.1,284,0.0,990.5,95.0
2026-02-13 04:00:00,13.8,70,4.9,278,0.0,989.7,85.0
2026-02-13 05:00:00,13.2,79,5.4,284,0.0,990.1,90.0
2026-02-13 06:00:00,12.8,79,4.9,278,0.0,990.2,90.0
2026-02-13 07:00:00,12.7,78,6.0,265,0.0,990.9,85.0
2026-02-13 08:00:00,14.4,68,6.9,255,0.0,991.6,115.0
2026-02-13 09:00:00,17.2,55,6.6,261,0.0,992.5,190.0
2026-02-13 10:00:00,20.0,44,7.8,263,0.0,993.0,405.0
2026-02-13 11:00:00,22.5,37,9.7,269,0.0,993.1,820.0
2026-02-13 12:00:00,24.0,32,8.8,282,0.0,992.3,970.0
2026-02-13 13:00:00,24.9,30,8.0,290,0.0,991.5,1120.0
2026-02-13 14:00:00,25.4,29,7.2,297,0.0,990.7,1220.0
2026-02-13 15:00:00,25.5,30,7.4,299,0.0,990.5,1270.0
2026-02-13 16:00:00,24.9,32,7.2,298,0.0,990.0,1185.0
2026-02-13 17:00:00,23.6,33,7.6,297,0.0,989.8,965.0
2026-02-13 18:00:00,22.0,39,5.4,285,0.0,990.1,340.0
2026-02-13 19:00:00,20.6,48,4.3,268,0.0,990.6,135.0
2026-02-13 20:00:00,19.3,55,2.9,266,0.0,991.2,65.0
2026-02-13 21:00:00,19.2,57,0.7,270,0.0,991.5,35.0
2026-02-13 22:00:00,18.8,56,0.7,90,0.0,991.4,40.0
2026-02-13 23:00:00,18.6,62,0.5,90,0.0,991.4,25.0
2026-02-14 00:00:00,18.2,59,1.2,333,0.0,991.1,60.0
2026-02-14 01:00:00,17.3,61,2.1,301,0.0,990.7,45.0
2026-02-14 02:00:00,15.7,68,3.5,294,0.0,990.2,40.0
2026-02-14 03:00:00,14.3,74,4.9,294,0.0,989.8,45.0
2026-02-14 04:00:00,13.4,77,4.4,282,0.0,989.2,40.0
2026-02-14 05:00:00,12.8,84,4.2,263,0.0,989.4,35.0
2026-02-14 06:00:00,12.6,84,4.3,265,0.0,989.8,45.0
2026-02-14 07:00:00,12.5,81,5.8,261,0.0,990.3,55.0
2026-02-14 08:00:00,14.6,69,6.9,256,0.0,991.2,85.0
2026-02-14 09:00:00,17.9,54,6.0,254,0.0,992.0,150.0
2026-02-14 10:00:00,21.5,41,7.1,260,0.0,992.1,315.0
2026-02-14 11:00:00,24.0,33,8.3,264,0.0,991.8,780.0
2026-02-14 12:00:00,25.6,29,8.6,278,0.0,991.1,1135.0
2026-02-14 13:00:00,26.4,28,9.5,289,0.0,990.3,1375.0
2026-02-14 14:00:00,26.9,26,10.6,296,0.0,989.6,1575.0
2026-02-14 15:00:00,26.5,29,11.4,297,0.0,989.2,1525.0
2026-02-14 16:00:00,25.8,33,10.2,294,0.0,988.8,1360.0
2026-02-14 17:00:00,24.7,33,10.4,300,0.0,988.7,1075.0
2026-02-14 18:00:00,23.3,37,7.6,298,0.0,988.8,660.0
2026-02-14 19:00:00,22.2,42,5.7,288,0.0,989.3,265.0
2026-02-14 20:00:00,21.1,47,4.7,293,0.0,989.3,140.0
2026-02-14 21:00:00,20.5,50,5.2,314,0.0,989.3,130.0
2026-02-14 22:00:00,20.1,52,5.3,322,0.0,989.2,130.0
2026-02-14 23:00:00,19.0,60,4.6,288,0.0,989.5,90.0
2026-02-15 00:00:00,17.7,65,4.7,272,0.0,989.1,60.0
2026-02-15 01:00:00,16.6,70,4.2,277,0.0,988.6,50.0
2026-02-15 02:00:00,15.8,74,4.3,272,0.0,988.5,50.0
2026-02-15 03:00:00,15.2,76,4.9,266,0.0,988.3,60.0
2026-02-15 04:00:00,14.5,78,5.2,264,0.0,988.2,65.0
2026-02-15 05:00:00,13.5,87,4.9,266,0.0,988.0,50.0
2026-02-15 06:00:00,13.6,85,4.9,280,0.0,988.7,55.0
2026-02-15 07:00:00,13.9,83,5.1,274,0.0,989.3,50.0
2026-02-15 08:00:00,16.4,71,5.9,270,0.0,989.9,90.0
2026-02-15 09:00:00,19.9,57,5.2,270,0.0,991.1,185.0
2026-02-15 10:00:00,22.9,46,7.1,276,0.0,991.3,420.0
2026-02-15 11:00:00,25.3,39,9.6,278,0.0,991.1,1020.0
2026-02-15 12:00:00,26.8,33,11.5,280,0.0,990.6,1200.0
2026-02-15 13:00:00,27.7,30,12.1,280,0.0,989.7,1805.0
2026-02-15 14:00:00,28.1,26,12.3,285,0.0,989.1,1925.0
2026-02-15 15:00:00,27.9,26,11.9,290,0.0,988.6,1905.0
2026-02-15 16:00:00,27.3,26,11.4,295,0.0,988.2,1755.0
2026-02-15 17:00:00,26.1,28,8.6,292,0.0,988.4,935.0
2026-02-15 18:00:00,23.9,36,4.4,305,0.0,988.5,205.0
2026-02-15 19:00:00,23.1,40,2.3,337,0.0,988.8,100.0
2026-02-15 20:00:00,22.5,42,1.4,50,0.0,989.1,55.0
2026-02-15 21:00:00,21.4,45,1.9,158,0.0,989.5,35.0
2026-02-15 22:00:00,20.3,49,2.2,166,0.0,989.6,45.0
2026-02-15 23:00:00,19.9,53,0.6,56,0.0,989.5,25.0
2026-02-16 00:00:00,19.4,56,0.2,180,0.0,989.2,15.0
2026-02-16 01:00:00,19.4,56,0.2,270,0.0,988.8,35.0
2026-02-16 02:00:00,19.1,56,0.4,270,0.0,988.2,35.0
2026-02-16 03:00:00,17.8,61,1.5,284,0.0,987.9,35.0
2026-02-16 04:00:00,15.8,71,5.5,257,0.0,987.5,50.0
2026-02-16 05:00:00,14.0,85,5.2,250,0.0,987.8,40.0
2026-02-16 06:00:00,13.1,89,4.1,255,0.0,987.9,30.0
2026-02-16 07:00:00,13.5,87,4.4,243,0.0,988.8,30.0
2026-02-16 08:00:00,16.6,70,5.2,245,0.0,989.7,35.0
2026-02-16 09:00:00,21.1,51,3.7,235,0.0,990.7,160.0
2026-02-16 10:00:00,24.6,38,3.2,218,0.0,991.1,450.0
2026-02-16 11:00:00,27.0,30,3.3,186,0.0,990.8,1250.0
2026-02-16 12:00:00,29.0,23,1.6,186,0.0,990.2,2370.0
2026-02-16 13:00:00,29.9,19,1.9,287,0.0,989.1,2600.0
2026-02-16 14:00:00,30.3,18,3.9,298,0.0,987.8,2830.0
2026-02-16 15:00:00,30.3,17,6.3,301,0.0,987.1,2975.0
2026-02-16 16:00:00,29.3,20,7.7,348,0.0,986.8,2920.0
2026-02-16 17:00:00,25.5,40,12.1,100,0.0,986.9,855.0
2026-02-16 18:00:00,24.3,43,8.7,108,0.0,987.2,440.0
2026-02-16 19:00:00,23.3,47,8.1,107,0.0,987.7,365.0
2026-02-16 20:00:00,22.3,52,7.0,111,0.0,988.2,255.0
2026-02-16 21:00:00,21.3,57,6.7,117,0.0,988.9,185.0
2026-02-16 22:00:00,20.4,60,5.5,122,0.0,988.8,120.0
2026-02-16 23:00:00,19.7,64,7.2,129,0.0,989.1,125.0
2026-02-17 00:00:00,19.2,66,6.3,127,0.0,989.1,115.0
2026-02-17 01:00:00,18.3,70,5.9,108,0.0,989.1,110.0
2026-02-17 02:00:00,17.5,72,7.0,102,0.0,989.0,115.0
2026-02-17 03:00:00,16.8,74,7.5,114,0.0,989.1,130.0
2026-02-17 04:00:00,16.3,76,8.1,111,0.0,989.1,130.0
2026-02-17 05:00:00,16.1,73,9.5,117,0.0,989.4,150.0
2026-02-17 06:00:00,15.9,74,9.7,125,0.0,989.8,160.0
2026-02-17 07:00:00,16.0,73,10.1,131,0.0,990.6,155.0
2026-02-17 08:00:00,17.7,65,9.1,128,0.0,991.3,180.0
2026-02-17 09:00:00,20.5,55,8.4,125,0.0,992.2,260.0
2026-02-17 10:00:00,23.6,43,10.6,133,0.0,992.3,430.0
2026-02-17 11:00:00,25.9,34,11.8,140,0.0,992.0,595.0
2026-02-17 12:00:00,27.7,29,9.5,147,0.0,991.6,915.0
2026-02-17 13:00:00,28.8,27,8.2,147,0.0,990.6,1785.0
2026-02-17 14:00:00,29.2,25,7.6,137,0.0,989.3,2075.0
2026-02-17 15:00:00,29.0,27,8.5,138,0.0,988.6,2140.0
2026-02-17 16:00:00,28.2,30,9.9,142,0.0,988.4,1950.0
2026-02-17 17:00:00,26.8,33,12.5,133,0.0,988.3,640.0
2026-02-17 18:00:00,25.0,42,7.5,136,0.0,988.6,480.0
2026-02-17 19:00:00,23.6,49,4.2,149,0.0,989.1,210.0
2026-02-17 20:00:00,22.5,56,4.9,129,0.0,989.6,140.0
2026-02-17 21:00:00,21.4,63,4.9,118,0.0,989.7,105.0
2026-02-17 22:00:00,20.3,69,4.4,117,0.0,989.5,80.0
2026-02-17 23:00:00,19.6,76,3.0,107,0.0,989.5,55.0
2026-02-18 00:00:00,18.9,78,4.0,95,0.0,988.8,60.0
2026-02-18 01:00:00,18.3,80,3.9,106,0.0,988.8,60.0
2026-02-18 02:00:00,18.0,79,4.6,116,0.0,988.5,80.0
2026-02-18 03:00:00,17.6,80,0.5,225,0.0,988.8,25.0
2026-02-18 04:00:00,17.5,81,2.3,293,0.0,988.9,55.0
2026-02-18 05:00:00,18.4,80,7.7,300,0.0,989.9,135.0
2026-02-18 06:00:00,18.7,78,6.3,273,0.0,990.6,135.0
2026-02-18 07:00:00,17.9,80,7.2,295,0.0,991.5,175.0
2026-02-18 08:00:00,18.4,79,3.3,22,0.4,992.4,135.0
2026-02-18 09:00:00,19.0,76,4.9,39,0.0,993.0,185.0
2026-02-18 10:00:00,19.7,70,2.7,122,0.0,993.5,170.0
2026-02-18 11:00:00,19.1,73,4.6,26,0.1,993.2,210.0
2026-02-18 12:00:00,22.3,52,5.3,348,0.4,993.5,665.0
2026-02-18 13:00:00,23.4,41,7.9,349,0.0,992.5,1050.0
2026-02-18 14:00:00,23.9,39,9.2,339,0.0,991.6,1375.0
2026-02-18 15:00:00,23.3,43,7.9,349,0.0,991.0,1220.0
2026-02-18 16:00:00,22.8,45,2.3,32,0.0,990.7,980.0
2026-02-18 17:00:00,17.7,81,0.6,288,0.0,990.0,10.0
2026-02-18 18:00:00,17.2,87,2.7,274,0.0,990.6,65.0
2026-02-18 19:00:00,16.7,89,2.3,61,0.0,990.5,35.0
2026-02-18 20:00:00,16.6,88,0.5,45,0.0,991.0,15.0
2026-02-18 21:00:00,16.6,87,1.0,211,0.0,991.4,25.0
2026-02-18 22:00:00,16.1,89,2.7,110,0.0,991.7,50.0
2026-02-18 23:00:00,16.9,86,0.6,56,0.0,991.5,25.0
2026-02-19 00:00:00,16.4,88,2.2,355,0.0,991.4,45.0
2026-02-19 01:00:00,15.9,90,3.5,15,0.0,991.6,60.0
2026-02-19 02:00:00,15.1,92,3.8,355,0.0,991.4,60.0
2026-02-19 03:00:00,14.7,93,3.1,336,0.0,991.3,45.0
2026-02-19 04:00:00,14.1,93,3.6,327,0.0,991.2,45.0
2026-02-19 05:00:00,14.8,85,5.7,349,0.0,991.0,80.0
2026-02-19 06:00:00,13.9,86,4.8,340,0.0,991.7,95.0
2026-02-19 07:00:00,14.3,86,4.5,337,0.0,992.3,70.0
2026-02-19 08:00:00,16.6,79,4.1,299,0.0,993.1,70.0
2026-02-19 09:00:00,19.5,70,1.9,292,0.0,993.7,125.0
2026-02-19 10:00:00,22.5,53,2.4,333,0.0,994.2,365.0
2026-02-19 11:00:00,24.3,42,1.3,326,0.0,993.9,1230.0
2026-02-19 12:00:00,25.8,37,1.4,90,0.0,993.3,1640.0
2026-02-19 13:00:00,26.0,36,1.8,66,0.0,992.4,1880.0
2026-02-19 14:00:00,26.3,35,1.5,120,0.0,991.6,1930.0
2026-02-19 15:00:00,26.3,33,2.5,188,0.0,991.4,2090.0
2026-02-19 16:00:00,25.0,36,7.6,181,0.0,991.5,1830.0
2026-02-19 17:00:00,23.8,53,1.4,247,0.0,991.3,675.0
2026-02-19 18:00:00,22.2,62,3.2,251,0.0,991.5,75.0
2026-02-19 19:00:00,21.2,65,4.6,312,0.0,992.2,155.0
2026-02-19 20:00:00,20.5,70,1.9,287,0.0,993.0,40.0
2026-02-19 21:00:00,19.6,74,4.6,315,0.0,993.3,115.0
2026-02-19 22:00:00,18.8,78,4.6,329,0.0,993.2,120.0
2026-02-19 23:00:00,18.5,82,3.9,313,0.0,993.6,105.0
2026-02-20 00:00:00,17.7,85,4.3,5,0.0,993.7,130.0
2026-02-20 01:00:00,17.2,86,2.9,11,0.0,993.6,95.0
2026-02-20 02:00:00,16.8,86,3.5,348,0.0,993.3,75.0
2026-02-20 03:00:00,16.4,87,3.1,332,0.0,993.1,60.0
2026-02-20 04:00:00,16.0,87,3.3,331,0.0,992.9,55.0
2026-02-20 05:00:00,15.0,93,5.1,333,0.0,992.8,65.0
2026-02-20 06:00:00,15.1,92,4.4,322,0.0,993.3,65.0
2026-02-20 07:00:00,15.4,91,4.0,300,0.0,994.1,55.0
2026-02-20 08:00:00,17.4,81,4.1,293,0.0,995.3,90.0
2026-02-20 09:00:00,20.2,68,2.7,307,0.0,996.1,160.0
2026-02-20 10:00:00,23.3,51,3.6,327,0.0,996.5,350.0
2026-02-20 11:00:00,25.5,42,5.3,303,0.0,996.1,1065.0
2026-02-20 12:00:00,27.0,36,5.5,297,0.0,995.3,1675.0
2026-02-20 13:00:00,27.7,33,7.2,292,0.0,994.2,2050.0
2026-02-20 14:00:00,27.9,32,9.2,290,0.0,993.1,2245.0
2026-02-20 15:00:00,27.5,32,10.2,288,0.0,992.4,2185.0
2026-02-20 16:00:00,26.8,34,10.4,290,0.0,992.1,1920.0
2026-02-20 17:00:00,25.5,39,9.6,296,0.0,991.4,1240.0
2026-02-20 18:00:00,23.7,47,5.6,297,0.0,991.5,465.0
2026-02-20 19:00:00,22.3,55,5.0,291,0.0,992.0,260.0
2026-02-20 20:00:00,21.0,64,4.6,283,0.0,992.0,155.0
2026-02-20 21:00:00,20.1,67,4.9,278,0.0,991.9,110.0
2026-02-20 22:00:00,19.5,67,5.1,280,0.0,991.5,80.0
2026-02-20 23:00:00,18.9,71,5.3,278,0.0,991.3,90.0
2026-02-21 00:00:00,18.2,71,5.7,283,0.0,991.1,90.0
2026-02-21 01:00:00,17.6,72,5.8,284,0.0,990.7,95.0
2026-02-21 02:00:00,16.9,75,5.5,281,0.0,990.1,90.0
2026-02-21 03:00:00,16.1,78,5.2,266,0.0,989.6,75.0
2026-02-21 04:00:00,15.6,79,5.8,268,0.0,989.6,80.0
2026-02-21 05:00:00,14.9,87,7.4,267,0.0,989.2,90.0
2026-02-21 06:00:00,14.8,88,6.7,265,0.0,989.3,85.0
2026-02-21 07:00:00,15.0,86,7.3,263,0.0,989.9,85.0
2026-02-21 08:00:00,16.9,77,6.8,270,0.0,990.6,125.0
2026-02-21 09:00:00,19.9,65,6.5,278,0.0,991.3,220.0
2026-02-21 10:00:00,22.8,55,7.1,286,0.0,991.5,425.0
2026-02-21 11:00:00,24.9,50,8.8,289,0.0,991.2,1135.0
2026-02-21 12:00:00,26.2,44,10.2,294,0.0,990.4,1425.0
2026-02-21 13:00:00,27.0,40,10.5,295,0.0,989.5,1635.0
2026-02-21 14:00:00,27.2,38,10.9,297,0.0,988.1,1735.0
2026-02-21 15:00:00,27.1,39,11.0,296,0.0,987.3,1725.0
2026-02-21 16:00:00,26.4,40,10.8,298,0.0,986.5,1575.0
2026-02-21 17:00:00,25.4,40,9.4,293,0.0,986.0,1175.0
2026-02-21 18:00:00,23.5,48,5.4,285,0.0,986.3,310.0
2026-02-21 19:00:00,22.0,56,4.8,281,0.0,986.4,140.0
2026-02-21 20:00:00,21.1,63,4.0,288,0.0,986.3,85.0
2026-02-21 21:00:00,20.8,63,3.4,286,0.0,986.5,65.0
2026-02-21 22:00:00,20.2,64,4.0,273,0.0,986.0,50.0
2026-02-21 23:00:00,19.2,72,5.3,262,0.0,986.0,70.0
2026-02-22 00:00:00,18.4,75,6.1,275,0.0,985.8,90.0
2026-02-22 01:00:00,17.5,76,5.7,279,0.0,985.5,85.0
2026-02-22 02:00:00,16.6,79,4.9,274,0.0,985.0,65.0
2026-02-22 03:00:00,16.0,80,5.4,255,0.0,984.5,60.0
2026-02-22 04:00:00,15.2,83,5.3,258,0.0,984.4,60.0
2026-02-22 05:00:00,14.7,88,5.6,255,0.0,984.5,60.0
2026-02-22 06:00:00,14.8,88,5.1,262,0.0,984.9,60.0
2026-02-22 07:00:00,15.1,86,4.9,262,0.0,985.5,55.0
2026-02-22 08:00:00,17.5,74,4.5,256,0.0,986.3,70.0
2026-02-22 09:00:00,21.4,58,3.3,257,0.0,987.0,150.0
2026-02-22 10:00:00,24.7,42,4.7,263,0.0,987.4,590.0
2026-02-22 11:00:00,26.8,30,7.1,264,0.0,987.1,1620.0
2026-02-22 12:00:00,27.9,25,7.6,277,0.0,986.6,1985.0
2026-02-22 13:00:00,28.4,23,8.5,282,0.0,985.9,2190.0
2026-02-22 14:00:00,28.4,24,9.0,283,0.0,984.9,2225.0
2026-02-22 15:00:00,28.2,25,9.0,276,0.0,984.5,2115.0
2026-02-22 16:00:00,27.6,27,8.8,272,0.0,984.1,1950.0
2026-02-22 17:00:00,26.4,35,8.4,286,0.0,983.8,1265.0
2026-02-22 18:00:00,24.8,39,5.6,297,0.0,984.0,330.0
2026-02-22 19:00:00,23.4,44,3.4,317,0.0,984.8,185.0
2026-02-22 20:00:00,22.9,46,2.4,347,0.0,985.2,180.0
2026-02-22 21:00:00,21.6,55,2.6,34,0.0,985.3,135.0
2026-02-22 22:00:00,20.2,62,3.6,84,0.0,985.3,95.0
2026-02-22 23:00:00,19.7,70,2.7,127,0.0,985.0,55.0
2026-02-23 00:00:00,19.1,71,1.3,135,0.0,984.5,20.0
2026-02-23 01:00:00,19.0,72,1.3,106,0.0,984.2,30.0
2026-02-23 02:00:00,18.9,72,0.9,127,0.0,983.9,20.0
2026-02-23 03:00:00,17.4,77,3.6,213,0.0,983.7,30.0
2026-02-23 04:00:00,16.8,78,2.3,238,0.0,983.4,20.0
2026-02-23 05:00:00,14.8,87,2.7,222,0.0,983.7,15.0
2026-02-23 06:00:00,14.8,87,2.7,228,0.0,984.2,15.0
2026-02-23 07:00:00,15.4,83,4.5,223,0.0,985.2,30.0
2026-02-23 08:00:00,18.6,67,3.2,207,0.0,986.3,60.0
2026-02-23 09:00:00,22.4,53,0.4,63,0.0,987.2,165.0
2026-02-23 10:00:00,25.2,41,0.9,217,0.0,987.7,600.0
2026-02-23 11:00:00,27.1,32,4.4,238,0.0,987.6,1495.0
2026-02-23 12:00:00,28.8,25,6.0,275,0.0,986.9,2595.0
2026-02-23 13:00:00,29.4,22,8.7,294,0.0,985.9,2895.0
2026-02-23 14:00:00,29.4,20,11.1,301,0.0,985.3,2970.0
2026-02-23 15:00:00,29.2,19,11.7,307,0.0,984.9,2920.0
2026-02-23 16:00:00,28.6,20,11.3,312,0.0,984.3,2395.0
2026-02-23 17:00:00,27.8,23,7.5,314,0.0,984.3,1545.0
2026-02-23 18:00:00,24.7,39,4.6,339,0.0,984.6,340.0
2026-02-23 19:00:00,23.6,49,2.1,31,0.0,985.2,250.0
2026-02-23 20:00:00,22.6,53,2.0,80,0.0,986.0,180.0
2026-02-23 21:00:00,21.7,57,2.1,70,0.0,986.5,145.0
2026-02-23 22:00:00,21.4,58,0.9,37,0.0,986.6,110.0
2026-02-23 23:00:00,20.0,67,2.5,352,0.0,986.5,60.0
2026-02-24 00:00:00,19.4,68,1.6,6,0.0,986.2,30.0
2026-02-24 01:00:00,19.0,68,1.5,306,0.0,986.1,30.0
2026-02-24 02:00:00,18.1,72,3.1,320,0.0,985.6,35.0
2026-02-24 03:00:00,17.8,72,2.7,307,0.0,985.4,30.0
2026-02-24 04:00:00,17.2,73,4.2,320,0.0,985.2,40.0
2026-02-24 05:00:00,15.9,82,4.4,322,0.0,985.4,65.0
2026-02-24 06:00:00,16.1,80,2.6,304,0.0,985.9,45.0
2026-02-24 07:00:00,16.6,78,0.6,252,0.0,987.2,15.0
2026-02-24 08:00:00,19.3,66,1.7,131,0.0,988.4,65.0
2026-02-24 09:00:00,22.4,54,1.5,144,0.0,989.2,200.0
2026-02-24 10:00:00,25.0,42,2.8,191,0.0,989.6,680.0
2026-02-24 11:00:00,26.5,35,3.9,242,0.0,989.4,1205.0
2026-02-24 12:00:00,28.5,28,5.1,293,0.0,989.1,2010.0
2026-02-24 13:00:00,29.4,22,8.1,317,0.0,988.2,2565.0
2026-02-24 14:00:00,29.6,18,9.9,325,0.0,987.3,2800.0
2026-02-24 15:00:00,29.3,18,10.7,324,0.0,987.0,2775.0
2026-02-24 16:00:00,28.5,20,11.4,319,0.0,986.7,2530.0
2026-02-24 17:00:00,27.1,26,10.0,324,0.0,986.6,1460.0
2026-02-24 18:00:00,24.7,39,5.2,331,0.0,987.0,400.0
2026-02-24 19:00:00,23.2,50,4.6,351,0.0,987.6,220.0
2026-02-24 20:00:00,22.0,59,4.7,9,0.0,988.2,185.0
2026-02-24 21:00:00,21.6,61,2.6,16,0.0,988.4,110.0
2026-02-24 22:00:00,20.9,63,3.5,28,0.0,988.3,90.0
2026-02-24 23:00:00,20.3,66,3.4,25,0.0,988.3,45.0
2026-02-25 00:00:00,20.1,65,0.9,90,0.0,988.0,15.0
2026-02-25 01:00:00,20.1,64,0.6,56,0.0,987.8,20.0
2026-02-25 02:00:00,18.7,69,2.8,315,0.0,987.6,55.0
2026-02-25 03:00:00,17.2,75,4.1,308,0.0,987.6,60.0
2026-02-25 04:00:00,15.9,78,4.0,275,0.0,987.2,40.0
2026-02-25 05:00:00,14.9,85,5.1,262,0.0,987.6,55.0
2026-02-25 06:00:00,15.0,83,4.8,255,0.0,988.1,50.0
2026-02-25 07:00:00,15.2,81,5.3,260,0.0,988.6,45.0
2026-02-25 08:00:00,18.1,66,4.9,266,0.0,989.7,75.0
2026-02-25 09:00:00,21.8,51,4.1,285,0.0,990.6,155.0
2026-02-25 10:00:00,25.0,36,5.5,297,0.0,990.8,575.0
2026-02-25 11:00:00,27.3,24,7.6,292,0.0,990.4,1725.0
2026-02-25 12:00:00,28.3,21,9.6,293,0.0,989.7,2175.0
2026-02-25 13:00:00,28.8,19,10.5,289,0.0,988.9,2270.0
2026-02-25 14:00:00,29.0,18,10.5,289,0.0,988.0,2380.0
2026-02-25 15:00:00,28.8,18,11.0,295,0.0,987.5,2360.0
2026-02-25 16:00:00,28.1,19,11.1,297,0.0,987.3,2130.0
2026-02-25 17:00:00,27.2,20,9.6,286,0.0,987.0,1255.0
2026-02-25 18:00:00,24.3,33,5.0,270,0.0,987.2,190.0
2026-02-25 19:00:00,23.1,42,4.5,254,0.0,987.6,80.0
2026-02-25 20:00:00,22.7,42,3.9,298,0.0,988.0,125.0
2026-02-25 21:00:00,22.2,40,3.5,332,0.0,988.2,75.0
2026-02-25 22:00:00,21.4,42,5.1,17,0.0,988.1,75.0
2026-02-25 23:00:00,21.2,50,4.2,335,0.0,988.2,120.0
2026-02-26 00:00:00,19.2,56,5.6,249,0.0,988.4,65.0
2026-02-26 01:00:00,17.8,61,5.1,253,0.0,988.0,45.0
2026-02-26 02:00:00,17.0,64,4.5,277,0.0,987.4,40.0
2026-02-26 03:00:00,16.3,66,5.1,297,0.0,986.8,45.0
2026-02-26 04:00:00,15.7,69,5.2,286,0.0,986.5,60.0
2026-02-26 05:00:00,15.5,77,5.1,274,0.0,986.4,50.0
2026-02-26 06:00:00,15.5,77,5.1,276,0.0,986.6,60.0
2026-02-26 07:00:00,16.1,73,6.1,270,0.0,987.0,65.0
2026-02-26 08:00:00,18.6,63,6.5,270,0.0,987.8,100.0
2026-02-26 09:00:00,22.0,51,6.0,280,0.0,988.2,195.0
2026-02-26 10:00:00,25.0,42,7.2,288,0.0,988.1,435.0
2026-02-26 11:00:00,27.4,32,10.0,278,0.0,987.6,1895.0
2026-02-26 12:00:00,28.9,23,12.3,282,0.0,986.9,2330.0
2026-02-26 13:00:00,29.5,20,13.5,282,0.0,986.0,2500.0
2026-02-26 14:00:00,29.7,17,14.4,288,0.0,985.2,2515.0
2026-02-26 15:00:00,29.4,18,14.5,289,0.0,984.7,2395.0
2026-02-26 16:00:00,28.7,20,14.3,295,0.0,984.1,2170.0
2026-02-26 17:00:00,27.9,23,12.4,289,0.0,983.7,2165.0
2026-02-26 18:00:00,26.0,30,6.5,278,0.0,983.5,620.0
2026-02-26 19:00:00,24.2,38,4.9,280,0.0,983.9,210.0
2026-02-26 20:00:00,23.3,41,4.9,272,0.0,984.4,120.0
2026-02-26 21:00:00,22.8,40,5.5,281,0.0,984.6,130.0
2026-02-26 22:00:00,21.8,41,5.6,287,0.0,984.6,105.0
2026-02-26 23:00:00,21.3,47,4.3,312,0.0,984.5,105.0
2026-02-27 00:00:00,20.3,50,4.4,305,0.0,984.1,100.0
2026-02-27 01:00:00,19.3,53,4.5,286,0.0,984.0,55.0
2026-02-27 02:00:00,18.7,56,3.9,317,0.0,983.4,50.0
2026-02-27 03:00:00,17.7,60,4.5,304,0.0,983.2,50.0
2026-02-27 04:00:00,17.2,63,3.5,321,0.0,982.7,45.0
2026-02-27 05:00:00,16.0,75,4.9,272,0.0,982.8,45.0
2026-02-27 06:00:00,16.1,73,6.5,256,0.0,983.3,65.0
2026-02-27 07:00:00,16.4,68,7.5,253,0.0,984.1,70.0
2026-02-27 08:00:00,19.1,57,7.0,249,0.0,985.1,105.0
2026-02-27 09:00:00,23.0,44,4.5,265,0.0,985.9,170.0
2026-02-27 10:00:00,26.5,33,5.2,282,0.0,986.1,425.0
2026-02-27 11:00:00,28.8,23,6.3,275,0.0,985.9,1455.0
2026-02-27 12:00:00,30.3,19,8.3,272,0.0,985.2,2715.0
2026-02-27 13:00:00,30.8,18,11.0,272,0.0,984.3,3045.0
2026-02-27 14:00:00,30.8,18,11.1,277,0.0,983.3,3020.0
2026-02-27 15:00:00,30.6,18,10.6,280,0.0,982.9,2850.0
2026-02-27 16:00:00,29.9,20,10.3,274,0.0,982.6,2325.0
2026-02-27 17:00:00,29.6,17,9.4,274,0.0,982.1,1690.0
2026-02-27 18:00:00,27.2,25,4.1,319,0.0,982.0,360.0
2026-02-27 19:00:00,25.7,31,3.3,61,0.0,982.4,215.0
2026-02-27 20:00:00,24.4,41,3.7,101,0.0,982.8,185.0
2026-02-27 21:00:00,23.9,45,2.8,105,0.0,983.2,145.0
2026-02-27 22:00:00,23.0,48,1.8,156,0.0,982.8,35.0
2026-02-27 23:00:00,23.1,48,1.3,82,0.0,982.9,25.0
2026-02-28 00:00:00,23.3,53,4.7,50,0.0,982.7,100.0
2026-02-28 01:00:00,22.3,60,2.4,77,0.0,982.6,90.0
2026-02-28 02:00:00,22.0,59,3.4,186,0.0,982.6,95.0
2026-02-28 03:00:00,21.9,59,1.8,90,0.0,982.2,80.0
2026-02-28 04:00:00,21.8,60,0.5,225,0.0,982.1,35.0
2026-02-28 05:00:00,21.6,61,2.5,225,0.0,982.3,55.0
2026-02-28 06:00:00,21.3,60,3.9,233,0.0,982.4,40.0
2026-02-28 07:00:00,21.3,60,3.7,219,0.0,982.8,35.0
2026-02-28 08:00:00,23.2,50,1.5,144,0.0,983.6,35.0
2026-02-28 09:00:00,26.5,38,1.0,248,0.0,984.7,255.0
2026-02-28 10:00:00,28.8,28,2.0,243,0.0,984.9,960.0
2026-02-28 11:00:00,31.0,18,6.8,299,0.0,984.7,2930.0
2026-02-28 12:00:00,31.8,17,10.9,304,0.0,984.1,3295.0
2026-02-28 13:00:00,31.9,17,13.5,304,0.0,983.2,3455.0
2026-02-28 14:00:00,31.6,17,13.4,302,0.0,982.3,2880.0
2026-02-28 15:00:00,31.2,18,13.0,297,0.0,982.2,2800.0
2026-02-28 16:00:00,30.4,20,13.4,301,0.0,982.0,2620.0
2026-02-28 17:00:00,29.6,23,13.0,295,0.0,981.9,2535.0
2026-02-28 18:00:00,27.9,31,7.8,304,0.0,982.4,945.0
2026-02-28 19:00:00,26.3,38,4.3,312,0.0,983.1,435.0
2026-02-28 20:00:00,25.0,47,3.7,321,0.0,983.5,215.0
2026-02-28 21:00:00,24.5,48,2.9,349,0.0,984.1,155.0
2026-02-28 22:00:00,23.8,49,2.5,330,0.0,984.1,135.0
2026-02-28 23:00:00,22.5,55,5.4,334,0.0,984.2,215.0
2026-03-01 00:00:00,21.0,58,5.1,318,0.0,984.1,155.0
2026-03-01 01:00:00,20.0,61,4.9,294,0.0,983.9,95.0
2026-03-01 02:00:00,19.4,63,5.4,304,0.0,983.5,105.0
2026-03-01 03:00:00,18.5,67,5.0,285,0.0,983.1,85.0
2026-03-01 04:00:00,17.9,69,5.2,272,0.0,982.9,75.0
2026-03-01 05:00:00,17.3,78,7.4,266,0.0,982.9,95.0
2026-03-01 06:00:00,17.2,77,6.7,268,0.0,983.5,95.0
2026-03-01 07:00:00,17.5,73,7.6,270,0.0,984.1,95.0
2026-03-01 08:00:00,19.7,63,6.1,270,0.0,985.2,140.0
2026-03-01 09:00:00,23.1,52,6.5,278,0.0,986.1,270.0
2026-03-01 10:00:00,26.1,42,8.3,274,0.0,986.3,610.0
2026-03-01 11:00:00,28.9,27,11.8,286,0.0,986.1,1675.0
2026-03-01 12:00:00,30.2,22,14.1,292,0.0,985.7,3010.0
2026-03-01 13:00:00,30.6,21,15.8,289,0.0,985.0,3015.0
2026-03-01 14:00:00,30.6,22,16.8,289,0.0,984.4,2925.0
2026-03-01 15:00:00,30.3,23,16.4,293,0.0,984.1,2720.0
2026-03-01 16:00:00,29.7,24,15.8,296,0.0,983.9,2350.0
2026-03-01 17:00:00,28.7,26,13.3,303,0.0,983.7,1590.0
2026-03-01 18:00:00,27.1,30,8.2,303,0.0,983.9,1000.0
2026-03-01 19:00:00,26.0,35,6.8,297,0.0,984.6,515.0
2026-03-01 20:00:00,25.3,37,8.5,295,0.0,985.1,425.0
2026-03-01 21:00:00,24.2,40,7.7,306,0.0,985.8,310.0
2026-03-01 22:00:00,22.9,43,6.6,315,0.0,986.1,245.0
2026-03-01 23:00:00,21.7,51,6.2,311,0.0,986.2,225.0
2026-03-02 00:00:00,20.7,52,5.6,299,0.0,985.9,195.0
2026-03-02 01:00:00,19.8,54,5.5,279,0.0,985.8,130.0
2026-03-02 02:00:00,18.8,57,5.3,278,0.0,985.2,100.0
2026-03-02 03:00:00,18.5,58,6.7,268,0.0,984.9,100.0
2026-03-02 04:00:00,17.9,61,6.8,267,0.0,984.8,100.0
2026-03-02 05:00:00,17.5,70,7.6,271,0.0,985.0,115.0
2026-03-02 06:00:00,17.2,71,7.6,263,0.0,985.8,115.0
2026-03-02 07:00:00,17.4,70,8.7,262,0.0,986.5,125.0
2026-03-02 08:00:00,19.6,61,8.0,260,0.0,987.2,180.0
2026-03-02 09:00:00,23.0,49,8.5,271,0.0,988.2,295.0
2026-03-02 10:00:00,26.1,39,9.0,285,0.0,988.5,575.0
2026-03-02 11:00:00,28.4,32,12.7,291,0.0,988.6,1280.0
2026-03-02 12:00:00,30.0,25,15.3,297,0.0,988.2,2155.0
2026-03-02 13:00:00,30.8,22,16.9,300,0.0,987.5,2610.0
2026-03-02 14:00:00,30.8,23,17.1,302,0.0,987.0,2540.0
2026-03-02 15:00:00,30.5,23,16.2,302,0.0,986.4,2375.0
2026-03-02 16:00:00,29.6,26,15.8,306,0.0,986.2,1915.0
2026-03-02 17:00:00,28.5,29,15.9,304,0.0,986.1,1475.0
2026-03-02 18:00:00,27.1,35,9.4,290,0.0,986.1,1160.0
2026-03-02 19:00:00,26.1,40,8.4,290,0.0,986.7,765.0
2026-03-02 20:00:00,25.3,41,9.9,307,0.0,987.2,450.0
2026-03-02 21:00:00,24.3,42,8.3,319,0.0,987.7,340.0
2026-03-02 22:00:00,23.4,42,9.4,325,0.0,988.0,310.0
2026-03-02 23:00:00,22.7,46,10.3,316,0.0,987.8,325.0
2026-03-03 00:00:00,22.2,44,10.7,318,0.0,987.5,305.0
2026-03-03 01:00:00,21.6,45,9.9,302,0.0,987.2,290.0
2026-03-03 02:00:00,20.6,49,9.7,285,0.0,986.9,240.0
2026-03-03 03:00:00,19.7,54,9.6,284,0.0,986.1,210.0
2026-03-03 04:00:00,18.8,57,8.6,286,0.0,985.7,190.0
2026-03-03 05:00:00,18.3,62,9.4,290,0.0,985.9,210.0
2026-03-03 06:00:00,17.7,64,9.3,283,0.0,986.4,200.0
2026-03-03 07:00:00,17.9,64,10.5,277,0.0,987.0,200.0
2026-03-03 08:00:00,19.7,57,9.0,272,0.0,987.6,250.0
2026-03-03 09:00:00,22.8,47,10.7,284,0.0,988.4,420.0
2026-03-03 10:00:00,25.8,39,12.5,288,0.0,988.8,680.0
2026-03-03 11:00:00,28.6,32,15.3,291,0.0,988.7,1210.0
2026-03-03 12:00:00,30.4,26,17.8,297,0.0,988.3,1360.0
2026-03-03 13:00:00,31.1,24,18.5,297,0.0,987.5,1345.0
2026-03-03 14:00:00,31.4,24,18.0,294,0.0,986.7,1335.0
2026-03-03 15:00:00,31.3,25,16.6,292,0.0,986.3,1275.0
2026-03-03 16:00:00,30.3,30,16.2,293,0.0,985.9,1170.0
2026-03-03 17:00:00,29.1,30,14.7,289,0.0,985.9,1160.0
2026-03-03 18:00:00,27.7,34,11.1,283,0.0,986.4,780.0
2026-03-03 19:00:00,26.6,35,10.9,279,0.0,986.8,465.0
2026-03-03 20:00:00,25.8,36,11.1,282,0.0,987.4,405.0
2026-03-03 21:00:00,25.0,37,10.4,288,0.0,987.9,330.0
2026-03-03 22:00:00,24.3,37,9.9,289,0.0,988.2,270.0
2026-03-03 23:00:00,23.5,41,8.9,284,0.0,988.2,235.0
2026-03-04 00:00:00,22.1,45,8.7,277,0.0,988.1,190.0
2026-03-04 01:00:00,21.0,48,7.4,276,0.0,987.9,145.0
2026-03-04 02:00:00,20.2,52,7.1,279,0.0,987.6,135.0
2026-03-04 03:00:00,19.4,56,6.9,287,0.0,987.4,135.0
2026-03-04 04:00:00,18.8,59,7.0,282,0.0,987.1,115.0
2026-03-04 05:00:00,18.6,64,8.1,274,0.0,987.5,115.0
2026-03-04 06:00:00,18.3,66,8.5,276,0.0,988.1,120.0
2026-03-04 07:00:00,18.7,64,9.4,278,0.0,988.9,135.0
2026-03-04 08:00:00,21.0,56,8.4,279,0.0,989.6,175.0
2026-03-04 09:00:00,24.5,46,7.7,295,0.0,990.3,285.0
2026-03-04 10:00:00,27.9,37,9.4,305,0.0,990.4,565.0
2026-03-04 11:00:00,30.3,32,11.9,305,0.0,990.1,1120.0
2026-03-04 12:00:00,32.1,27,13.6,304,0.0,989.6,1320.0
2026-03-04 13:00:00,32.9,26,15.7,301,0.0,988.6,1405.0
2026-03-04 14:00:00,33.2,27,16.6,300,0.0,987.5,1455.0
2026-03-04 15:00:00,33.1,27,16.6,300,0.0,986.9,1435.0
2026-03-04 16:00:00,32.2,31,16.4,300,0.0,986.6,1260.0
2026-03-04 17:00:00,31.2,35,14.2,290,0.0,985.8,1155.0
2026-03-04 18:00:00,29.8,38,12.0,284,0.0,985.9,925.0
2026-03-04 19:00:00,29.0,38,13.5,289,0.0,986.5,665.0
2026-03-04 20:00:00,28.5,37,13.5,297,0.0,986.9,570.0
2026-03-04 21:00:00,27.7,38,13.2,304,0.0,987.5,505.0
2026-03-04 22:00:00,26.8,40,12.3,307,0.0,987.5,445.0
2026-03-04 23:00:00,26.0,47,12.2,304,0.0,987.2,380.0
2026-03-05 00:00:00,24.2,55,10.0,300,0.0,986.8,310.0
2026-03-05 01:00:00,23.3,59,9.8,302,0.0,986.4,290.0
2026-03-05 02:00:00,22.6,62,9.7,301,0.0,985.9,275.0
2026-03-05 03:00:00,21.9,66,9.6,296,0.0,985.4,255.0
2026-03-05 04:00:00,21.3,69,10.0,288,0.0,985.0,240.0
2026-03-05 05:00:00,21.0,68,11.6,285,0.0,985.1,255.0
2026-03-05 06:00:00,20.9,68,11.1,287,0.0,985.6,250.0
2026-03-05 07:00:00,21.1,67,10.9,283,0.0,986.3,245.0
2026-03-05 08:00:00,22.8,60,8.9,276,0.0,987.1,285.0
2026-03-05 09:00:00,25.5,51,9.2,287,0.0,987.5,405.0
2026-03-05 10:00:00,28.3,43,10.0,298,0.0,987.5,615.0
2026-03-05 11:00:00,30.8,36,11.3,303,0.0,987.4,905.0
2026-03-05 12:00:00,32.8,31,12.9,310,0.0,987.0,1200.0
2026-03-05 13:00:00,33.8,28,15.8,312,0.0,986.0,1380.0
2026-03-05 14:00:00,34.0,29,16.7,312,0.0,984.9,1435.0
2026-03-05 15:00:00,33.8,31,16.2,309,0.0,984.2,1400.0
2026-03-05 16:00:00,32.8,37,16.1,303,0.0,983.9,1245.0
2026-03-05 17:00:00,32.3,33,15.9,302,0.0,983.6,1270.0
2026-03-05 18:00:00,31.0,35,11.7,285,0.0,983.6,975.0
2026-03-05 19:00:00,29.7,38,10.7,284,0.0,983.9,535.0
2026-03-05 20:00:00,28.8,38,10.8,288,0.0,984.3,435.0
2026-03-05 21:00:00,28.0,38,10.2,296,0.0,984.9,365.0
2026-03-05 22:00:00,27.2,38,9.7,294,0.0,985.0,310.0
2026-03-05 23:00:00,26.6,42,9.3,306,0.0,985.0,285.0
2026-03-06 00:00:00,25.1,46,7.5,294,0.0,984.8,225.0
2026-03-06 01:00:00,23.4,54,5.5,293,0.0,984.7,180.0
2026-03-06 02:00:00,22.2,59,4.8,295,0.0,984.4,135.0
2026-03-06 03:00:00,21.4,60,5.1,288,0.0,984.1,105.0
2026-03-06 04:00:00,20.8,61,5.6,285,0.0,983.8,100.0
2026-03-06 05:00:00,20.0,66,5.3,288,0.0,984.0,85.0
2026-03-06 06:00:00,19.5,69,4.4,300,0.0,984.7,70.0
2026-03-06 07:00:00,20.4,66,4.1,285,0.0,985.6,65.0
2026-03-06 08:00:00,22.7,59,3.2,286,0.0,986.7,115.0
2026-03-06 09:00:00,25.7,52,3.1,291,0.0,987.3,245.0
2026-03-06 10:00:00,28.5,45,3.5,282,0.0,987.3,475.0
2026-03-06 11:00:00,30.9,38,5.9,282,0.0,987.2,915.0
2026-03-06 12:00:00,33.0,30,7.7,295,0.0,986.9,1490.0
2026-03-06 13:00:00,34.1,24,10.4,302,0.0,985.9,1665.0
2026-03-06 14:00:00,34.5,21,11.0,304,0.0,985.1,1730.0
2026-03-06 15:00:00,34.4,20,11.3,304,0.0,984.6,1710.0
2026-03-06 16:00:00,33.7,21,11.1,297,0.0,984.3,1535.0
2026-03-06 17:00:00,31.8,30,10.7,297,0.0,984.3,1000.0
2026-03-06 18:00:00,30.4,34,5.6,291,0.0,984.8,680.0
2026-03-06 19:00:00,29.4,37,4.5,337,0.0,985.3,575.0
2026-03-06 20:00:00,29.2,39,5.2,16,0.0,985.8,450.0
2026-03-06 21:00:00,27.4,47,3.8,82,0.0,986.3,185.0
2026-03-06 22:00:00,26.0,54,4.1,124,0.0,986.4,120.0
2026-03-06 23:00:00,25.2,66,3.7,113,0.0,986.5,95.0
2026-03-07 00:00:00,24.6,69,3.0,123,0.0,986.3,100.0
2026-03-07 01:00:00,23.9,73,3.1,103,0.0,986.0,100.0
2026-03-07 02:00:00,23.3,75,2.4,117,0.0,985.8,90.0
2026-03-07 03:00:00,22.6,78,2.4,144,0.0,985.7,60.0
2026-03-07 04:00:00,21.9,81,2.5,150,0.0,985.6,50.0
2026-03-07 05:00:00,20.8,87,3.6,127,0.0,985.8,60.0
2026-03-07 06:00:00,20.1,89,4.2,115,0.0,986.7,60.0
2026-03-07 07:00:00,21.0,86,4.6,138,0.0,987.7,80.0
2026-03-07 08:00:00,22.9,77,3.2,142,0.0,988.5,150.0
2026-03-07 09:00:00,25.8,65,3.3,144,0.0,989.1,265.0
2026-03-07 10:00:00,28.9,52,4.0,153,0.0,989.2,570.0
2026-03-07 11:00:00,31.3,40,4.0,175,0.0,988.9,1120.0
2026-03-07 12:00:00,33.6,30,2.9,227,0.0,988.4,1630.0
2026-03-07 13:00:00,34.8,24,4.7,274,0.0,987.4,1815.0
2026-03-07 14:00:00,35.3,22,6.7,289,0.0,986.5,1935.0
2026-03-07 15:00:00,35.2,21,8.4,295,0.0,986.1,1830.0
2026-03-07 16:00:00,34.5,21,9.3,297,0.0,986.0,1575.0
2026-03-07 17:00:00,33.0,24,8.4,293,0.0,986.0,1180.0
2026-03-07 18:00:00,31.3,27,5.1,302,0.0,986.4,670.0
2026-03-07 19:00:00,29.5,35,2.7,352,0.0,986.9,280.0
2026-03-07 20:00:00,28.7,39,2.8,72,0.0,987.6,205.0
2026-03-07 21:00:00,27.9,44,2.5,82,0.0,988.3,155.0
2026-03-07 22:00:00,26.8,51,1.8,114,0.0,988.4,115.0
2026-03-07 23:00:00,26.1,56,2.2,156,0.0,988.3,90.0
2026-03-08 00:00:00,25.0,61,2.5,159,0.0,988.0,60.0
2026-03-08 01:00:00,24.2,66,2.7,148,0.0,987.6,50.0
2026-03-08 02:00:00,23.0,73,3.7,166,0.0,987.3,45.0
2026-03-08 03:00:00,22.5,75,3.2,180,0.0,987.0,35.0
2026-03-08 04:00:00,21.5,78,4.3,197,0.0,986.8,40.0
2026-03-08 05:00:00,20.8,80,3.1,216,0.0,986.9,25.0
2026-03-08 06:00:00,20.8,79,1.5,216,0.0,987.3,15.0
2026-03-08 07:00:00,21.6,75,1.9,214,0.0,988.0,15.0
2026-03-08 08:00:00,24.8,62,2.2,215,0.0,988.9,90.0
2026-03-08 09:00:00,28.2,48,2.6,205,0.0,989.5,295.0
2026-03-08 10:00:00,30.9,37,3.3,216,0.0,989.6,600.0
2026-03-08 11:00:00,33.1,29,5.6,248,0.0,989.3,1180.0
2026-03-08 12:00:00,35.1,22,8.3,283,0.0,988.7,1735.0
2026-03-08 13:00:00,35.7,20,11.1,300,0.0,987.9,1860.0
2026-03-08 14:00:00,35.8,20,11.4,301,0.0,986.6,1800.0
2026-03-08 15:00:00,35.6,20,11.8,303,0.0,985.9,1815.0
2026-03-08 16:00:00,34.6,23,12.1,300,0.0,985.7,1400.0
2026-03-08 17:00:00,33.3,27,12.1,302,0.0,985.7,1150.0
2026-03-08 18:00:00,32.0,28,8.0,306,0.0,985.8,855.0
2026-03-08 19:00:00,30.4,33,4.6,309,0.0,986.6,390.0
2026-03-08 20:00:00,29.4,37,4.7,320,0.0,987.0,300.0
2026-03-08 21:00:00,28.6,41,4.0,297,0.0,987.3,165.0
2026-03-08 22:00:00,27.3,43,4.7,261,0.0,987.3,75.0
2026-03-08 23:00:00,26.4,50,6.0,280,0.0,987.5,105.0
2026-03-09 00:00:00,25.1,55,5.8,286,0.0,987.4,95.0
2026-03-09 01:00:00,24.2,58,6.5,265,0.0,987.0,90.0
2026-03-09 02:00:00,23.2,61,6.8,267,0.0,986.6,90.0
2026-03-09 03:00:00,22.3,63,5.8,270,0.0,986.1,80.0
2026-03-09 04:00:00,21.9,64,5.8,275,0.0,985.9,80.0
2026-03-09 05:00:00,21.0,73,4.8,283,0.0,986.4,70.0
2026-03-09 06:00:00,20.7,73,5.5,283,0.0,987.0,75.0
2026-03-09 07:00:00,21.3,70,7.3,280,0.0,987.7,95.0
2026-03-09 08:00:00,23.8,60,5.3,282,0.0,988.3,150.0
2026-03-09 09:00:00,26.9,52,5.8,290,0.0,989.0,275.0
2026-03-09 10:00:00,29.6,46,6.0,299,0.0,989.2,515.0
2026-03-09 11:00:00,32.1,38,9.4,296,0.0,988.9,965.0
2026-03-09 12:00:00,34.0,31,10.0,300,0.0,988.4,1160.0
2026-03-09 13:00:00,35.1,25,10.9,301,0.0,987.6,1390.0
2026-03-09 14:00:00,35.5,24,11.2,305,0.0,986.8,1515.0
2026-03-09 15:00:00,35.1,27,10.7,303,0.0,986.2,1500.0
2026-03-09 16:00:00,34.4,27,10.4,304,0.0,986.2,1415.0
2026-03-09 17:00:00,32.7,33,11.7,304,0.0,986.5,1110.0
2026-03-09 18:00:00,31.4,38,8.7,326,0.0,987.0,780.0
2026-03-09 19:00:00,30.5,42,5.3,336,0.0,987.6,515.0
2026-03-09 20:00:00,29.2,48,3.9,347,0.0,988.2,270.0
2026-03-09 21:00:00,28.3,53,3.6,30,0.0,988.5,180.0
2026-03-09 22:00:00,27.7,55,2.1,105,0.0,988.5,90.0
2026-03-09 23:00:00,26.8,62,2.2,125,0.0,989.2,55.0
2026-03-10 00:00:00,25.9,65,3.3,99,0.0,989.1,95.0
2026-03-10 01:00:00,25.1,70,2.9,90,0.0,988.8,110.0
2026-03-10 02:00:00,24.4,74,0.3,225,0.0,988.8,20.0
2026-03-10 03:00:00,23.5,76,1.5,249,0.0,988.9,30.0
2026-03-10 04:00:00,22.8,76,1.3,254,0.0,988.6,20.0
2026-03-10 05:00:00,23.5,75,0.3,135,0.0,989.1,95.0
2026-03-10 06:00:00,22.7,79,0.4,270,0.0,989.7,25.0
2026-03-10 07:00:00,22.4,79,2.2,275,0.0,990.5,15.0
2026-03-10 08:00:00,25.2,67,0.6,34,0.0,991.4,140.0
2026-03-10 09:00:00,27.9,58,1.0,31,0.0,992.3,340.0
2026-03-10 10:00:00,30.4,49,0.6,34,0.0,992.4,665.0
2026-03-10 11:00:00,31.9,42,2.4,306,0.0,991.8,1140.0
2026-03-10 12:00:00,34.2,33,4.7,317,0.0,991.4,1950.0
2026-03-10 13:00:00,35.3,27,8.3,314,0.0,990.5,2225.0
2026-03-10 14:00:00,35.5,25,10.2,309,0.0,989.1,2175.0
2026-03-10 15:00:00,35.2,25,11.0,305,0.0,988.4,2070.0
2026-03-10 16:00:00,34.7,23,11.1,310,0.0,988.3,1990.0
2026-03-10 17:00:00,33.7,22,10.4,312,0.0,987.8,1395.0
2026-03-10 18:00:00,31.8,30,6.8,328,0.0,988.1,605.0
2026-03-10 19:00:00,30.7,37,4.6,351,0.0,988.4,505.0
2026-03-10 20:00:00,29.2,47,1.3,16,0.0,989.0,210.0
2026-03-10 21:00:00,28.1,50,1.0,211,0.0,989.4,40.0
2026-03-10 22:00:00,27.3,50,1.3,180,0.0,989.1,30.0
2026-03-10 23:00:00,26.6,54,1.3,164,0.0,989.0,20.0
2026-03-11 00:00:00,25.8,55,1.2,207,0.0,989.0,15.0
2026-03-11 01:00:00,24.5,59,3.2,223,0.0,988.7,30.0
2026-03-11 02:00:00,23.6,63,2.6,254,0.0,988.5,30.0
2026-03-11 03:00:00,22.7,67,2.0,260,0.0,988.0,20.0
2026-03-11 04:00:00,22.1,71,1.7,288,0.0,987.8,15.0
2026-03-11 05:00:00,21.0,77,5.1,225,0.0,988.1,50.0
2026-03-11 06:00:00,20.5,78,4.0,212,0.0,988.3,50.0
2026-03-11 07:00:00,21.7,71,5.4,230,0.0,989.0,60.0
2026-03-11 08:00:00,24.6,59,3.8,265,0.0,989.9,105.0
2026-03-11 09:00:00,28.4,44,4.8,257,0.0,990.5,240.0
2026-03-11 10:00:00,31.8,29,8.1,252,0.0,990.7,605.0
2026-03-11 11:00:00,34.2,21,11.3,252,0.0,990.0,1965.0
2026-03-11 12:00:00,35.9,15,13.3,279,0.0,989.4,2550.0
2026-03-11 13:00:00,36.3,14,15.7,290,0.0,988.1,2560.0
2026-03-11 14:00:00,36.2,13,16.9,292,0.0,986.9,2545.0
2026-03-11 15:00:00,36.0,14,15.5,303,0.0,985.9,2560.0
2026-03-11 16:00:00,35.6,14,15.2,307,0.0,985.4,2635.0
2026-03-11 17:00:00,34.3,15,12.5,319,0.0,985.0,1715.0
2026-03-11 18:00:00,31.8,21,4.8,326,0.0,985.4,580.0
2026-03-11 19:00:00,30.7,24,4.2,275,0.0,985.7,495.0
2026-03-11 20:00:00,29.6,27,5.2,266,0.0,986.2,145.0
2026-03-11 21:00:00,29.0,28,6.4,260,0.0,986.2,145.0
2026-03-11 22:00:00,27.6,28,5.9,288,0.0,985.8,140.0
2026-03-11 23:00:00,26.6,36,6.8,295,0.0,986.1,175.0
2026-03-12 00:00:00,25.0,39,5.6,287,0.0,985.8,130.0
2026-03-12 01:00:00,24.3,41,5.3,260,0.0,985.3,90.0
2026-03-12 02:00:00,23.4,44,5.2,264,0.0,984.7,80.0
2026-03-12 03:00:00,22.5,48,4.4,251,0.0,984.1,55.0
2026-03-12 04:00:00,21.6,52,4.5,236,0.0,983.4,45.0
2026-03-12 05:00:00,21.2,68,5.8,248,0.0,983.4,60.0
2026-03-12 06:00:00,21.2,67,7.2,245,0.0,983.7,70.0
2026-03-12 07:00:00,22.4,58,8.5,242,0.0,984.2,85.0
2026-03-12 08:00:00,25.0,45,6.4,243,0.0,985.1,125.0
2026-03-12 09:00:00,28.1,34,7.7,245,0.0,985.6,225.0
2026-03-12 10:00:00,31.1,25,9.8,253,0.0,985.9,475.0
2026-03-12 11:00:00,33.9,18,14.2,258,0.0,985.9,1840.0
2026-03-12 12:00:00,35.4,11,16.0,268,0.0,985.2,2085.0
2026-03-12 13:00:00,35.7,11,13.6,275,0.0,984.1,2335.0
2026-03-12 14:00:00,35.9,10,13.2,281,0.0,983.0,2475.0
2026-03-12 15:00:00,35.5,11,13.5,286,0.0,982.6,2495.0
2026-03-12 16:00:00,34.9,11,10.7,301,0.0,982.3,2475.0
2026-03-12 17:00:00,32.5,18,10.3,306,0.0,982.8,915.0
2026-03-12 18:00:00,30.8,23,5.3,305,0.0,983.3,480.0
2026-03-12 19:00:00,29.5,27,4.3,315,0.0,983.3,355.0
2026-03-12 20:00:00,28.5,30,4.2,350,0.0,983.7,230.0
2026-03-12 21:00:00,27.9,32,3.8,335,0.0,984.4,180.0
2026-03-12 22:00:00,27.0,33,5.5,261,0.0,984.5,95.0
2026-03-12 23:00:00,26.7,44,6.7,284,0.0,984.7,160.0
2026-03-13 00:00:00,25.6,48,6.2,303,0.0,984.8,140.0
2026-03-13 01:00:00,24.7,52,5.7,288,0.0,984.6,145.0
2026-03-13 02:00:00,24.1,55,6.7,273,0.0,984.1,120.0
2026-03-13 03:00:00,23.5,59,7.7,306,0.0,984.2,225.0
2026-03-13 04:00:00,23.0,65,6.9,337,0.0,984.0,265.0
2026-03-13 05:00:00,22.1,76,5.9,322,0.0,983.9,190.0
2026-03-13 06:00:00,21.7,79,5.9,305,0.0,984.3,165.0
2026-03-13 07:00:00,22.1,77,7.7,294,0.0,984.9,175.0
2026-03-13 08:00:00,24.0,68,7.2,298,0.0,985.7,245.0
2026-03-13 09:00:00,26.3,56,8.0,297,0.0,986.5,380.0
2026-03-13 10:00:00,28.7,44,9.2,298,0.0,986.6,955.0
2026-03-13 11:00:00,30.7,31,10.8,306,0.0,986.0,1160.0
2026-03-13 12:00:00,32.1,25,10.9,301,0.0,985.6,1390.0
2026-03-13 13:00:00,32.5,24,12.7,293,0.0,984.8,1555.0
2026-03-13 14:00:00,32.4,25,13.4,290,0.0,984.0,1550.0
2026-03-13 15:00:00,32.2,24,13.3,291,0.0,983.5,1560.0
2026-03-13 16:00:00,31.8,22,13.4,297,0.0,983.4,1530.0
2026-03-13 17:00:00,30.0,25,14.0,298,0.0,983.5,1160.0
2026-03-13 18:00:00,28.9,30,10.1,297,0.0,983.7,1050.0
2026-03-13 19:00:00,27.9,33,8.1,287,0.0,984.0,565.0
2026-03-13 20:00:00,27.1,36,7.8,299,0.0,984.6,315.0
2026-03-13 21:00:00,26.4,37,7.5,320,0.0,985.0,250.0
2026-03-13 22:00:00,26.3,35,11.1,335,0.0,985.0,490.0
2026-03-13 23:00:00,25.4,41,9.9,328,0.0,984.9,480.0
2026-03-14 00:00:00,24.6,41,9.9,333,0.0,984.9,400.0
2026-03-14 01:00:00,23.9,42,8.7,336,0.0,984.2,370.0
2026-03-14 02:00:00,23.1,44,7.9,330,0.0,983.7,345.0
2026-03-14 03:00:00,22.3,47,5.9,305,0.0,983.9,245.0
2026-03-14 04:00:00,21.6,50,6.0,299,0.0,983.4,160.0
2026-03-14 05:00:00,20.7,59,6.1,302,0.0,983.3,155.0
2026-03-14 06:00:00,20.1,62,5.5,287,0.0,984.0,125.0
2026-03-14 07:00:00,20.8,60,7.2,273,0.0,984.9,135.0
2026-03-14 08:00:00,22.8,54,6.2,277,0.0,985.8,205.0
2026-03-14 09:00:00,25.9,43,6.5,289,0.0,986.4,310.0
2026-03-14 10:00:00,28.9,30,7.2,292,0.0,986.6,605.0
2026-03-14 11:00:00,31.1,22,7.7,300,0.0,986.4,1020.0
2026-03-14 12:00:00,32.4,19,9.5,303,0.0,985.9,1345.0
2026-03-14 13:00:00,32.3,18,10.9,310,0.0,984.7,1415.0
2026-03-14 14:00:00,32.8,17,10.5,305,0.0,983.8,1605.0
2026-03-14 15:00:00,33.1,19,10.1,297,0.0,983.0,1995.0
2026-03-14 16:00:00,31.8,21,12.8,270,0.0,983.1,1495.0
2026-03-14 17:00:00,31.5,16,5.7,294,0.0,982.3,1160.0
2026-03-14 18:00:00,30.0,19,4.7,277,0.0,982.9,260.0
2026-03-14 19:00:00,28.4,26,2.9,274,0.0,983.2,125.0
2026-03-14 20:00:00,27.5,32,0.4,153,0.0,983.8,60.0
2026-03-14 21:00:00,26.5,33,1.0,121,0.0,984.5,80.0
2026-03-14 22:00:00,25.4,35,4.4,109,0.0,984.6,110.0
2026-03-14 23:00:00,25.3,39,6.6,123,0.0,984.4,100.0
2026-03-15 00:00:00,23.6,44,5.2,131,0.0,984.0,75.0
2026-03-15 01:00:00,22.8,48,5.2,117,0.0,983.5,75.0
2026-03-15 02:00:00,22.6,51,4.1,113,0.0,983.0,75.0
2026-03-15 03:00:00,18.4,76,13.1,268,1.7,986.6,235.0
2026-03-15 04:00:00,18.5,78,10.0,99,0.0,984.3,110.0
2026-03-15 05:00:00,18.2,83,8.6,269,0.0,986.7,340.0
2026-03-15 06:00:00,18.6,89,11.5,56,0.7,985.8,240.0
2026-03-15 07:00:00,19.5,82,8.6,349,0.0,986.6,240.0
2026-03-15 08:00:00,20.8,66,11.5,40,0.0,986.0,315.0
2026-03-15 09:00:00,23.6,52,10.1,71,0.0,986.2,340.0
2026-03-15 10:00:00,25.5,43,13.5,82,0.2,986.4,695.0
2026-03-15 11:00:00,25.7,47,10.6,94,0.0,986.7,940.0
2026-03-15 12:00:00,26.8,44,13.0,114,0.0,986.0,1285.0
2026-03-15 13:00:00,27.3,41,13.8,112,0.0,985.1,1405.0
2026-03-15 14:00:00,26.4,47,11.5,104,0.0,984.2,1440.0
2026-03-15 15:00:00,26.0,50,13.5,134,0.0,984.1,1425.0
2026-03-15 16:00:00,26.1,46,13.9,130,0.0,983.2,1015.0
2026-03-15 17:00:00,27.3,35,13.6,122,0.0,982.6,1100.0
2026-03-15 18:00:00,25.4,41,13.0,104,0.0,983.1,720.0
2026-03-15 19:00:00,24.2,46,14.1,92,0.0,983.3,615.0
2026-03-15 20:00:00,23.3,50,14.8,80,0.0,984.3,595.0
2026-03-15 21:00:00,22.3,54,13.1,82,0.0,985.0,570.0
2026-03-15 22:00:00,21.1,59,12.6,87,0.0,985.1,485.0
2026-03-15 23:00:00,21.1,66,11.6,102,0.0,985.1,465.0
2026-03-16 00:00:00,20.8,66,11.1,48,0.0,985.4,445.0
2026-03-16 01:00:00,19.5,65,11.5,46,0.0,985.9,390.0
2026-03-16 02:00:00,19.0,66,12.1,93,0.0,984.2,315.0
2026-03-16 03:00:00,18.5,67,12.4,92,0.0,983.7,325.0
2026-03-16 04:00:00,17.9,70,9.8,66,0.0,983.8,335.0
2026-03-16 05:00:00,17.4,73,12.3,93,0.0,983.5,275.0
2026-03-16 06:00:00,17.4,72,11.2,96,0.0,984.0,310.0
2026-03-16 07:00:00,18.1,69,9.9,100,0.0,984.6,305.0
2026-03-16 08:00:00,20.0,60,10.7,112,0.0,985.4,365.0
2026-03-16 09:00:00,22.6,49,12.0,127,0.0,985.8,560.0
2026-03-16 10:00:00,25.0,42,13.3,139,0.0,985.9,775.0
2026-03-16 11:00:00,27.4,37,14.0,150,0.0,985.5,990.0
2026-03-16 12:00:00,29.1,34,16.3,152,0.0,984.3,1130.0
2026-03-16 13:00:00,30.3,30,16.5,155,0.0,982.9,1765.0
2026-03-16 14:00:00,30.8,24,9.7,198,0.3,982.4,2785.0
2026-03-16 15:00:00,30.6,18,9.4,182,0.0,981.7,2740.0
2026-03-16 16:00:00,29.9,22,10.3,185,0.0,981.4,2045.0
2026-03-16 17:00:00,26.9,34,12.4,103,0.0,981.3,360.0
2026-03-16 18:00:00,25.9,38,9.1,83,0.0,981.6,235.0
2026-03-16 19:00:00,24.6,45,9.0,93,0.0,982.3,220.0
2026-03-16 20:00:00,23.2,52,7.7,102,0.0,982.9,180.0
2026-03-16 21:00:00,22.4,56,11.3,2,0.0,984.3,280.0
2026-03-16 22:00:00,21.7,56,5.5,9,0.0,984.6,165.0
2026-03-16 23:00:00,21.9,60,9.5,341,0.0,985.0,260.0
2026-03-17 00:00:00,20.8,65,7.6,353,0.0,985.0,215.0
2026-03-17 01:00:00,20.0,70,7.7,339,0.0,984.8,220.0
2026-03-17 02:00:00,19.3,70,8.2,351,0.0,984.2,210.0
2026-03-17 03:00:00,18.8,69,6.9,5,0.0,983.8,185.0
2026-03-17 04:00:00,18.5,68,6.1,2,0.0,983.3,175.0
2026-03-17 05:00:00,17.6,73,4.0,10,0.0,983.2,140.0
2026-03-17 06:00:00,17.4,73,3.4,354,0.0,983.8,110.0
2026-03-17 07:00:00,18.3,68,3.5,9,0.0,984.2,105.0
2026-03-17 08:00:00,20.4,58,1.5,339,0.0,985.1,145.0
2026-03-17 09:00:00,23.8,46,2.4,347,0.0,985.9,235.0
2026-03-17 10:00:00,27.0,35,3.2,357,0.0,986.0,800.0
2026-03-17 11:00:00,28.5,36,5.1,343,0.0,985.9,1090.0
2026-03-17 12:00:00,29.9,33,5.4,340,0.0,985.4,1360.0
2026-03-17 13:00:00,30.8,30,5.0,334,0.0,984.5,1555.0
2026-03-17 14:00:00,31.5,27,5.1,312,0.0,983.8,1955.0
2026-03-17 15:00:00,31.3,26,8.1,325,0.0,983.3,2220.0
2026-03-17 16:00:00,30.8,25,7.6,308,0.0,983.2,2335.0
2026-03-17 17:00:00,28.9,33,10.7,330,0.0,983.4,1285.0
2026-03-17 18:00:00,27.3,39,9.6,334,0.0,984.2,845.0
2026-03-17 19:00:00,25.9,45,8.4,350,0.0,984.6,495.0
2026-03-17 20:00:00,25.0,48,6.7,355,0.0,985.1,305.0
2026-03-17 21:00:00,24.0,52,4.9,352,0.0,985.4,185.0
2026-03-17 22:00:00,23.1,55,4.4,351,0.0,985.2,150.0
2026-03-17 23:00:00,22.8,62,4.0,21,0.0,985.5,130.0
2026-03-18 00:00:00,22.2,64,3.6,3,0.0,985.2,105.0
2026-03-18 01:00:00,21.5,67,3.3,354,0.0,984.8,90.0
2026-03-18 02:00:00,20.9,70,3.1,347,0.0,984.3,80.0
2026-03-18 03:00:00,20.8,69,3.0,346,0.0,984.6,80.0
2026-03-18 04:00:00,21.0,68,2.5,352,0.0,984.7,75.0
2026-03-18 05:00:00,19.5,79,4.0,321,0.0,984.7,85.0
2026-03-18 06:00:00,19.3,79,3.5,332,0.0,985.1,85.0
2026-03-18 07:00:00,20.3,73,4.4,341,0.0,985.7,95.0
2026-03-18 08:00:00,22.5,64,2.7,360,0.0,986.8,135.0
2026-03-18 09:00:00,25.6,51,3.1,3,0.0,987.9,305.0
2026-03-18 10:00:00,28.0,43,2.2,5,0.0,988.2,715.0
2026-03-18 11:00:00,29.2,38,1.1,99,0.0,988.1,1090.0
2026-03-18 12:00:00,31.5,29,2.3,119,0.0,987.2,1820.0
2026-03-18 13:00:00,32.2,25,2.4,197,0.0,986.6,2290.0
2026-03-18 14:00:00,30.2,32,9.0,338,0.5,985.9,965.0
2026-03-18 15:00:00,29.4,31,4.8,158,0.4,985.5,1315.0
2026-03-18 16:00:00,28.8,33,2.2,171,0.0,985.2,1095.0
2026-03-18 17:00:00,26.7,39,13.0,204,0.0,985.9,360.0
2026-03-18 18:00:00,21.8,67,14.5,316,1.4,987.6,365.0
2026-03-18 19:00:00,21.8,68,11.0,298,0.2,988.7,290.0
2026-03-18 20:00:00,21.2,71,8.0,335,0.0,989.1,225.0
2026-03-18 21:00:00,21.0,71,4.5,157,0.7,989.5,110.0
2026-03-18 22:00:00,20.9,71,10.8,54,0.2,988.3,165.0
2026-03-18 23:00:00,22.4,60,12.3,87,0.3,987.9,325.0
2026-03-19 00:00:00,22.0,58,7.7,62,0.0,987.4,240.0
2026-03-19 01:00:00,21.7,61,6.0,51,0.0,987.1,200.0
2026-03-19 02:00:00,21.7,58,7.9,93,0.0,986.7,185.0
2026-03-19 03:00:00,21.1,58,8.3,117,0.2,986.9,185.0
2026-03-19 04:00:00,20.5,62,5.4,60,0.0,986.3,125.0
2026-03-19 05:00:00,21.4,69,12.5,70,0.0,986.3,165.0
2026-03-19 06:00:00,21.4,70,4.2,121,0.0,986.6,85.0
2026-03-19 07:00:00,22.1,66,7.7,62,0.0,987.6,185.0
2026-03-19 08:00:00,22.7,64,1.5,240,0.0,988.6,235.0
2026-03-19 09:00:00,24.4,56,1.9,112,0.0,989.1,325.0
2026-03-19 10:00:00,27.1,46,2.9,94,0.0,989.5,520.0
2026-03-19 11:00:00,26.8,49,5.4,206,0.0,990.0,1015.0
2026-03-19 12:00:00,26.0,49,4.6,239,0.6,989.2,525.0
2026-03-19 13:00:00,24.8,59,9.3,316,2.6,988.2,495.0
2026-03-19 14:00:00,24.8,57,12.5,276,0.0,987.6,850.0
2026-03-19 15:00:00,24.2,58,11.3,314,0.0,986.9,985.0
2026-03-19 16:00:00,23.4,62,9.3,310,0.0,986.4,760.0
2026-03-19 17:00:00,22.2,68,16.6,345,0.0,985.7,880.0
2026-03-19 18:00:00,19.5,82,10.0,340,0.0,986.3,490.0
2026-03-19 19:00:00,19.0,85,8.9,315,0.0,986.8,415.0
2026-03-19 20:00:00,18.6,88,11.1,328,0.0,987.5,510.0
2026-03-19 21:00:00,18.6,85,12.1,340,0.0,987.6,480.0
2026-03-19 22:00:00,18.3,83,10.9,354,0.0,987.4,385.0
2026-03-19 23:00:00,18.3,83,4.1,358,0.0,987.1,175.0
2026-03-20 00:00:00,17.8,88,6.7,329,0.0,986.9,215.0
2026-03-20 01:00:00,17.3,91,5.9,329,0.0,986.4,180.0
2026-03-20 02:00:00,17.2,90,6.3,342,0.0,985.7,170.0
2026-03-20 03:00:00,17.4,88,3.8,329,0.0,985.5,155.0
2026-03-20 04:00:00,17.1,89,3.2,360,0.0,984.9,150.0
2026-03-20 05:00:00,16.9,97,9.2,273,0.0,985.4,140.0
2026-03-20 06:00:00,16.8,95,11.4,275,0.3,985.8,235.0
2026-03-20 07:00:00,17.1,94,10.5,273,0.9,987.2,385.0
2026-03-20 08:00:00,17.5,91,6.9,261,0.3,988.1,355.0
2026-03-20 09:00:00,17.9,89,6.0,323,0.1,988.1,350.0
2026-03-20 10:00:00,18.2,86,7.3,330,0.3,988.1,365.0
2026-03-20 11:00:00,18.4,85,6.2,311,0.2,988.6,505.0
2026-03-20 12:00:00,18.6,80,5.2,340,0.3,987.8,465.0
2026-03-20 13:00:00,19.0,79,4.3,318,0.1,987.2,585.0
2026-03-20 14:00:00,20.0,75,2.7,323,0.0,986.3,745.0
2026-03-20 15:00:00,20.5,72,3.6,351,0.1,985.3,1010.0
2026-03-20 16:00:00,20.6,69,4.0,352,0.0,985.0,1015.0
2026-03-20 17:00:00,19.9,74,4.1,360,0.2,985.6,675.0
2026-03-20 18:00:00,18.9,82,3.9,22,0.0,985.6,250.0
2026-03-20 19:00:00,17.9,86,3.8,360,0.0,986.0,195.0
2026-03-20 20:00:00,17.2,89,3.6,37,0.0,986.5,155.0
2026-03-20 21:00:00,16.6,91,3.1,24,0.0,987.1,140.0
2026-03-20 22:00:00,16.4,91,0.4,243,0.0,987.3,20.0
2026-03-20 23:00:00,16.5,93,0.2,180,0.0,987.7,10.0
2026-03-21 00:00:00,16.5,93,0.7,180,0.0,987.2,60.0
2026-03-21 01:00:00,15.9,96,3.1,208,0.0,986.6,60.0
2026-03-21 02:00:00,15.6,97,5.7,246,0.0,986.7,70.0
2026-03-21 03:00:00,15.1,98,3.8,289,0.0,986.8,50.0
2026-03-21 04:00:00,14.8,100,4.3,318,0.0,986.6,60.0
2026-03-21 05:00:00,15.0,99,5.6,303,0.0,987.0,65.0
2026-03-21 06:00:00,15.1,98,3.9,326,0.0,988.0,70.0
2026-03-21 07:00:00,15.1,99,2.3,29,0.0,988.9,50.0
2026-03-21 08:00:00,15.6,98,3.1,347,0.0,989.8,55.0
2026-03-21 09:00:00,18.1,87,1.8,323,0.0,990.3,260.0
2026-03-21 10:00:00,20.3,78,4.0,291,0.0,990.7,455.0
2026-03-21 11:00:00,22.5,67,5.4,296,0.0,989.9,625.0
2026-03-21 12:00:00,23.9,59,5.5,308,0.0,989.8,855.0
2026-03-21 13:00:00,24.8,52,7.2,309,0.0,989.0,1275.0
2026-03-21 14:00:00,25.5,46,8.9,315,0.0,988.1,1515.0
2026-03-21 15:00:00,25.3,47,9.6,323,0.0,987.5,1485.0
2026-03-21 16:00:00,24.9,49,8.6,321,0.0,987.1,1535.0
2026-03-21 17:00:00,24.4,52,7.1,322,0.0,987.7,1455.0
2026-03-21 18:00:00,22.2,67,4.8,340,0.0,987.8,180.0
2026-03-21 19:00:00,21.6,71,4.0,333,0.0,988.3,90.0
2026-03-21 20:00:00,20.8,73,4.4,282,0.0,989.0,65.0
2026-03-21 21:00:00,20.3,74,5.4,285,0.0,989.7,90.0
2026-03-21 22:00:00,19.9,76,4.5,317,0.0,989.2,70.0
2026-03-21 23:00:00,20.3,73,5.8,330,0.0,989.4,130.0
2026-03-22 00:00:00,19.3,74,6.2,339,0.0,989.3,130.0
2026-03-22 01:00:00,18.4,77,5.6,343,0.0,988.8,115.0
2026-03-22 02:00:00,17.5,81,4.5,323,0.0,988.1,90.0
2026-03-22 03:00:00,17.3,81,6.2,285,0.0,988.4,95.0
2026-03-22 04:00:00,16.7,82,7.3,287,0.0,988.2,120.0
2026-03-22 05:00:00,16.2,85,6.5,283,0.0,987.8,90.0
2026-03-22 06:00:00,16.2,86,5.3,282,0.0,988.2,85.0
2026-03-22 07:00:00,17.3,83,6.2,280,0.0,988.6,95.0
2026-03-22 08:00:00,19.3,78,5.0,289,0.0,989.4,190.0
2026-03-22 09:00:00,21.2,70,6.8,299,0.0,990.3,380.0
2026-03-22 10:00:00,23.0,60,7.5,312,0.0,990.2,560.0
2026-03-22 11:00:00,25.0,53,9.7,288,0.0,989.9,890.0
2026-03-22 12:00:00,26.1,49,11.3,297,0.0,989.5,1125.0
2026-03-22 13:00:00,26.6,48,12.0,302,0.0,988.6,1215.0
2026-03-22 14:00:00,27.0,46,10.7,305,0.0,987.3,1380.0
2026-03-22 15:00:00,27.1,45,10.5,299,0.0,986.7,1390.0
2026-03-22 16:00:00,26.7,45,10.5,290,0.0,986.5,1370.0
2026-03-22 17:00:00,26.2,48,8.1,302,0.0,986.4,1095.0
2026-03-22 18:00:00,23.5,63,5.3,308,0.0,986.4,165.0
2026-03-22 19:00:00,22.5,67,5.4,318,0.0,986.7,140.0
2026-03-22 20:00:00,22.3,67,3.9,283,0.0,987.4,85.0
2026-03-22 21:00:00,21.9,66,1.5,249,0.0,987.6,20.0
2026-03-22 22:00:00,21.9,63,0.9,11,0.0,987.2,15.0
2026-03-22 23:00:00,21.5,66,4.1,360,0.0,987.2,40.0
2026-03-23 00:00:00,21.1,68,5.0,13,0.0,986.8,60.0
2026-03-23 01:00:00,20.4,71,5.5,27,0.0,986.6,110.0
2026-03-23 02:00:00,19.6,75,4.8,34,0.0,986.3,100.0
2026-03-23 03:00:00,19.2,76,5.9,346,0.1,987.0,125.0
2026-03-23 04:00:00,18.4,82,3.8,315,0.3,987.5,75.0
2026-03-23 05:00:00,18.7,82,13.4,336,0.8,987.3,350.0
2026-03-23 06:00:00,18.0,87,13.0,323,1.3,987.5,240.0
2026-03-23 07:00:00,17.9,90,10.7,340,2.6,988.6,190.0
2026-03-23 08:00:00,18.4,86,7.0,347,2.7,989.3,240.0
2026-03-23 09:00:00,19.4,85,0.6,56,1.6,989.7,75.0
2026-03-23 10:00:00,21.6,75,1.6,96,0.0,989.4,85.0
2026-03-23 11:00:00,23.2,65,6.6,206,0.0,989.1,350.0
2026-03-23 12:00:00,24.3,60,5.1,207,0.2,988.6,670.0
2026-03-23 13:00:00,25.0,55,4.7,184,0.0,987.4,970.0
2026-03-23 14:00:00,26.4,50,2.3,184,0.0,986.5,1390.0
2026-03-23 15:00:00,26.9,48,2.3,241,0.0,985.6,1645.0
2026-03-23 16:00:00,26.7,49,5.0,314,0.0,985.2,1660.0
2026-03-23 17:00:00,26.8,49,5.6,263,0.0,985.3,460.0
2026-03-23 18:00:00,24.7,64,3.6,276,0.0,985.6,70.0
2026-03-23 19:00:00,24.0,65,1.2,153,0.0,986.0,20.0
2026-03-23 20:00:00,22.2,73,4.2,115,0.0,986.5,55.0
2026-03-23 21:00:00,21.3,76,4.8,149,0.0,987.3,70.0
2026-03-23 22:00:00,20.7,77,5.8,171,0.0,987.0,65.0
2026-03-23 23:00:00,20.6,81,5.1,174,0.0,987.0,45.0
2026-03-24 00:00:00,20.3,84,3.6,183,0.0,987.1,35.0
2026-03-24 01:00:00,20.0,85,2.9,150,0.0,986.9,30.0
2026-03-24 02:00:00,19.4,87,0.9,53,0.0,986.8,25.0
2026-03-24 03:00:00,19.0,88,1.1,261,0.0,986.8,20.0
2026-03-24 04:00:00,18.5,90,3.9,217,0.0,985.6,35.0
2026-03-24 05:00:00,18.1,89,5.1,243,0.0,986.0,55.0
2026-03-24 06:00:00,18.3,89,4.1,247,0.0,986.1,55.0
2026-03-24 07:00:00,19.3,86,6.6,248,0.0,987.0,80.0
2026-03-24 08:00:00,21.6,78,4.2,252,0.0,987.6,130.0
2026-03-24 09:00:00,24.3,67,5.6,255,0.0,988.5,340.0
2026-03-24 10:00:00,26.3,56,7.6,265,0.0,988.7,930.0
2026-03-24 11:00:00,28.1,45,9.4,290,0.0,988.0,1720.0
2026-03-24 12:00:00,29.0,38,10.6,317,0.0,987.0,1925.0
2026-03-24 13:00:00,29.5,35,11.6,318,0.0,986.3,2225.0
2026-03-24 14:00:00,29.7,34,11.3,317,0.0,985.5,2150.0
2026-03-24 15:00:00,29.4,34,12.1,322,0.0,984.7,2125.0
2026-03-24 16:00:00,28.8,35,12.0,327,0.0,984.4,2020.0
2026-03-24 17:00:00,28.3,37,10.8,323,0.0,984.4,1880.0
2026-03-24 18:00:00,25.2,56,5.0,322,0.0,984.2,205.0
2026-03-24 19:00:00,24.2,60,4.3,292,0.0,984.4,70.0
2026-03-24 20:00:00,23.5,62,4.8,304,0.0,985.0,75.0
2026-03-24 21:00:00,22.6,62,6.2,324,0.0,985.5,185.0
2026-03-24 22:00:00,21.2,62,6.1,346,0.0,985.3,155.0
2026-03-24 23:00:00,20.7,68,6.0,316,0.0,985.2,95.0
2026-03-25 00:00:00,20.4,67,5.6,320,0.0,984.8,80.0
2026-03-25 01:00:00,20.0,67,5.2,340,0.0,984.6,65.0
2026-03-25 02:00:00,19.6,68,3.7,299,0.0,984.5,45.0
2026-03-25 03:00:00,18.5,73,5.4,290,0.0,984.6,50.0
2026-03-25 04:00:00,17.7,76,4.9,280,0.0,984.1,45.0
2026-03-25 05:00:00,17.8,79,5.4,270,0.0,984.3,40.0
2026-03-25 06:00:00,18.0,78,5.5,259,0.0,985.0,50.0
2026-03-25 07:00:00,19.2,74,6.7,264,0.0,986.0,65.0
2026-03-25 08:00:00,21.8,66,4.0,270,0.0,987.0,105.0
2026-03-25 09:00:00,24.9,55,4.2,280,0.0,987.5,270.0
2026-03-25 10:00:00,27.2,43,6.0,287,0.0,987.8,870.0
2026-03-25 11:00:00,29.1,35,7.3,290,0.0,987.6,1240.0
2026-03-25 12:00:00,30.2,32,8.0,288,0.0,987.2,1530.0
2026-03-25 13:00:00,31.0,29,9.5,292,0.0,986.4,1725.0
2026-03-25 14:00:00,31.5,27,10.5,290,0.0,985.4,1905.0
2026-03-25 15:00:00,31.3,27,12.0,289,0.0,984.7,1785.0
2026-03-25 16:00:00,30.9,28,11.3,290,0.0,984.5,1530.0
2026-03-25 17:00:00,30.2,28,10.1,295,0.0,984.4,1445.0
2026-03-25 18:00:00,28.2,33,4.2,329,0.0,984.5,200.0
2026-03-25 19:00:00,27.3,37,3.0,14,0.0,984.9,75.0
2026-03-25 20:00:00,26.7,40,2.6,51,0.0,985.3,60.0
2026-03-25 21:00:00,26.3,42,1.2,117,0.0,986.0,20.0
2026-03-25 22:00:00,25.1,43,2.7,184,0.0,986.5,20.0
2026-03-25 23:00:00,25.3,52,0.9,233,0.0,986.8,10.0
2026-03-26 00:00:00,24.6,50,6.5,341,0.0,986.9,115.0
2026-03-26 01:00:00,22.9,57,5.1,342,0.0,986.9,130.0
2026-03-26 02:00:00,22.8,63,3.4,317,0.0,987.0,100.0
2026-03-26 03:00:00,21.8,66,2.4,257,0.0,987.1,25.0
2026-03-26 04:00:00,21.6,65,3.1,347,0.0,986.8,30.0
2026-03-26 05:00:00,21.0,70,4.4,339,0.0,986.4,75.0
2026-03-26 06:00:00,21.2,70,2.4,306,0.0,987.4,50.0
2026-03-26 07:00:00,22.4,64,4.0,207,0.0,988.0,35.0
2026-03-26 08:00:00,24.9,53,2.6,231,0.0,988.7,135.0
2026-03-26 09:00:00,27.4,46,3.7,259,0.0,989.7,275.0
2026-03-26 10:00:00,29.7,39,4.2,290,0.0,989.9,520.0
2026-03-26 11:00:00,33.0,26,7.0,271,0.0,989.3,1860.0
2026-03-26 12:00:00,34.5,21,8.6,278,0.0,988.3,2880.0
2026-03-26 13:00:00,34.8,19,8.4,295,0.0,987.0,2855.0
2026-03-26 14:00:00,34.3,21,11.9,280,0.0,986.4,2905.0
2026-03-26 15:00:00,33.1,23,14.7,284,0.0,985.6,2420.0
2026-03-26 16:00:00,32.3,26,12.8,296,0.0,985.7,1605.0
2026-03-26 17:00:00,31.9,24,8.8,319,0.0,985.6,1785.0
2026-03-26 18:00:00,31.1,27,8.3,326,0.0,985.9,890.0
2026-03-26 19:00:00,30.1,33,6.2,339,0.0,986.2,425.0
2026-03-26 20:00:00,28.9,38,3.9,332,0.0,986.8,335.0
2026-03-26 21:00:00,28.3,40,8.2,303,0.0,987.5,265.0
2026-03-26 22:00:00,27.7,39,8.7,318,0.0,987.6,295.0
2026-03-26 23:00:00,25.3,58,1.7,41,0.0,987.1,20.0
2026-03-27 00:00:00,25.7,51,4.1,326,0.0,986.4,175.0
2026-03-27 01:00:00,25.0,51,7.3,308,0.0,985.9,205.0
2026-03-27 02:00:00,23.7,57,7.1,308,0.0,985.2,195.0
2026-03-27 03:00:00,23.1,59,5.6,327,0.0,984.5,220.0
2026-03-27 04:00:00,22.4,62,4.7,310,0.0,984.1,180.0
2026-03-27 05:00:00,22.5,65,9.4,310,0.0,983.8,270.0
2026-03-27 06:00:00,22.1,67,11.6,319,0.0,984.8,265.0
2026-03-27 07:00:00,22.7,65,9.0,325,0.0,985.4,315.0
2026-03-27 08:00:00,23.6,60,12.6,340,0.0,986.1,440.0
2026-03-27 09:00:00,25.6,50,11.0,341,0.0,986.7,530.0
2026-03-27 10:00:00,27.0,44,10.8,356,0.1,986.7,590.0
2026-03-27 11:00:00,24.9,57,12.4,19,0.5,986.5,320.0
2026-03-27 12:00:00,26.9,47,7.4,22,0.0,986.5,685.0
2026-03-27 13:00:00,28.9,37,4.6,21,0.0,985.1,1080.0
2026-03-27 14:00:00,29.3,33,9.5,333,0.0,984.0,1445.0
2026-03-27 15:00:00,29.3,35,8.1,328,0.0,983.0,1475.0
2026-03-27 16:00:00,29.2,36,6.7,322,0.0,982.2,1635.0
2026-03-27 17:00:00,28.6,34,11.0,337,0.0,981.5,850.0
2026-03-27 18:00:00,28.0,35,8.3,326,0.0,981.8,1070.0
2026-03-27 19:00:00,27.2,39,5.1,328,0.0,982.2,800.0
2026-03-27 20:00:00,26.5,42,5.6,303,0.0,983.1,410.0
2026-03-27 21:00:00,25.6,45,3.8,278,0.0,983.1,145.0
2026-03-27 22:00:00,25.2,46,3.8,273,0.0,983.3,140.0
2026-03-27 23:00:00,24.4,59,3.7,325,0.0,983.2,215.0
2026-03-28 00:00:00,23.8,57,4.1,299,0.0,982.8,205.0
2026-03-28 01:00:00,23.1,58,4.4,277,0.0,982.0,140.0
2026-03-28 02:00:00,22.4,61,4.9,270,0.0,981.6,95.0
2026-03-28 03:00:00,21.6,64,5.6,266,0.0,981.1,110.0
2026-03-28 04:00:00,20.8,67,5.8,254,0.0,980.7,100.0
2026-03-28 05:00:00,20.9,71,6.1,284,0.0,980.9,105.0
2026-03-28 06:00:00,21.0,70,4.3,285,0.0,981.7,100.0
2026-03-28 07:00:00,22.1,65,3.5,255,0.0,982.2,110.0
2026-03-28 08:00:00,24.7,54,3.4,252,0.0,983.0,250.0
2026-03-28 09:00:00,27.1,44,4.0,267,0.0,983.6,960.0
2026-03-28 10:00:00,28.8,38,2.3,288,0.0,983.3,1115.0
2026-03-28 11:00:00,30.3,34,4.4,282,0.0,983.0,1495.0
2026-03-28 12:00:00,31.8,30,5.6,287,0.0,982.5,1850.0
2026-03-28 13:00:00,32.7,28,7.9,287,0.0,981.7,2220.0
2026-03-28 14:00:00,33.0,26,9.4,288,0.0,980.7,2300.0
2026-03-28 15:00:00,32.9,25,11.0,285,0.0,980.2,2235.0
2026-03-28 16:00:00,32.3,26,9.2,291,0.0,979.6,2020.0
2026-03-28 17:00:00,31.8,23,7.5,297,0.0,979.6,1960.0
2026-03-28 18:00:00,30.9,26,6.0,299,0.0,980.0,1275.0
2026-03-28 19:00:00,29.6,31,3.1,3,0.0,980.4,465.0
2026-03-28 20:00:00,29.0,33,3.2,87,0.0,980.8,305.0
2026-03-28 21:00:00,28.1,35,4.9,118,0.0,981.2,200.0
2026-03-28 22:00:00,26.8,40,4.3,123,0.0,980.9,125.0
2026-03-28 23:00:00,26.0,47,6.2,116,0.0,981.1,120.0
2026-03-29 00:00:00,25.2,50,7.1,99,0.0,980.8,145.0
2026-03-29 01:00:00,24.2,55,7.3,147,0.0,980.8,165.0
2026-03-29 02:00:00,23.5,59,7.3,130,0.0,980.6,125.0
2026-03-29 03:00:00,23.1,60,7.2,118,0.0,980.2,110.0
2026-03-29 04:00:00,22.8,61,6.7,124,0.0,979.8,115.0
2026-03-29 05:00:00,23.0,62,8.3,139,0.0,980.5,150.0
2026-03-29 06:00:00,23.2,61,8.8,141,0.0,981.2,170.0
2026-03-29 07:00:00,24.1,57,9.4,138,0.0,982.4,235.0
2026-03-29 08:00:00,26.1,50,9.2,137,0.0,983.2,340.0
2026-03-29 09:00:00,28.5,42,10.5,139,0.0,983.9,590.0
2026-03-29 10:00:00,31.1,35,13.3,145,0.0,984.0,835.0
2026-03-29 11:00:00,32.8,33,12.4,140,0.0,983.8,1060.0
2026-03-29 12:00:00,33.0,33,8.4,130,0.0,983.4,1510.0
2026-03-29 13:00:00,34.4,31,6.0,131,0.0,982.6,2735.0
2026-03-29 14:00:00,34.9,29,5.1,148,0.0,981.7,3045.0
2026-03-29 15:00:00,35.0,29,4.6,222,0.0,980.8,3175.0
2026-03-29 16:00:00,32.8,31,3.2,289,0.0,980.7,1970.0
2026-03-29 17:00:00,29.3,52,3.7,35,0.0,979.9,95.0
2026-03-29 18:00:00,30.3,51,3.6,93,0.0,980.5,425.0
2026-03-29 19:00:00,29.8,44,11.3,51,0.0,981.0,575.0
2026-03-29 20:00:00,28.1,50,12.0,60,0.0,981.7,450.0
2026-03-29 21:00:00,27.3,51,8.5,69,0.0,982.3,360.0
2026-03-29 22:00:00,26.6,52,6.1,93,0.0,982.4,275.0
2026-03-29 23:00:00,26.2,55,5.3,100,0.0,982.6,200.0
2026-03-30 00:00:00,25.7,56,6.3,114,0.0,982.1,175.0
2026-03-30 01:00:00,24.8,58,8.0,115,0.0,981.8,180.0
2026-03-30 02:00:00,23.8,63,5.9,110,0.0,981.5,135.0
2026-03-30 03:00:00,23.4,64,5.6,140,0.0,981.6,120.0
2026-03-30 04:00:00,22.5,69,4.5,146,0.0,981.5,100.0
2026-03-30 05:00:00,21.7,78,4.8,132,0.0,981.4,65.0
2026-03-30 06:00:00,22.0,76,3.7,166,0.0,982.0,70.0
2026-03-30 07:00:00,23.6,69,4.5,217,0.0,983.2,110.0
2026-03-30 08:00:00,26.3,51,6.1,247,0.0,984.3,230.0
2026-03-30 09:00:00,29.4,34,7.0,267,0.0,985.0,375.0
2026-03-30 10:00:00,31.6,30,8.7,276,0.0,985.2,735.0
2026-03-30 11:00:00,33.3,26,9.0,268,0.0,985.5,1880.0
2026-03-30 12:00:00,34.7,21,8.7,264,0.0,985.0,2410.0
2026-03-30 13:00:00,31.3,30,21.8,270,0.2,986.2,1315.0
2026-03-30 14:00:00,31.6,28,16.7,290,0.0,985.1,1685.0
2026-03-30 15:00:00,29.5,38,16.4,301,0.0,984.6,955.0
2026-03-30 16:00:00,30.0,35,10.8,306,0.0,984.0,930.0
2026-03-30 17:00:00,27.6,46,11.2,349,0.0,984.1,515.0
2026-03-30 18:00:00,27.5,45,7.1,344,0.0,984.0,435.0
2026-03-30 19:00:00,27.0,51,1.5,324,0.0,984.4,355.0
2026-03-30 20:00:00,26.3,50,5.2,229,0.0,985.1,195.0
2026-03-30 21:00:00,25.0,58,8.8,270,0.0,985.8,210.0
2026-03-30 22:00:00,24.2,62,5.5,259,0.0,985.8,145.0
2026-03-30 23:00:00,24.3,66,7.8,323,0.0,985.5,230.0
2026-03-31 00:00:00,23.7,68,3.6,279,0.0,985.3,180.0
2026-03-31 01:00:00,23.4,69,4.5,293,0.0,984.8,120.0
2026-03-31 02:00:00,22.5,74,4.1,322,0.0,984.4,110.0
2026-03-31 03:00:00,22.0,75,4.0,288,0.0,984.4,110.0
2026-03-31 04:00:00,21.8,76,4.4,251,0.0,984.5,75.0
2026-03-31 05:00:00,21.3,76,5.0,291,0.0,984.0,90.0
2026-03-31 06:00:00,21.5,76,2.1,232,0.0,984.6,60.0
2026-03-31 07:00:00,23.2,68,1.3,146,0.0,985.7,80.0
2026-03-31 08:00:00,26.3,52,3.0,295,0.0,986.7,205.0
2026-03-31 09:00:00,29.7,34,4.6,291,0.0,987.2,555.0
2026-03-31 10:00:00,31.7,27,4.6,312,0.0,987.5,1340.0
2026-03-31 11:00:00,33.4,23,1.3,82,0.0,986.9,2820.0
2026-03-31 12:00:00,35.0,20,5.0,325,0.0,986.5,3365.0
2026-03-31 13:00:00,32.2,25,4.3,355,0.0,985.8,1985.0
2026-03-31 14:00:00,32.8,23,7.8,40,0.0,985.1,2460.0
2026-03-31 15:00:00,30.8,28,5.9,194,0.2,985.3,1795.0
2026-03-31 16:00:00,29.3,35,7.7,254,0.0,984.7,670.0
2026-03-31 17:00:00,24.8,57,6.5,294,0.0,985.7,235.0
2026-03-31 18:00:00,24.7,59,5.6,15,0.1,984.9,300.0
2026-03-31 19:00:00,24.6,59,6.4,122,0.0,985.3,210.0
2026-03-31 20:00:00,23.8,68,2.4,163,0.0,986.3,145.0
2026-03-31 21:00:00,23.4,67,3.8,115,0.0,986.7,175.0
2026-03-31 22:00:00,23.4,65,6.2,338,0.0,987.0,155.0
2026-03-31 23:00:00,23.7,66,13.0,350,0.0,986.4,285.0
2026-04-01 00:00:00,22.6,67,8.2,23,0.0,986.1,265.0
2026-04-01 01:00:00,22.1,66,7.0,21,0.0,985.6,240.0
2026-04-01 02:00:00,21.0,73,3.3,36,0.0,985.5,195.0
2026-04-01 03:00:00,20.4,75,3.6,131,0.0,985.6,85.0
2026-04-01 04:00:00,19.9,77,3.1,140,0.0,985.7,65.0
2026-04-01 05:00:00,19.6,82,2.7,53,0.0,985.3,105.0
2026-04-01 06:00:00,19.8,79,2.6,78,0.0,985.7,100.0
2026-04-01 07:00:00,21.3,70,2.8,101,0.0,986.4,110.0
2026-04-01 08:00:00,23.8,60,1.5,126,0.0,987.1,170.0
2026-04-01 09:00:00,26.9,48,0.9,11,0.0,988.0,300.0
2026-04-01 10:00:00,29.4,37,1.3,196,0.0,988.4,880.0
2026-04-01 11:00:00,31.4,33,6.7,186,0.0,988.4,1355.0
2026-04-01 12:00:00,32.6,29,5.4,220,0.0,987.7,2305.0
2026-04-01 13:00:00,33.1,26,5.5,238,0.0,986.7,2485.0
2026-04-01 14:00:00,31.5,28,2.0,135,0.0,986.1,2140.0
2026-04-01 15:00:00,32.2,26,4.8,214,0.0,985.2,2220.0
2026-04-01 16:00:00,31.7,28,3.8,273,0.0,984.4,2025.0
2026-04-01 17:00:00,31.8,29,6.0,10,0.0,983.8,1535.0
2026-04-01 18:00:00,30.0,36,7.7,18,0.0,984.4,515.0
2026-04-01 19:00:00,28.4,42,6.3,37,0.0,984.9,315.0
2026-04-01 20:00:00,26.9,51,4.7,47,0.0,985.2,230.0
2026-04-01 21:00:00,26.4,51,4.8,37,0.0,985.7,195.0
2026-04-01 22:00:00,25.7,51,5.2,46,0.0,985.6,175.0
2026-04-01 23:00:00,25.7,61,4.9,33,0.0,985.4,145.0
2026-04-02 00:00:00,25.2,63,4.4,32,0.0,985.1,140.0
2026-04-02 01:00:00,23.9,67,4.6,45,0.0,984.7,140.0
2026-04-02 02:00:00,23.5,65,4.9,57,0.0,984.6,130.0
2026-04-02 03:00:00,22.8,68,4.6,36,0.0,984.6,120.0
2026-04-02 04:00:00,22.3,68,3.5,55,0.0,984.5,100.0
2026-04-02 05:00:00,21.7,72,4.5,50,0.0,984.1,95.0
2026-04-02 06:00:00,21.9,71,4.1,52,0.0,984.7,90.0
2026-04-02 07:00:00,23.6,62,2.7,37,0.0,985.8,80.0
2026-04-02 08:00:00,25.9,56,1.1,180,0.0,986.5,110.0
2026-04-02 09:00:00,29.1,45,2.5,172,0.0,987.3,235.0
2026-04-02 10:00:00,32.2,35,2.7,172,0.0,987.8,835.0
2026-04-02 11:00:00,32.1,34,6.2,190,0.0,988.2,1305.0
2026-04-02 12:00:00,33.7,27,3.7,145,0.0,987.1,1975.0
2026-04-02 13:00:00,34.3,25,5.0,221,0.0,986.4,2620.0
2026-04-02 14:00:00,32.3,30,3.4,238,0.0,986.0,1320.0
2026-04-02 15:00:00,33.4,27,2.8,165,0.0,984.6,1830.0
2026-04-02 16:00:00,33.4,27,4.5,164,0.0,984.1,2285.0
2026-04-02 17:00:00,33.8,28,13.6,113,0.0,983.4,2140.0
2026-04-02 18:00:00,32.5,31,4.9,51,0.0,983.2,270.0
2026-04-02 19:00:00,31.1,34,9.1,52,0.0,983.1,275.0
2026-04-02 20:00:00,29.6,42,4.7,83,0.0,983.2,165.0
2026-04-02 21:00:00,28.9,42,5.5,122,0.0,983.8,145.0
2026-04-02 22:00:00,27.1,57,3.5,105,0.0,984.3,115.0
2026-04-02 23:00:00,26.7,55,5.0,92,0.0,983.8,75.0
2026-04-03 00:00:00,26.0,57,5.7,127,0.0,983.6,100.0
2026-04-03 01:00:00,25.0,62,4.1,151,0.0,983.2,85.0
2026-04-03 02:00:00,24.7,61,3.2,223,0.0,983.0,90.0
2026-04-03 03:00:00,24.8,60,1.9,209,0.0,983.2,85.0
2026-04-03 04:00:00,24.0,60,4.0,275,0.0,983.0,100.0
2026-04-03 05:00:00,23.2,67,13.9,260,0.0,983.3,375.0
2026-04-03 06:00:00,22.6,62,14.6,266,0.0,984.5,405.0
2026-04-03 07:00:00,22.3,64,13.3,270,0.0,985.8,400.0
2026-04-03 08:00:00,23.5,62,11.6,282,0.0,986.7,420.0
2026-04-03 09:00:00,25.7,55,11.5,284,0.0,987.7,585.0
2026-04-03 10:00:00,27.8,45,14.7,289,0.0,987.9,835.0
2026-04-03 11:00:00,29.3,41,11.9,297,0.0,987.9,870.0
2026-04-03 12:00:00,30.1,39,10.0,296,0.0,987.3,1025.0
2026-04-03 13:00:00,31.3,37,6.9,321,0.0,986.1,1610.0
2026-04-03 14:00:00,32.1,33,6.3,288,0.0,985.0,2270.0
2026-04-03 15:00:00,27.5,49,9.3,302,0.0,985.9,595.0
2026-04-03 16:00:00,27.7,47,5.3,350,0.0,985.0,530.0
2026-04-03 17:00:00,28.3,41,15.3,288,0.0,983.7,575.0
2026-04-03 18:00:00,25.8,53,10.0,319,0.0,984.6,340.0
2026-04-03 19:00:00,25.3,55,10.0,277,0.0,986.0,410.0
2026-04-03 20:00:00,23.6,58,15.5,260,0.0,987.7,480.0
2026-04-03 21:00:00,23.3,60,4.2,301,0.4,986.5,165.0
2026-04-03 22:00:00,22.6,63,5.5,287,0.0,987.1,165.0
2026-04-03 23:00:00,22.8,72,6.0,33,0.0,987.1,230.0
2026-04-04 00:00:00,22.6,76,6.0,10,0.0,986.5,205.0
2026-04-04 01:00:00,22.4,75,6.5,2,0.0,985.5,255.0
2026-04-04 02:00:00,22.1,73,6.3,24,0.0,985.1,330.0
2026-04-04 03:00:00,21.3,79,3.5,28,0.0,985.1,290.0
2026-04-04 04:00:00,21.2,81,2.2,355,0.0,985.1,160.0
2026-04-04 05:00:00,21.4,83,5.4,274,0.0,984.8,170.0
2026-04-04 06:00:00,21.3,83,6.2,287,0.0,985.8,175.0
2026-04-04 07:00:00,22.1,79,5.6,303,0.0,986.1,180.0
2026-04-04 08:00:00,23.8,69,3.7,325,0.0,986.7,215.0
2026-04-04 09:00:00,25.9,56,5.2,335,0.0,987.1,455.0
2026-04-04 10:00:00,27.4,41,6.2,327,0.0,987.7,850.0
2026-04-04 11:00:00,29.7,35,9.1,308,0.0,987.3,1265.0
2026-04-04 12:00:00,30.3,35,6.0,319,0.0,986.4,1355.0
2026-04-04 13:00:00,29.9,37,2.9,30,1.0,986.1,1705.0
2026-04-04 14:00:00,24.2,62,7.1,246,1.3,986.7,490.0
2026-04-04 15:00:00,26.1,51,2.4,279,0.0,984.6,390.0
2026-04-04 16:00:00,27.1,47,4.3,298,0.0,984.2,840.0
2026-04-04 17:00:00,26.0,54,3.7,309,0.0,982.7,185.0
2026-04-04 18:00:00,25.5,65,2.3,231,0.0,983.5,255.0
2026-04-04 19:00:00,24.9,66,3.9,204,0.0,984.1,170.0
2026-04-04 20:00:00,24.2,69,3.4,254,0.0,984.3,90.0
2026-04-04 21:00:00,23.3,73,3.0,284,0.0,984.4,40.0
2026-04-04 22:00:00,22.8,73,4.5,175,0.0,984.6,55.0
2026-04-04 23:00:00,22.3,77,3.9,257,0.0,983.9,30.0
2026-04-05 00:00:00,22.9,66,9.3,311,0.0,984.3,190.0
2026-04-05 01:00:00,21.8,70,4.1,347,0.0,984.3,195.0
2026-04-05 02:00:00,21.4,68,3.8,275,0.0,983.8,165.0
2026-04-05 03:00:00,20.7,69,4.8,301,0.0,983.7,150.0
2026-04-05 04:00:00,19.8,74,4.5,337,0.0,984.0,195.0
2026-04-05 05:00:00,19.9,82,3.2,232,0.0,983.4,55.0
2026-04-05 06:00:00,20.2,77,5.5,281,0.0,983.9,105.0
2026-04-05 07:00:00,20.7,71,10.4,163,0.5,985.6,175.0
2026-04-05 08:00:00,21.7,70,0.8,315,0.2,985.3,95.0
2026-04-05 09:00:00,24.8,58,5.7,351,0.0,986.2,470.0
2026-04-05 10:00:00,26.0,54,4.6,69,0.0,986.4,810.0
2026-04-05 11:00:00,28.9,34,5.8,334,0.0,985.9,2410.0
2026-04-05 12:00:00,28.8,32,6.7,301,0.0,985.2,2235.0
2026-04-05 13:00:00,28.0,35,13.6,281,0.2,984.6,1395.0
2026-04-05 14:00:00,28.8,31,8.0,318,0.0,983.6,2320.0
2026-04-05 15:00:00,29.3,29,5.8,279,0.0,982.8,2685.0
2026-04-05 16:00:00,28.7,29,8.1,282,0.0,982.6,2650.0
2026-04-05 17:00:00,27.2,45,1.0,112,0.0,982.0,105.0
2026-04-05 18:00:00,26.4,60,0.8,45,0.0,982.4,25.0
2026-04-05 19:00:00,24.8,62,3.5,81,0.0,982.8,85.0
2026-04-05 20:00:00,23.7,70,1.8,84,0.0,983.5,35.0
2026-04-05 21:00:00,22.9,73,1.3,188,0.0,984.0,20.0
2026-04-05 22:00:00,22.2,74,2.5,240,0.0,984.2,20.0
2026-04-05 23:00:00,24.8,37,10.9,343,0.0,984.8,420.0
2026-04-06 00:00:00,23.5,42,7.4,347,0.0,984.5,270.0
2026-04-06 01:00:00,22.7,46,7.0,357,0.0,983.9,230.0
2026-04-06 02:00:00,21.7,55,4.1,13,0.0,983.7,160.0
2026-04-06 03:00:00,21.1,57,3.5,15,0.0,983.8,115.0
2026-04-06 04:00:00,20.8,59,2.5,4,0.0,983.7,55.0
2026-04-06 05:00:00,21.5,60,0.7,346,0.0,983.5,35.0
2026-04-06 06:00:00,21.4,62,0.8,225,0.0,984.3,35.0
2026-04-06 07:00:00,22.7,56,4.5,233,0.0,985.1,80.0
2026-04-06 08:00:00,24.7,48,2.5,249,0.0,985.8,200.0
2026-04-06 09:00:00,27.1,41,2.6,231,0.0,986.5,415.0
2026-04-06 10:00:00,29.4,28,5.1,266,0.0,986.9,2535.0
2026-04-06 11:00:00,30.2,21,8.1,274,0.0,986.8,2880.0
2026-04-06 12:00:00,31.2,20,8.3,281,0.0,986.3,3075.0
2026-04-06 13:00:00,31.7,19,9.6,287,0.0,985.3,3145.0
2026-04-06 14:00:00,31.5,19,8.9,288,0.0,984.3,3110.0
2026-04-06 15:00:00,31.3,20,7.6,285,0.0,983.2,3065.0
2026-04-06 16:00:00,31.1,21,9.9,268,0.0,982.8,3095.0
2026-04-06 17:00:00,28.7,29,17.7,225,0.0,982.3,625.0
2026-04-06 18:00:00,26.7,34,9.4,220,0.0,982.8,260.0
2026-04-06 19:00:00,26.5,35,7.1,236,0.0,983.1,110.0
2026-04-06 20:00:00,25.6,37,8.5,235,0.0,984.0,150.0
2026-04-06 21:00:00,24.3,41,4.8,243,0.0,984.8,125.0
2026-04-06 22:00:00,23.8,41,5.7,259,0.0,984.8,125.0
2026-04-06 23:00:00,23.7,43,9.6,273,0.0,984.9,155.0
2026-04-07 00:00:00,23.6,46,10.1,270,0.0,984.9,140.0
2026-04-07 01:00:00,23.8,46,6.0,350,0.0,984.4,135.0
2026-04-07 02:00:00,23.0,47,8.0,18,0.0,984.2,220.0
2026-04-07 03:00:00,22.0,49,6.9,31,0.0,983.9,180.0
2026-04-07 04:00:00,21.2,57,4.9,51,0.0,982.9,100.0
2026-04-07 05:00:00,20.5,59,3.8,95,0.0,983.3,120.0
2026-04-07 06:00:00,20.8,57,9.6,107,0.0,983.7,130.0
2026-04-07 07:00:00,21.4,56,9.7,130,0.0,984.3,235.0
2026-04-07 08:00:00,24.0,47,7.8,122,0.0,984.5,320.0
2026-04-07 09:00:00,27.1,38,10.8,144,0.0,985.4,660.0
2026-04-07 10:00:00,28.8,32,13.8,144,0.0,985.2,1405.0
2026-04-07 11:00:00,28.4,33,15.5,132,0.0,985.1,1485.0
2026-04-07 12:00:00,28.4,35,14.7,112,0.2,984.8,1750.0
2026-04-07 13:00:00,25.9,41,12.8,202,0.4,984.4,1010.0
2026-04-07 14:00:00,25.6,43,0.8,207,0.2,983.8,1460.0
2026-04-07 15:00:00,23.0,56,5.1,8,1.3,983.1,765.0
2026-04-07 16:00:00,21.7,69,0.8,135,0.8,982.6,375.0
2026-04-07 17:00:00,22.2,66,9.6,87,0.4,981.1,365.0
2026-04-07 18:00:00,21.1,72,9.3,75,0.0,981.7,380.0
2026-04-07 19:00:00,20.2,73,10.2,81,0.0,982.1,380.0
2026-04-07 20:00:00,19.7,71,11.2,75,0.2,982.3,365.0
2026-04-07 21:00:00,18.2,85,7.5,200,2.1,984.5,95.0
2026-04-07 22:00:00,18.1,88,7.7,108,1.9,982.9,315.0
2026-04-07 23:00:00,18.0,90,9.9,99,0.9,981.5,215.0
2026-04-08 00:00:00,17.7,90,6.4,122,0.0,982.3,200.0
2026-04-08 01:00:00,17.8,90,7.5,200,0.1,982.5,205.0
2026-04-08 02:00:00,17.0,89,11.9,157,0.6,981.7,285.0
2026-04-08 03:00:00,17.3,92,9.0,92,0.2,981.0,250.0
2026-04-08 04:00:00,17.2,93,2.3,231,0.0,981.2,125.0
2026-04-08 05:00:00,17.2,98,6.3,198,0.0,981.6,325.0
2026-04-08 06:00:00,17.1,91,8.1,276,0.9,983.0,155.0
2026-04-08 07:00:00,17.8,88,8.6,323,0.4,983.5,280.0
2026-04-08 08:00:00,18.5,86,5.1,354,0.2,983.8,355.0
2026-04-08 09:00:00,20.6,73,5.6,343,0.0,984.5,820.0
2026-04-08 10:00:00,22.0,64,4.8,48,0.1,984.9,1000.0
2026-04-08 11:00:00,23.2,56,1.3,124,0.2,984.7,1320.0
2026-04-08 12:00:00,24.4,55,1.3,360,0.0,984.9,1600.0
2026-04-08 13:00:00,25.1,52,2.6,348,0.0,984.6,1970.0
2026-04-08 14:00:00,25.5,48,4.6,291,0.0,983.9,1950.0
2026-04-08 15:00:00,25.3,48,5.0,305,0.0,983.6,1740.0
2026-04-08 16:00:00,25.2,48,5.4,304,0.2,983.5,1765.0
2026-04-08 17:00:00,22.3,60,6.3,182,1.2,984.1,215.0
2026-04-08 18:00:00,21.8,66,6.7,63,0.0,984.5,190.0
2026-04-08 19:00:00,20.6,68,11.8,111,0.0,984.8,350.0
2026-04-08 20:00:00,19.8,68,10.9,98,0.0,985.7,260.0
2026-04-08 21:00:00,19.1,72,9.1,104,0.0,986.1,220.0
2026-04-08 22:00:00,18.7,75,9.3,114,0.0,986.2,235.0
2026-04-08 23:00:00,19.3,82,8.5,122,0.0,987.0,260.0
2026-04-09 00:00:00,18.8,80,8.9,115,0.0,986.9,210.0
2026-04-09 01:00:00,18.3,81,8.5,108,0.0,986.7,225.0
2026-04-09 02:00:00,17.7,84,8.9,108,0.0,986.5,250.0
2026-04-09 03:00:00,17.2,90,8.8,118,0.0,986.5,225.0
2026-04-09 04:00:00,16.8,94,6.7,99,0.0,986.8,200.0
2026-04-09 05:00:00,16.1,94,5.2,121,0.0,987.1,145.0
2026-04-09 06:00:00,16.9,93,5.9,113,0.0,987.8,175.0
2026-04-09 07:00:00,17.9,91,4.7,106,0.0,988.8,195.0
2026-04-09 08:00:00,19.5,84,4.5,104,0.0,989.6,265.0
2026-04-09 09:00:00,21.7,76,3.6,96,0.0,990.1,360.0
2026-04-09 10:00:00,23.8,67,2.5,82,0.0,990.3,610.0
2026-04-09 11:00:00,26.2,46,1.7,328,0.0,990.0,2330.0
2026-04-09 12:00:00,27.5,35,6.4,313,0.0,989.7,2370.0
2026-04-09 13:00:00,28.2,26,7.5,320,0.0,988.9,2425.0
2026-04-09 14:00:00,28.7,25,8.9,310,0.0,987.9,2630.0
2026-04-09 15:00:00,28.7,23,11.1,302,0.0,987.4,2675.0
2026-04-09 16:00:00,28.2,23,12.4,303,0.0,986.9,2515.0
2026-04-09 17:00:00,28.1,31,4.9,4,0.0,986.7,2915.0
2026-04-09 18:00:00,25.8,51,3.1,315,0.0,987.2,90.0
2026-04-09 19:00:00,24.8,52,2.2,76,0.0,987.5,30.0
2026-04-09 20:00:00,24.0,54,2.1,31,0.0,988.4,30.0
2026-04-09 21:00:00,23.1,55,2.2,270,0.0,988.8,30.0
2026-04-09 22:00:00,22.3,49,11.9,358,0.0,989.5,385.0
2026-04-09 23:00:00,21.6,55,6.8,27,0.0,989.8,245.0
2026-04-10 00:00:00,20.0,63,5.4,4,0.0,989.6,145.0
2026-04-10 01:00:00,19.5,64,5.4,346,0.0,989.3,150.0
2026-04-10 02:00:00,19.0,66,5.6,331,0.0,989.2,165.0
2026-04-10 03:00:00,18.4,69,5.2,316,0.0,988.9,120.0
2026-04-10 04:00:00,17.8,69,6.1,300,0.0,988.7,110.0
2026-04-10 05:00:00,18.0,70,8.4,295,0.0,988.6,160.0
2026-04-10 06:00:00,18.2,69,9.5,299,0.0,989.2,245.0
2026-04-10 07:00:00,19.2,66,8.1,291,0.0,990.0,340.0
2026-04-10 08:00:00,21.1,59,9.4,294,0.0,990.6,540.0
2026-04-10 09:00:00,23.5,49,11.5,300,0.0,990.7,885.0
2026-04-10 10:00:00,25.5,40,14.7,306,0.0,990.7,1085.0
2026-04-10 11:00:00,27.9,33,14.6,303,0.0,989.9,1255.0
2026-04-10 12:00:00,29.4,28,16.5,303,0.0,989.7,1535.0
2026-04-10 13:00:00,30.4,25,17.7,300,0.0,988.8,1975.0
2026-04-10 14:00:00,31.0,22,18.6,298,0.0,987.7,2110.0
2026-04-10 15:00:00,31.2,21,19.4,299,0.0,986.9,2140.0
2026-04-10 16:00:00,31.0,20,19.9,302,0.0,986.2,1980.0
2026-04-10 17:00:00,31.2,18,19.0,298,0.0,986.0,2100.0
2026-04-10 18:00:00,29.9,20,15.3,294,0.0,986.2,1720.0
2026-04-10 19:00:00,28.3,24,12.8,292,0.0,986.4,940.0
2026-04-10 20:00:00,26.9,28,13.6,285,0.0,986.8,650.0
2026-04-10 21:00:00,26.2,31,15.3,294,0.0,987.3,670.0
2026-04-10 22:00:00,25.7,32,14.6,303,0.0,987.5,625.0
2026-04-10 23:00:00,25.7,34,14.2,306,0.0,987.7,730.0
2026-04-11 00:00:00,25.1,37,13.2,310,0.0,987.5,640.0
2026-04-11 01:00:00,24.4,39,12.6,308,0.0,987.1,560.0
2026-04-11 02:00:00,23.8,41,12.2,308,0.0,986.7,520.0
2026-04-11 03:00:00,22.8,44,9.2,317,0.0,986.2,365.0
2026-04-11 04:00:00,22.2,46,9.4,322,0.0,986.0,365.0
2026-04-11 05:00:00,21.9,50,9.2,325,0.0,985.6,340.0
2026-04-11 06:00:00,21.7,52,9.6,322,0.0,986.4,390.0
2026-04-11 07:00:00,22.9,49,7.4,311,0.0,987.3,375.0
2026-04-11 08:00:00,25.0,43,8.7,312,0.0,988.2,475.0
2026-04-11 09:00:00,27.5,35,10.1,325,0.0,988.6,950.0
2026-04-11 10:00:00,29.4,30,11.3,333,0.0,988.3,930.0
2026-04-11 11:00:00,31.1,27,11.7,313,0.0,988.3,1380.0
2026-04-11 12:00:00,32.6,23,11.9,300,0.0,987.7,2280.0
2026-04-11 13:00:00,32.6,22,14.3,295,0.0,987.1,2385.0
2026-04-11 14:00:00,32.9,21,13.9,291,0.0,985.8,2415.0
2026-04-11 15:00:00,32.7,21,12.5,277,0.0,984.9,2550.0
2026-04-11 16:00:00,32.4,21,14.2,274,0.0,984.6,2385.0
2026-04-11 17:00:00,32.2,19,13.4,311,0.0,984.1,2280.0
2026-04-11 18:00:00,30.8,23,9.1,335,0.0,984.2,930.0
2026-04-11 19:00:00,29.1,29,7.9,4,0.0,984.6,375.0
2026-04-11 20:00:00,28.3,31,7.3,7,0.0,984.8,325.0
2026-04-11 21:00:00,27.4,33,5.2,356,0.0,985.2,315.0
2026-04-11 22:00:00,26.8,33,4.4,341,0.0,985.2,290.0
2026-04-11 23:00:00,27.7,34,8.6,2,0.0,985.5,545.0
2026-04-12 00:00:00,26.2,38,9.1,32,0.0,985.3,380.0
2026-04-12 01:00:00,25.3,40,8.6,16,0.0,985.1,420.0
2026-04-12 02:00:00,24.6,41,4.0,39,0.0,984.0,170.0
2026-04-12 03:00:00,24.2,44,2.1,340,0.0,983.5,125.0
2026-04-12 04:00:00,23.4,44,3.1,320,0.0,983.0,85.0
2026-04-12 05:00:00,23.0,53,3.0,303,0.0,983.1,40.0
2026-04-12 06:00:00,23.2,52,6.2,303,0.0,983.4,90.0
2026-04-12 07:00:00,24.2,50,7.3,300,0.0,984.3,180.0
2026-04-12 08:00:00,26.2,42,6.9,301,0.0,984.9,325.0
2026-04-12 09:00:00,28.6,35,8.9,310,0.0,985.5,775.0
2026-04-12 10:00:00,30.7,27,11.5,301,0.0,985.3,1760.0
2026-04-12 11:00:00,32.2,23,12.1,293,0.0,984.9,2115.0
2026-04-12 12:00:00,33.2,21,12.0,300,0.0,984.4,2435.0
2026-04-12 13:00:00,33.9,20,12.8,302,0.0,983.6,2670.0
2026-04-12 14:00:00,34.2,18,14.1,307,0.0,982.6,2775.0
2026-04-12 15:00:00,34.0,17,14.9,307,0.0,982.1,2780.0
2026-04-12 16:00:00,33.6,16,15.8,300,0.0,981.7,2725.0
2026-04-12 17:00:00,33.6,16,16.2,302,0.0,981.5,3115.0
2026-04-12 18:00:00,32.5,16,12.6,304,0.0,982.1,2975.0
2026-04-12 19:00:00,30.9,18,9.4,317,0.0,982.8,1090.0
2026-04-12 20:00:00,29.4,21,8.6,331,0.0,983.6,715.0
2026-04-12 21:00:00,28.0,24,6.8,357,0.0,984.3,475.0
2026-04-12 22:00:00,26.5,28,5.6,354,0.0,984.2,365.0
2026-04-12 23:00:00,26.4,30,7.8,347,0.0,984.7,400.0
2026-04-13 00:00:00,25.4,32,6.5,337,0.0,984.5,350.0
2026-04-13 01:00:00,24.8,33,6.7,329,0.0,984.1,325.0
2026-04-13 02:00:00,23.9,36,6.1,337,0.0,983.8,290.0
2026-04-13 03:00:00,23.2,37,6.2,343,0.0,983.5,240.0
2026-04-13 04:00:00,22.5,39,5.7,347,0.0,983.1,195.0
2026-04-13 05:00:00,21.9,55,5.5,333,0.0,983.3,175.0
2026-04-13 06:00:00,21.8,52,4.8,299,0.0,984.3,145.0
2026-04-13 07:00:00,23.5,46,5.8,268,0.0,985.2,205.0
2026-04-13 08:00:00,25.5,40,6.8,270,0.0,985.8,365.0
2026-04-13 09:00:00,27.7,34,7.1,291,0.0,986.4,695.0
2026-04-13 10:00:00,30.0,26,9.2,303,0.0,986.5,1295.0
2026-04-13 11:00:00,31.9,23,11.6,291,0.0,986.2,1815.0
2026-04-13 12:00:00,33.3,19,13.2,290,0.0,985.8,1965.0
2026-04-13 13:00:00,34.0,17,14.9,290,0.0,985.1,2125.0
2026-04-13 14:00:00,34.4,16,14.8,286,0.0,984.2,2115.0
2026-04-13 15:00:00,34.5,15,14.2,285,0.0,983.5,2085.0
2026-04-13 16:00:00,34.1,15,14.7,287,0.0,983.1,2020.0
2026-04-13 17:00:00,34.6,13,14.9,285,0.0,982.7,2275.0
2026-04-13 18:00:00,33.2,15,10.9,279,0.0,983.2,2025.0
2026-04-13 19:00:00,31.4,18,7.9,269,0.0,983.6,360.0
2026-04-13 20:00:00,30.4,19,7.7,279,0.0,984.2,280.0
2026-04-13 21:00:00,29.6,20,9.3,286,0.0,985.0,320.0
2026-04-13 22:00:00,28.8,19,9.2,290,0.0,985.1,240.0
2026-04-13 23:00:00,27.0,25,5.8,353,0.0,985.2,210.0
2026-04-14 00:00:00,25.7,29,5.3,12,0.0,984.8,155.0
2026-04-14 01:00:00,25.0,32,5.7,18,0.0,984.0,195.0
2026-04-14 02:00:00,23.9,39,5.0,13,0.0,983.5,155.0
2026-04-14 03:00:00,23.3,43,4.0,360,0.0,983.2,110.0
2026-04-14 04:00:00,23.0,44,3.8,349,0.0,983.0,80.0
2026-04-14 05:00:00,23.0,48,3.6,342,0.0,982.9,75.0
2026-04-14 06:00:00,23.3,47,2.2,265,0.0,983.6,40.0
2026-04-14 07:00:00,25.7,39,5.6,276,0.0,984.8,75.0
2026-04-14 08:00:00,28.4,32,4.2,275,0.0,985.6,170.0
2026-04-14 09:00:00,31.2,25,5.0,283,0.0,986.2,390.0
2026-04-14 10:00:00,33.8,18,5.2,304,0.0,986.0,1250.0
2026-04-14 11:00:00,35.3,14,7.8,296,0.0,985.7,1990.0
2026-04-14 12:00:00,36.7,13,9.2,281,0.0,985.0,2470.0
2026-04-14 13:00:00,37.3,13,11.2,272,0.0,984.2,3270.0
2026-04-14 14:00:00,37.5,13,12.1,277,0.0,983.0,3960.0
2026-04-14 15:00:00,37.4,13,12.4,280,0.0,982.3,3955.0
2026-04-14 16:00:00,36.8,14,12.6,274,0.0,981.6,3105.0
2026-04-14 17:00:00,36.6,13,12.3,282,0.0,981.0,2825.0
2026-04-14 18:00:00,35.0,15,8.6,285,0.0,981.4,635.0
2026-04-14 19:00:00,33.6,18,6.1,298,0.0,981.6,250.0
2026-04-14 20:00:00,32.8,19,5.3,336,0.0,981.7,150.0
2026-04-14 21:00:00,32.4,19,10.0,8,0.0,982.6,305.0
2026-04-14 22:00:00,30.2,21,7.0,23,0.0,982.6,255.0
2026-04-14 23:00:00,28.9,26,5.2,20,0.0,982.7,205.0
2026-04-15 00:00:00,27.5,28,4.1,34,0.0,982.2,140.0
2026-04-15 01:00:00,26.9,30,4.0,21,0.0,981.5,140.0
2026-04-15 02:00:00,26.0,31,4.3,358,0.0,980.9,135.0
2026-04-15 03:00:00,25.1,33,5.2,348,0.0,980.6,130.0
2026-04-15 04:00:00,24.2,35,5.0,341,0.0,980.5,110.0
2026-04-15 05:00:00,24.0,43,3.8,311,0.0,980.5,70.0
2026-04-15 06:00:00,23.7,43,3.9,286,0.0,981.0,65.0
2026-04-15 07:00:00,26.0,36,5.9,290,0.0,982.0,110.0
2026-04-15 08:00:00,28.8,30,4.3,285,0.0,982.6,210.0
2026-04-15 09:00:00,32.0,23,5.7,311,0.0,982.9,435.0
2026-04-15 10:00:00,34.9,17,7.5,320,0.0,982.8,1220.0
2026-04-15 11:00:00,36.6,13,11.1,306,0.0,982.5,3305.0
2026-04-15 12:00:00,38.0,11,11.9,305,0.0,982.2,3540.0
2026-04-15 13:00:00,38.6,10,13.1,304,0.0,981.3,3600.0
2026-04-15 14:00:00,38.7,10,14.1,302,0.0,980.4,3640.0
2026-04-15 15:00:00,38.4,10,14.6,302,0.0,979.7,3645.0
2026-04-15 16:00:00,37.8,10,14.3,303,0.0,979.3,3505.0
2026-04-15 17:00:00,37.5,11,14.7,303,0.0,979.0,3785.0
2026-04-15 18:00:00,36.2,12,12.6,295,0.0,979.3,1715.0
2026-04-15 19:00:00,34.8,13,10.5,286,0.0,979.9,565.0
2026-04-15 20:00:00,33.9,14,7.5,280,0.0,980.3,330.0
2026-04-15 21:00:00,32.5,16,6.6,286,0.0,980.9,200.0
2026-04-15 22:00:00,30.5,20,5.0,296,0.0,981.0,145.0
2026-04-15 23:00:00,29.2,24,5.6,315,0.0,981.0,140.0
2026-04-16 00:00:00,28.5,25,2.4,312,0.0,981.1,45.0
2026-04-16 01:00:00,27.6,27,2.8,15,0.0,980.4,50.0
2026-04-16 02:00:00,26.9,29,2.5,21,0.0,980.3,55.0
2026-04-16 03:00:00,26.4,31,2.6,39,0.0,980.2,50.0
2026-04-16 04:00:00,26.2,32,1.8,323,0.0,980.4,40.0
2026-04-16 05:00:00,26.7,41,0.6,342,0.0,980.2,65.0
2026-04-16 06:00:00,26.7,37,0.7,90,0.0,981.1,75.0
2026-04-16 07:00:00,28.7,31,1.5,120,0.0,982.1,90.0
2026-04-16 08:00:00,31.2,26,0.6,56,0.0,983.0,170.0
2026-04-16 09:00:00,33.9,21,0.9,349,0.0,983.7,500.0
2026-04-16 10:00:00,35.9,17,3.0,335,0.0,984.3,1145.0
2026-04-16 11:00:00,37.4,14,4.8,295,0.0,983.9,3565.0
2026-04-16 12:00:00,39.4,10,8.4,307,0.0,983.7,3925.0
2026-04-16 13:00:00,39.9,9,11.4,309,0.0,983.0,4085.0
2026-04-16 14:00:00,39.8,10,12.2,303,0.0,982.0,4115.0
2026-04-16 15:00:00,39.8,10,13.1,286,0.0,981.3,4285.0
2026-04-16 16:00:00,38.9,11,14.3,297,0.0,980.7,4125.0
2026-04-16 17:00:00,38.9,10,12.2,299,0.0,979.7,4155.0
2026-04-16 18:00:00,37.6,12,9.3,335,0.0,980.3,2060.0
2026-04-16 19:00:00,35.6,15,4.7,50,0.0,981.0,500.0
2026-04-16 20:00:00,34.0,18,8.4,109,0.0,982.2,275.0
2026-04-16 21:00:00,32.3,23,5.9,135,0.0,982.8,120.0
2026-04-16 22:00:00,30.2,29,3.7,119,0.0,982.9,85.0
2026-04-16 23:00:00,30.6,27,5.9,137,0.0,982.9,95.0
2026-04-17 00:00:00,29.4,28,5.8,154,0.0,982.6,85.0
2026-04-17 01:00:00,28.4,29,4.8,155,0.0,982.3,65.0
2026-04-17 02:00:00,28.1,31,3.1,173,0.0,982.0,55.0
2026-04-17 03:00:00,27.7,31,4.0,159,0.0,982.0,55.0
2026-04-17 04:00:00,26.9,32,2.7,262,0.0,982.2,40.0
2026-04-17 05:00:00,26.3,36,6.7,178,0.0,982.1,60.0
2026-04-17 06:00:00,27.9,31,5.0,136,0.0,983.1,70.0
2026-04-17 07:00:00,29.9,27,9.2,176,0.0,983.9,120.0
2026-04-17 08:00:00,33.1,22,6.8,191,0.0,985.0,240.0
2026-04-17 09:00:00,35.4,18,7.8,167,0.0,985.7,510.0
2026-04-17 10:00:00,37.1,16,9.2,178,0.0,985.9,850.0
2026-04-17 11:00:00,39.3,13,7.3,152,0.0,985.7,3485.0
2026-04-17 12:00:00,38.8,12,8.9,167,0.0,985.3,3060.0
2026-04-17 13:00:00,39.8,12,8.8,149,0.0,984.2,3525.0
2026-04-17 14:00:00,40.2,11,11.2,186,0.0,983.4,4095.0
2026-04-17 15:00:00,39.1,13,14.8,227,0.0,983.0,3905.0
2026-04-17 16:00:00,38.3,15,14.4,267,0.0,982.6,2925.0
2026-04-17 17:00:00,33.6,27,6.6,21,0.0,983.0,975.0
2026-04-17 18:00:00,32.8,28,12.9,51,0.0,983.1,495.0
2026-04-17 19:00:00,31.4,30,9.3,46,0.0,983.3,330.0
2026-04-17 20:00:00,30.5,30,8.4,9,0.0,983.9,275.0
2026-04-17 21:00:00,29.7,32,6.9,33,0.0,984.1,205.0
2026-04-17 22:00:00,29.1,32,5.0,75,0.0,983.4,130.0
2026-04-17 23:00:00,28.5,38,5.2,84,0.0,983.4,40.0
2026-04-18 00:00:00,27.7,39,5.7,156,0.0,982.8,40.0
2026-04-18 01:00:00,26.7,44,2.5,21,0.0,982.5,40.0
2026-04-18 02:00:00,26.8,43,0.9,270,0.0,982.1,35.0
2026-04-18 03:00:00,26.2,42,5.7,233,0.0,982.4,75.0
2026-04-18 04:00:00,25.2,45,4.8,257,0.0,982.2,85.0
2026-04-18 05:00:00,25.3,52,5.8,309,0.0,982.5,110.0
2026-04-18 06:00:00,25.0,55,5.7,319,0.0,983.2,135.0
2026-04-18 07:00:00,26.2,52,4.6,309,0.0,983.9,150.0
2026-04-18 08:00:00,29.0,44,4.3,303,0.0,984.6,220.0
2026-04-18 09:00:00,32.1,34,5.1,315,0.0,985.0,375.0
2026-04-18 10:00:00,34.9,27,5.7,314,0.0,985.0,645.0
2026-04-18 11:00:00,36.8,22,7.3,300,0.0,984.7,1545.0
2026-04-18 12:00:00,39.0,16,9.9,286,0.0,984.3,2010.0
2026-04-18 13:00:00,39.8,14,10.6,285,0.0,983.7,2955.0
2026-04-18 14:00:00,40.2,13,11.4,275,0.0,982.8,3185.0
2026-04-18 15:00:00,40.0,13,11.4,265,0.0,982.0,3195.0
2026-04-18 16:00:00,39.5,15,10.3,267,0.0,981.3,3130.0
2026-04-18 17:00:00,39.0,13,7.5,297,0.0,980.8,2550.0
2026-04-18 18:00:00,37.9,13,6.8,312,0.0,980.6,910.0
2026-04-18 19:00:00,35.8,15,5.0,322,0.0,981.2,370.0
2026-04-18 20:00:00,34.5,18,4.8,326,0.0,981.6,285.0
2026-04-18 21:00:00,33.3,21,4.2,324,0.0,982.1,165.0
2026-04-18 22:00:00,32.4,22,4.0,302,0.0,982.0,100.0
2026-04-18 23:00:00,32.5,23,2.8,215,0.0,982.1,45.0
2026-04-19 00:00:00,30.5,25,5.0,218,0.0,981.7,40.0
2026-04-19 01:00:00,29.5,26,4.7,270,0.0,981.2,35.0
2026-04-19 02:00:00,28.5,28,5.2,272,0.0,980.7,60.0
2026-04-19 03:00:00,27.4,31,5.2,276,0.0,980.5,60.0
2026-04-19 04:00:00,26.3,34,4.5,286,0.0,980.3,65.0
2026-04-19 05:00:00,26.0,43,5.5,302,0.0,980.4,80.0
2026-04-19 06:00:00,26.6,42,5.7,288,0.0,981.0,80.0
2026-04-19 07:00:00,28.2,38,4.9,306,0.0,981.6,75.0
2026-04-19 08:00:00,31.4,31,4.7,270,0.0,982.3,135.0
2026-04-19 09:00:00,34.3,26,6.3,275,0.0,983.2,320.0
2026-04-19 10:00:00,36.8,22,6.1,289,0.0,983.4,1020.0
2026-04-19 11:00:00,39.1,14,9.8,316,0.0,983.1,3320.0
2026-04-19 12:00:00,40.1,12,11.2,310,0.0,982.6,3730.0
2026-04-19 13:00:00,39.2,12,18.1,265,0.0,982.8,3650.0
2026-04-19 14:00:00,39.5,11,11.8,258,0.0,981.4,3225.0
2026-04-19 15:00:00,39.8,11,10.4,260,0.0,980.6,3600.0
2026-04-19 16:00:00,38.7,12,13.2,275,0.0,980.3,3700.0
2026-04-19 17:00:00,38.6,11,13.7,292,0.0,980.0,3415.0
2026-04-19 18:00:00,37.5,12,9.3,313,0.0,980.2,2095.0
2026-04-19 19:00:00,35.5,14,4.9,264,0.0,980.5,165.0
2026-04-19 20:00:00,34.1,16,4.5,275,0.0,980.6,70.0
2026-04-19 21:00:00,33.8,16,8.2,299,0.0,981.1,340.0
2026-04-19 22:00:00,32.7,17,11.2,332,0.0,981.4,445.0
2026-04-19 23:00:00,31.1,22,8.5,359,0.0,981.6,260.0
2026-04-20 00:00:00,30.2,25,7.2,348,0.0,981.0,225.0
2026-04-20 01:00:00,29.2,27,7.0,347,0.0,980.6,260.0
2026-04-20 02:00:00,28.1,30,5.3,325,0.0,980.4,225.0
2026-04-20 03:00:00,27.5,31,5.4,323,0.0,980.4,195.0
2026-04-20 04:00:00,26.7,33,5.2,331,0.0,980.4,165.0
2026-04-20 05:00:00,26.8,41,7.3,327,0.0,980.4,180.0
2026-04-20 06:00:00,27.0,42,8.0,320,0.0,981.2,210.0
2026-04-20 07:00:00,28.3,39,6.2,296,0.0,982.1,215.0
2026-04-20 08:00:00,30.4,35,6.0,307,0.0,982.9,250.0
2026-04-20 09:00:00,33.5,28,6.5,314,0.0,983.4,425.0
2026-04-20 10:00:00,36.4,19,9.8,310,0.0,983.6,1405.0
2026-04-20 11:00:00,38.0,15,10.7,295,0.0,983.0,3380.0
2026-04-20 12:00:00,39.2,13,11.9,293,0.0,982.4,3795.0
2026-04-20 13:00:00,39.6,11,15.6,281,0.0,981.8,3880.0
2026-04-20 14:00:00,38.9,11,16.1,277,0.0,980.9,3540.0
2026-04-20 15:00:00,38.9,10,15.9,275,0.0,980.2,3505.0
2026-04-20 16:00:00,38.4,11,15.5,275,0.0,979.8,3455.0
2026-04-20 17:00:00,37.8,12,16.5,286,0.0,979.5,3290.0
2026-04-20 18:00:00,36.5,14,14.2,291,0.0,980.0,2600.0
2026-04-20 19:00:00,34.8,15,12.2,294,0.0,980.7,815.0
2026-04-20 20:00:00,33.4,15,9.5,289,0.0,981.4,380.0
2026-04-20 21:00:00,31.9,16,8.0,293,0.0,981.6,230.0
2026-04-20 22:00:00,30.8,17,7.6,288,0.0,981.7,170.0
2026-04-20 23:00:00,30.1,17,7.4,302,0.0,981.6,295.0
2026-04-21 00:00:00,29.9,15,9.4,315,0.0,981.3,265.0
2026-04-21 01:00:00,28.8,16,6.9,309,0.0,981.2,185.0
2026-04-21 02:00:00,27.3,18,5.7,305,0.0,980.7,125.0
2026-04-21 03:00:00,26.7,19,5.6,303,0.0,980.6,110.0
2026-04-21 04:00:00,26.0,21,5.3,303,0.0,980.4,115.0
2026-04-21 05:00:00,26.2,26,5.4,304,0.0,980.3,130.0
2026-04-21 06:00:00,26.4,25,5.1,252,0.0,980.6,60.0
2026-04-21 07:00:00,27.9,24,7.9,259,0.0,981.7,125.0
2026-04-21 08:00:00,30.4,21,7.6,275,0.0,982.5,250.0
2026-04-21 09:00:00,33.1,19,7.9,283,0.0,983.0,460.0
2026-04-21 10:00:00,35.5,17,10.3,293,0.0,983.2,2015.0
2026-04-21 11:00:00,37.3,14,15.9,288,0.0,982.6,3210.0
2026-04-21 12:00:00,38.3,13,18.4,287,0.0,982.1,3415.0
2026-04-21 13:00:00,38.6,13,18.9,282,0.0,981.4,3420.0
2026-04-21 14:00:00,38.6,13,18.8,279,0.0,980.4,3390.0
2026-04-21 15:00:00,38.4,13,18.8,287,0.0,979.8,3395.0
2026-04-21 16:00:00,38.0,13,18.6,285,0.0,979.6,3415.0
2026-04-21 17:00:00,37.5,14,17.0,275,0.0,979.1,3270.0
2026-04-21 18:00:00,36.6,15,16.0,263,0.0,979.1,3055.0
2026-04-21 19:00:00,35.2,16,12.6,271,0.0,979.5,695.0
2026-04-21 20:00:00,34.0,18,10.3,295,0.0,980.0,440.0
2026-04-21 21:00:00,33.0,20,9.5,302,0.0,980.6,260.0
2026-04-21 22:00:00,32.3,21,6.8,287,0.0,980.4,160.0
2026-04-21 23:00:00,31.7,23,8.2,324,0.0,980.7,265.0
2026-04-22 00:00:00,29.4,28,4.8,331,0.0,980.4,145.0
2026-04-22 01:00:00,28.5,31,4.2,335,0.0,980.1,95.0
2026-04-22 02:00:00,28.3,30,4.6,329,0.0,979.7,85.0
2026-04-22 03:00:00,27.9,31,4.2,290,0.0,979.6,65.0
2026-04-22 04:00:00,27.2,30,5.6,268,0.0,979.6,75.0
2026-04-22 05:00:00,26.0,36,7.5,262,0.0,979.8,90.0
2026-04-22 06:00:00,26.1,36,6.9,261,0.0,980.4,85.0
2026-04-22 07:00:00,27.5,34,8.0,254,0.0,981.5,130.0
2026-04-22 08:00:00,30.1,29,8.9,264,0.0,982.4,280.0
2026-04-22 09:00:00,33.7,21,10.2,279,0.0,982.8,605.0
2026-04-22 10:00:00,36.4,17,12.3,285,0.0,982.8,1515.0
2026-04-22 11:00:00,38.1,14,14.6,280,0.0,982.5,2755.0
2026-04-22 12:00:00,39.4,12,16.4,285,0.0,982.0,3090.0
2026-04-22 13:00:00,40.0,11,16.7,286,0.0,981.2,3060.0
2026-04-22 14:00:00,40.3,11,16.3,290,0.0,980.2,3030.0
2026-04-22 15:00:00,40.3,11,15.9,288,0.0,979.5,3055.0
2026-04-22 16:00:00,39.8,11,15.9,286,0.0,979.0,2995.0
2026-04-22 17:00:00,39.5,12,14.3,293,0.0,978.3,3125.0
2026-04-22 18:00:00,38.1,13,8.6,300,0.0,978.6,1075.0
2026-04-22 19:00:00,36.2,15,7.3,320,0.0,979.0,440.0
2026-04-22 20:00:00,34.7,17,6.5,318,0.0,979.4,290.0
2026-04-22 21:00:00,33.8,18,6.6,325,0.0,979.8,230.0
2026-04-22 22:00:00,32.1,21,4.5,275,0.0,980.2,135.0
2026-04-22 23:00:00,31.5,22,7.2,242,0.0,980.3,100.0
2026-04-23 00:00:00,30.1,25,5.9,268,0.0,980.5,95.0
2026-04-23 01:00:00,29.1,26,6.5,272,0.0,980.5,105.0
2026-04-23 02:00:00,28.4,27,7.2,243,0.0,980.4,90.0
2026-04-23 03:00:00,27.9,27,9.7,243,0.0,980.7,130.0
2026-04-23 04:00:00,28.0,25,9.9,255,0.0,980.8,165.0
2026-04-23 05:00:00,28.2,22,11.8,249,0.0,981.1,225.0
2026-04-23 06:00:00,28.3,20,11.7,253,0.0,982.0,255.0
2026-04-23 07:00:00,29.5,18,10.0,253,0.0,982.7,290.0
2026-04-23 08:00:00,31.7,16,10.4,261,0.0,983.5,350.0
2026-04-23 09:00:00,34.1,15,11.0,272,0.0,984.0,455.0
2026-04-23 10:00:00,36.5,14,11.0,276,0.0,983.9,625.0
2026-04-23 11:00:00,38.5,13,12.6,272,0.0,983.5,1085.0
2026-04-23 12:00:00,40.0,12,11.6,265,0.0,982.8,3515.0
2026-04-23 13:00:00,40.9,11,9.0,264,0.0,981.7,3655.0
2026-04-23 14:00:00,41.2,11,8.3,272,0.0,980.7,3710.0
2026-04-23 15:00:00,41.0,11,9.6,273,0.0,979.8,3710.0
2026-04-23 16:00:00,40.4,11,10.7,275,0.0,979.1,3670.0
2026-04-23 17:00:00,39.4,12,10.4,288,0.0,978.7,3370.0
2026-04-23 18:00:00,38.3,14,8.3,276,0.0,979.1,880.0
2026-04-23 19:00:00,36.8,16,6.3,275,0.0,979.7,235.0
2026-04-23 20:00:00,35.1,18,6.1,238,0.0,980.1,135.0
2026-04-23 21:00:00,33.5,21,8.0,224,0.0,980.5,150.0
2026-04-23 22:00:00,32.5,21,5.3,242,0.0,980.2,105.0
2026-04-23 23:00:00,31.5,26,5.2,258,0.0,980.4,75.0
2026-04-24 00:00:00,30.3,27,4.4,277,0.0,980.2,65.0
2026-04-24 01:00:00,29.2,33,3.4,335,0.0,980.0,55.0
2026-04-24 02:00:00,29.3,29,8.0,252,0.0,979.9,60.0
2026-04-24 03:00:00,28.5,30,5.9,259,0.0,979.9,55.0
2026-04-24 04:00:00,28.3,30,7.7,249,0.0,980.2,70.0
2026-04-24 05:00:00,27.5,39,4.3,255,0.0,979.8,55.0
2026-04-24 06:00:00,28.4,31,7.4,241,0.0,980.7,90.0
2026-04-24 07:00:00,29.7,29,7.2,266,0.0,981.8,125.0
2026-04-24 08:00:00,31.9,27,6.1,256,0.0,982.3,170.0
2026-04-24 09:00:00,34.9,24,6.7,276,0.0,982.8,310.0
2026-04-24 10:00:00,37.7,20,5.9,284,0.0,982.7,575.0
2026-04-24 11:00:00,39.6,16,5.0,270,0.0,982.1,3300.0
2026-04-24 12:00:00,41.4,13,7.8,283,0.0,981.6,3590.0
2026-04-24 13:00:00,42.0,13,9.4,290,0.0,980.8,4165.0
2026-04-24 14:00:00,41.6,13,10.3,281,0.0,979.7,3995.0
2026-04-24 15:00:00,41.7,13,11.0,281,0.0,979.0,4160.0
2026-04-24 16:00:00,41.2,13,12.6,272,0.0,978.6,4010.0
2026-04-24 17:00:00,41.1,10,9.2,273,0.0,977.8,3690.0
2026-04-24 18:00:00,39.5,12,7.5,290,0.0,978.8,1095.0
2026-04-24 19:00:00,36.6,21,3.5,291,0.0,979.5,170.0
2026-04-24 20:00:00,36.0,23,1.1,342,0.0,980.2,75.0
2026-04-24 21:00:00,34.4,25,3.6,288,0.0,981.0,100.0
2026-04-24 22:00:00,33.5,21,7.0,282,0.0,981.6,165.0
2026-04-24 23:00:00,32.5,29,3.5,348,0.0,981.4,105.0
2026-04-25 00:00:00,31.8,32,4.7,344,0.0,981.3,120.0
2026-04-25 01:00:00,31.0,30,5.8,309,0.0,981.3,115.0
2026-04-25 02:00:00,30.2,29,5.5,302,0.0,981.4,100.0
2026-04-25 03:00:00,29.5,31,5.3,315,0.0,981.5,110.0
2026-04-25 04:00:00,29.1,33,5.0,314,0.0,981.5,80.0
2026-04-25 05:00:00,29.1,41,3.4,328,0.0,981.4,65.0
2026-04-25 06:00:00,29.9,37,3.9,307,0.0,982.3,90.0
2026-04-25 07:00:00,31.1,33,8.5,275,0.0,983.4,200.0
2026-04-25 08:00:00,32.9,30,7.7,286,0.0,984.0,270.0
2026-04-25 09:00:00,35.9,25,6.8,302,0.0,984.2,395.0
2026-04-25 10:00:00,38.9,20,8.1,317,0.0,984.1,1370.0
2026-04-25 11:00:00,40.8,14,10.4,321,0.0,983.8,3235.0
2026-04-25 12:00:00,41.9,13,11.7,317,0.0,983.2,3835.0
2026-04-25 13:00:00,42.3,12,14.2,308,0.0,982.1,4170.0
2026-04-25 14:00:00,42.1,13,15.4,306,0.0,981.2,4230.0
2026-04-25 15:00:00,41.7,12,17.9,298,0.0,980.8,4095.0
2026-04-25 16:00:00,41.5,13,17.8,286,0.0,980.5,4170.0
2026-04-25 17:00:00,41.1,13,16.1,280,0.0,979.3,3525.0
2026-04-25 18:00:00,39.4,14,14.4,286,0.0,979.9,1440.0
2026-04-25 19:00:00,37.9,16,11.0,288,0.0,980.6,810.0
2026-04-25 20:00:00,36.6,17,10.7,292,0.0,981.2,450.0
2026-04-25 21:00:00,35.1,19,7.6,298,0.0,981.7,255.0
2026-04-25 22:00:00,33.7,22,5.7,316,0.0,981.8,205.0
2026-04-25 23:00:00,33.3,25,5.7,347,0.0,981.9,260.0
2026-04-26 00:00:00,32.7,26,5.6,343,0.0,981.4,220.0
2026-04-26 01:00:00,31.9,29,5.5,322,0.0,981.1,215.0
2026-04-26 02:00:00,31.1,31,5.0,308,0.0,980.4,135.0
2026-04-26 03:00:00,30.4,32,5.5,289,0.0,980.4,110.0
2026-04-26 04:00:00,29.6,33,6.2,287,0.0,980.6,135.0
2026-04-26 05:00:00,28.8,38,5.7,288,0.0,980.4,100.0
2026-04-26 06:00:00,29.3,36,6.8,273,0.0,980.9,110.0
2026-04-26 07:00:00,30.6,34,6.9,264,0.0,981.7,155.0
2026-04-26 08:00:00,33.2,30,6.4,281,0.0,982.5,250.0
2026-04-26 09:00:00,36.0,26,7.3,300,0.0,982.7,555.0
2026-04-26 10:00:00,38.3,21,9.7,310,0.0,982.6,1465.0
2026-04-26 11:00:00,40.0,19,12.0,302,0.0,981.7,3075.0
2026-04-26 12:00:00,41.0,17,14.5,302,0.0,981.1,3765.0
2026-04-26 13:00:00,41.6,16,15.5,299,0.0,980.2,3910.0
2026-04-26 14:00:00,41.2,15,16.3,290,0.0,979.2,3885.0
2026-04-26 15:00:00,40.0,16,20.7,287,0.0,978.5,3630.0
2026-04-26 16:00:00,39.5,17,17.6,288,0.0,977.8,3130.0
2026-04-26 17:00:00,40.5,15,15.8,313,0.0,976.7,3775.0
2026-04-26 18:00:00,39.2,16,12.0,315,0.0,977.0,1710.0
2026-04-26 19:00:00,37.5,17,9.3,302,0.0,977.5,670.0
2026-04-26 20:00:00,36.5,18,9.4,294,0.0,978.0,415.0
2026-04-26 21:00:00,35.4,19,7.7,300,0.0,978.2,250.0
2026-04-26 22:00:00,34.5,20,7.2,321,0.0,978.3,210.0
2026-04-26 23:00:00,33.4,23,6.4,328,0.0,978.0,215.0
2026-04-27 00:00:00,31.7,26,5.2,333,0.0,978.1,185.0
2026-04-27 01:00:00,30.7,33,3.3,347,0.0,977.7,115.0
2026-04-27 02:00:00,30.1,33,3.5,336,0.0,977.6,95.0
2026-04-27 03:00:00,29.2,33,4.5,313,0.0,977.7,90.0
2026-04-27 04:00:00,28.6,36,4.1,315,0.0,977.7,75.0
2026-04-27 05:00:00,29.0,36,4.8,318,0.0,977.8,85.0
2026-04-27 06:00:00,29.9,31,4.4,322,0.0,978.3,90.0
2026-04-27 07:00:00,31.7,27,4.6,309,0.0,979.1,110.0
2026-04-27 08:00:00,34.1,23,4.6,315,0.0,979.5,270.0
2026-04-27 09:00:00,36.6,19,5.9,329,0.0,979.9,560.0
2026-04-27 10:00:00,38.8,15,7.3,322,0.0,979.6,1290.0
2026-04-27 11:00:00,39.9,15,9.0,317,0.0,979.1,2245.0
2026-04-27 12:00:00,41.3,14,10.4,306,0.0,978.4,2770.0
2026-04-27 13:00:00,42.1,14,12.9,298,0.0,977.5,3965.0
2026-04-27 14:00:00,42.2,14,15.0,293,0.0,976.3,4095.0
2026-04-27 15:00:00,41.8,14,18.3,289,0.0,975.4,3885.0
2026-04-27 16:00:00,41.2,13,19.8,290,0.0,975.0,3850.0
2026-04-27 17:00:00,40.6,12,14.2,311,0.0,974.5,2950.0
2026-04-27 18:00:00,39.6,13,10.7,279,0.0,974.7,1275.0
2026-04-27 19:00:00,38.3,14,11.0,271,0.0,975.3,515.0
2026-04-27 20:00:00,38.0,14,16.1,265,0.0,976.4,725.0
2026-04-27 21:00:00,33.6,26,21.6,270,0.0,978.0,695.0
2026-04-27 22:00:00,33.2,27,19.6,262,0.0,978.2,640.0
2026-04-27 23:00:00,32.6,28,13.8,244,0.0,977.4,395.0
2026-04-28 00:00:00,31.5,32,6.6,303,0.0,977.0,245.0
2026-04-28 01:00:00,31.0,33,7.7,271,0.0,977.4,250.0
2026-04-28 02:00:00,30.5,35,11.9,266,0.0,977.5,590.0
2026-04-28 03:00:00,30.3,35,12.4,306,0.0,977.7,670.0
2026-04-28 04:00:00,30.5,33,12.0,311,0.0,977.9,660.0
2026-04-28 05:00:00,29.7,39,7.7,321,0.0,977.4,255.0
2026-04-28 06:00:00,30.1,39,9.1,255,0.0,979.0,285.0
2026-04-28 07:00:00,30.7,38,8.9,256,0.0,980.3,585.0
2026-04-28 08:00:00,32.5,35,9.5,285,0.0,980.8,835.0
2026-04-28 09:00:00,34.5,31,8.6,334,0.0,980.5,1050.0
2026-04-28 10:00:00,36.4,26,8.6,358,0.0,980.5,1330.0
2026-04-28 11:00:00,37.0,25,9.7,51,0.0,979.8,1915.0
2026-04-28 12:00:00,36.1,27,7.5,21,0.0,979.7,1810.0
2026-04-28 13:00:00,36.6,26,3.7,321,0.0,979.4,2315.0
2026-04-28 14:00:00,37.1,24,2.4,167,0.0,978.4,2720.0
2026-04-28 15:00:00,36.4,24,5.2,270,0.0,978.3,2485.0
2026-04-28 16:00:00,35.3,26,6.2,229,0.0,977.5,1355.0
2026-04-28 17:00:00,35.9,25,4.6,318,0.0,976.2,815.0
2026-04-28 18:00:00,35.2,25,6.7,357,0.0,976.6,510.0
2026-04-28 19:00:00,33.8,28,4.6,69,0.0,976.8,225.0
2026-04-28 20:00:00,33.0,30,6.0,49,0.0,977.3,180.0
2026-04-28 21:00:00,32.3,32,6.2,64,0.0,977.6,205.0
2026-04-28 22:00:00,30.8,40,4.1,49,0.0,977.9,215.0
2026-04-28 23:00:00,30.8,40,9.0,84,0.0,977.2,195.0
2026-04-29 00:00:00,30.4,49,2.3,108,0.0,977.4,140.0
2026-04-29 01:00:00,30.6,43,11.5,29,0.0,977.3,325.0
2026-04-29 02:00:00,29.2,44,6.5,44,0.0,976.7,210.0
2026-04-29 03:00:00,28.3,50,2.3,180,0.0,977.0,70.0
2026-04-29 04:00:00,28.0,50,3.8,349,0.0,977.1,50.0
2026-04-29 05:00:00,27.6,58,10.9,294,0.0,978.9,240.0
2026-04-29 06:00:00,27.0,58,7.4,264,0.0,979.5,230.0
2026-04-29 07:00:00,27.9,55,4.2,126,0.0,978.9,85.0
2026-04-29 08:00:00,30.3,45,2.9,68,0.0,979.5,235.0
2026-04-29 09:00:00,31.4,39,6.1,45,0.0,979.9,390.0
2026-04-29 10:00:00,34.1,29,6.8,27,0.0,980.1,825.0
2026-04-29 11:00:00,33.7,29,9.1,108,0.0,980.2,1480.0
2026-04-29 12:00:00,35.3,24,7.2,109,0.0,979.7,2000.0
2026-04-29 13:00:00,36.3,22,4.4,128,0.0,978.9,2490.0
2026-04-29 14:00:00,37.0,21,2.1,110,0.0,977.7,2910.0
2026-04-29 15:00:00,37.1,21,0.9,259,0.0,977.0,3005.0
2026-04-29 16:00:00,37.1,21,3.5,258,0.0,976.3,3150.0
2026-04-29 17:00:00,34.6,25,6.0,100,0.0,976.5,1725.0
2026-04-29 18:00:00,33.8,27,8.2,82,0.0,976.3,780.0
2026-04-29 19:00:00,32.9,29,9.4,78,0.0,976.8,565.0
2026-04-29 20:00:00,31.9,31,8.3,88,0.0,977.1,315.0
2026-04-29 21:00:00,31.1,33,5.0,92,0.0,977.5,280.0
2026-04-29 22:00:00,30.2,36,4.6,121,0.0,977.7,180.0
2026-04-29 23:00:00,29.6,41,5.8,99,0.0,977.4,170.0
2026-04-30 00:00:00,28.5,48,3.6,123,0.0,977.4,110.0
2026-04-30 01:00:00,28.2,46,3.8,163,0.0,977.1,90.0
2026-04-30 02:00:00,27.8,50,3.5,145,0.0,977.1,75.0
2026-04-30 03:00:00,27.3,51,3.2,142,0.0,977.6,90.0
2026-04-30 04:00:00,26.9,51,3.6,189,0.0,978.3,100.0
2026-04-30 05:00:00,26.4,58,4.2,185,0.0,978.0,105.0
2026-04-30 06:00:00,27.6,51,6.6,171,0.0,978.9,125.0
2026-04-30 07:00:00,29.2,47,6.7,172,0.0,979.9,220.0
2026-04-30 08:00:00,32.0,40,6.7,166,0.0,980.1,435.0
2026-04-30 09:00:00,34.2,32,9.2,174,0.0,980.4,890.0
2026-04-30 10:00:00,35.5,28,8.5,176,0.0,980.2,1505.0
2026-04-30 11:00:00,35.9,19,6.1,135,0.0,980.4,3240.0
2026-04-30 12:00:00,37.7,17,9.1,212,0.0,980.1,3720.0
2026-04-30 13:00:00,37.2,17,6.3,143,0.0,979.5,3595.0
2026-04-30 14:00:00,35.2,26,11.4,93,0.5,978.8,1600.0
2026-04-30 15:00:00,34.4,27,12.6,91,0.4,978.6,1335.0
2026-04-30 16:00:00,34.5,23,10.4,126,0.0,978.4,1055.0
2026-04-30 17:00:00,31.4,41,13.8,84,0.0,976.7,495.0
2026-04-30 18:00:00,30.0,45,15.1,68,0.0,977.9,725.0
2026-04-30 19:00:00,29.2,47,15.1,68,0.0,979.3,745.0
2026-04-30 20:00:00,28.5,51,12.5,74,0.0,979.6,630.0
2026-04-30 21:00:00,28.2,53,10.3,94,0.0,980.3,555.0
2026-04-30 22:00:00,27.8,55,9.9,112,0.0,980.4,405.0
2026-04-30 23:00:00,25.4,61,8.7,146,0.0,980.4,305.0
2026-05-01 00:00:00,24.6,63,12.0,161,0.0,980.3,365.0
2026-05-01 01:00:00,24.2,63,12.3,170,0.0,980.0,355.0
2026-05-01 02:00:00,23.8,64,11.6,172,0.0,979.4,355.0
2026-05-01 03:00:00,23.4,66,9.9,155,0.0,979.3,330.0
2026-05-01 04:00:00,23.1,69,7.6,133,0.0,979.4,310.0
2026-05-01 05:00:00,23.3,71,10.1,115,0.0,979.5,365.0
2026-05-01 06:00:00,23.5,71,8.0,108,0.0,980.5,350.0
2026-05-01 07:00:00,24.5,68,8.0,96,0.0,981.4,410.0
2026-05-01 08:00:00,26.1,64,9.3,108,0.0,981.7,535.0
2026-05-01 09:00:00,28.1,57,10.2,108,0.0,981.8,645.0
2026-05-01 10:00:00,30.0,51,9.7,109,0.0,981.9,945.0
2026-05-01 11:00:00,31.5,45,9.2,110,0.0,981.3,1040.0
2026-05-01 12:00:00,33.4,39,8.1,102,0.0,980.9,1225.0
2026-05-01 13:00:00,34.6,36,6.6,99,0.0,980.0,1775.0
2026-05-01 14:00:00,35.6,32,3.8,85,0.0,978.9,2160.0
2026-05-01 15:00:00,36.1,29,2.4,42,0.0,977.6,2335.0
2026-05-01 16:00:00,36.6,25,5.1,328,0.0,976.8,2550.0
2026-05-01 17:00:00,33.7,33,9.8,113,0.0,977.1,1290.0
2026-05-01 18:00:00,33.0,34,9.2,106,0.0,977.3,855.0
2026-05-01 19:00:00,32.3,35,6.4,101,0.0,978.1,500.0
2026-05-01 20:00:00,31.6,37,8.3,104,0.0,977.7,410.0
2026-05-01 21:00:00,30.5,41,7.3,99,0.0,978.9,315.0
2026-05-01 22:00:00,29.5,44,6.6,99,0.0,979.2,270.0
2026-05-01 23:00:00,29.0,48,8.9,114,0.0,978.9,260.0
2026-05-02 00:00:00,28.5,49,8.9,114,0.0,978.5,240.0
2026-05-02 01:00:00,28.0,51,7.5,130,0.0,978.2,220.0
2026-05-02 02:00:00,27.4,53,7.0,134,0.0,978.0,190.0
2026-05-02 03:00:00,27.1,54,6.9,131,0.0,977.8,155.0
2026-05-02 04:00:00,26.9,52,6.5,134,0.0,977.4,145.0
2026-05-02 05:00:00,26.3,62,8.6,157,0.0,977.8,240.0
2026-05-02 06:00:00,27.0,60,3.5,152,0.0,978.7,220.0
2026-05-02 07:00:00,28.5,55,3.0,142,0.0,979.6,245.0
2026-05-02 08:00:00,30.6,49,5.1,138,0.0,979.7,435.0
2026-05-02 09:00:00,33.0,40,7.4,139,0.0,979.8,905.0
2026-05-02 10:00:00,34.7,35,5.5,128,0.0,979.9,1380.0
2026-05-02 11:00:00,35.7,31,7.2,109,0.0,979.7,2190.0
2026-05-02 12:00:00,36.1,30,11.0,89,0.0,979.5,2560.0
2026-05-02 13:00:00,34.7,38,10.6,88,1.5,978.8,1750.0
2026-05-02 14:00:00,33.5,38,7.5,156,0.8,977.7,1350.0
2026-05-02 15:00:00,34.9,32,6.1,192,0.0,976.3,1940.0
2026-05-02 16:00:00,35.4,30,6.5,204,0.0,975.5,2235.0
2026-05-02 17:00:00,34.1,31,14.5,120,0.0,974.7,685.0
2026-05-02 18:00:00,34.0,31,11.4,101,0.0,974.9,460.0
2026-05-02 19:00:00,32.8,33,13.7,120,0.0,975.0,395.0
2026-05-02 20:00:00,32.1,36,10.2,107,0.0,975.9,435.0
2026-05-02 21:00:00,31.3,38,6.7,88,0.0,977.4,400.0
2026-05-02 22:00:00,30.5,39,8.0,96,0.0,977.8,305.0
2026-05-02 23:00:00,30.9,41,10.4,163,0.0,977.4,445.0
2026-05-03 00:00:00,30.0,42,9.0,160,0.0,977.0,290.0
2026-05-03 01:00:00,28.6,46,5.2,166,0.0,976.8,165.0
2026-05-03 02:00:00,28.0,47,9.3,172,0.0,976.8,205.0
2026-05-03 03:00:00,27.4,46,8.9,162,0.0,976.5,180.0
2026-05-03 04:00:00,26.4,49,4.3,132,0.0,976.3,95.0
2026-05-03 05:00:00,25.8,55,9.8,118,0.0,976.9,195.0
2026-05-03 06:00:00,25.8,56,9.2,118,0.0,977.6,220.0
2026-05-03 07:00:00,27.0,54,11.5,124,0.0,978.0,305.0
2026-05-03 08:00:00,29.4,50,10.9,128,0.0,978.8,425.0
2026-05-03 09:00:00,32.0,43,10.7,131,0.0,979.4,655.0
2026-05-03 10:00:00,34.1,38,7.7,126,0.0,979.8,905.0
2026-05-03 11:00:00,34.8,32,11.8,70,0.0,980.4,1485.0
2026-05-03 12:00:00,34.6,31,14.2,66,0.0,981.0,1955.0
2026-05-03 13:00:00,32.5,37,15.1,78,0.0,980.9,1310.0
2026-05-03 14:00:00,33.3,39,15.9,100,0.0,979.9,1255.0
2026-05-03 15:00:00,34.5,33,15.3,108,0.0,979.0,1445.0
2026-05-03 16:00:00,33.4,36,15.8,111,0.0,978.0,1180.0
2026-05-03 17:00:00,33.2,39,15.7,107,0.0,977.6,1065.0
2026-05-03 18:00:00,32.5,44,13.8,99,0.0,977.8,940.0
2026-05-03 19:00:00,32.1,45,14.0,83,0.0,978.0,1050.0
2026-05-03 20:00:00,31.2,47,14.8,91,0.0,978.7,630.0
2026-05-03 21:00:00,30.3,50,14.9,105,0.0,979.3,595.0
2026-05-03 22:00:00,29.4,53,13.9,109,0.0,979.8,540.0
2026-05-03 23:00:00,28.9,54,12.8,273,0.0,980.9,495.0
2026-05-04 00:00:00,26.4,60,20.2,321,0.0,981.9,625.0
2026-05-04 01:00:00,24.1,73,16.2,339,0.0,982.1,365.0
2026-05-04 02:00:00,23.0,77,8.6,11,0.7,982.2,180.0
2026-05-04 03:00:00,22.6,78,13.5,95,0.6,980.4,140.0
2026-05-04 04:00:00,22.8,72,9.2,84,1.0,980.3,115.0
2026-05-04 05:00:00,21.8,89,7.2,93,1.6,982.7,270.0
2026-05-04 06:00:00,21.1,95,15.4,76,1.0,982.2,325.0
2026-05-04 07:00:00,21.0,88,19.6,87,0.5,979.9,330.0
2026-05-04 08:00:00,22.2,77,10.4,233,0.1,981.6,195.0
2026-05-04 09:00:00,24.5,63,6.7,82,0.0,983.0,375.0
2026-05-04 10:00:00,26.2,57,12.0,57,0.0,984.0,640.0
2026-05-04 11:00:00,26.9,59,15.0,100,0.0,984.1,925.0
2026-05-04 12:00:00,28.0,54,15.1,102,0.0,983.8,1135.0
2026-05-04 13:00:00,29.1,45,15.4,101,0.0,983.2,1205.0
2026-05-04 14:00:00,29.8,40,11.2,116,0.0,982.6,1470.0
2026-05-04 15:00:00,29.6,42,9.7,108,0.0,982.0,1560.0
2026-05-04 16:00:00,29.6,43,8.4,127,0.0,981.6,1515.0
2026-05-04 17:00:00,28.6,49,11.9,95,0.0,980.2,845.0
2026-05-04 18:00:00,27.8,55,8.7,94,0.0,980.7,755.0
2026-05-04 19:00:00,26.6,62,8.6,92,0.0,981.8,315.0
2026-05-04 20:00:00,26.1,62,10.2,122,0.0,981.9,325.0
2026-05-04 21:00:00,25.4,66,8.6,82,0.0,982.8,225.0
2026-05-04 22:00:00,24.9,70,8.3,72,0.0,983.6,205.0
2026-05-04 23:00:00,24.7,75,7.4,72,0.0,984.0,230.0
2026-05-05 00:00:00,24.0,79,7.5,163,0.0,983.8,190.0
2026-05-05 01:00:00,23.8,79,6.2,165,0.0,983.8,180.0
2026-05-05 02:00:00,23.6,84,0.6,18,0.0,983.2,25.0
2026-05-05 03:00:00,23.5,82,4.1,49,0.0,982.9,80.0
2026-05-05 04:00:00,22.7,85,9.0,78,0.0,983.2,175.0
2026-05-05 05:00:00,22.6,84,11.0,67,0.0,983.9,235.0
2026-05-05 06:00:00,22.9,83,9.2,79,0.0,984.3,280.0
2026-05-05 07:00:00,24.2,79,5.3,98,0.0,985.4,315.0
2026-05-05 08:00:00,25.9,73,6.2,57,0.0,986.3,570.0
2026-05-05 09:00:00,27.1,66,6.0,83,0.0,987.0,610.0
2026-05-05 10:00:00,27.9,62,4.6,101,0.0,987.2,780.0
2026-05-05 11:00:00,29.4,50,4.4,128,0.0,987.4,1385.0
2026-05-05 12:00:00,27.4,57,14.2,112,0.4,987.3,615.0
2026-05-05 13:00:00,27.5,55,6.7,121,0.0,986.9,550.0
2026-05-05 14:00:00,29.5,47,2.9,79,0.0,985.8,1345.0
2026-05-05 15:00:00,27.8,55,6.3,85,0.9,985.5,545.0
2026-05-05 16:00:00,27.6,57,7.6,117,0.0,984.9,705.0
2026-05-05 17:00:00,30.5,34,2.3,225,0.0,983.4,1690.0
2026-05-05 18:00:00,29.2,46,3.1,13,0.0,983.7,1750.0
2026-05-05 19:00:00,27.2,49,10.5,31,0.0,984.4,485.0
2026-05-05 20:00:00,26.0,58,5.0,71,0.0,984.6,180.0
2026-05-05 21:00:00,25.2,63,5.6,69,0.0,985.1,245.0
2026-05-05 22:00:00,24.5,71,3.6,81,0.0,985.2,145.0
2026-05-05 23:00:00,24.0,76,1.0,202,0.0,984.6,20.0
2026-05-06 00:00:00,23.7,79,1.0,239,0.0,984.0,20.0
2026-05-06 01:00:00,23.4,79,0.9,270,0.0,983.6,25.0
2026-05-06 02:00:00,23.0,80,2.2,312,0.0,983.4,60.0
2026-05-06 03:00:00,22.5,80,3.4,354,0.0,983.7,100.0
2026-05-06 04:00:00,21.9,83,3.2,3,0.0,983.6,90.0
2026-05-06 05:00:00,22.0,84,2.0,190,0.0,983.6,40.0
2026-05-06 06:00:00,23.2,78,3.1,239,0.0,984.6,60.0
2026-05-06 07:00:00,24.8,70,1.4,270,0.0,985.3,135.0
2026-05-06 08:00:00,27.0,58,1.0,301,0.0,985.6,385.0
2026-05-06 09:00:00,29.1,47,2.3,328,0.0,985.5,940.0
2026-05-06 10:00:00,30.9,36,3.7,346,0.0,985.3,1450.0
2026-05-06 11:00:00,31.8,32,4.8,22,0.0,985.1,2025.0
2026-05-06 12:00:00,32.9,28,5.4,21,0.0,984.5,2260.0
2026-05-06 13:00:00,33.7,26,5.2,16,0.0,983.3,2530.0
2026-05-06 14:00:00,34.3,23,5.4,2,0.0,982.1,2715.0
2026-05-06 15:00:00,34.7,22,5.2,326,0.0,981.1,2820.0
2026-05-06 16:00:00,34.5,22,7.5,287,0.0,980.5,2885.0
2026-05-06 17:00:00,34.1,21,9.8,265,0.0,980.1,2740.0
2026-05-06 18:00:00,33.5,22,8.8,255,0.0,980.2,2650.0
2026-05-06 19:00:00,31.9,26,1.3,56,0.0,980.6,255.0
2026-05-06 20:00:00,30.4,30,9.0,93,0.0,981.2,270.0
2026-05-06 21:00:00,28.6,38,8.8,125,0.0,981.7,200.0
2026-05-06 22:00:00,27.7,39,8.1,118,0.0,981.8,165.0
2026-05-06 23:00:00,27.2,46,10.9,73,0.0,981.4,285.0
2026-05-07 00:00:00,26.8,46,8.1,84,0.0,981.1,270.0
2026-05-07 01:00:00,26.0,49,9.2,84,0.0,981.1,240.0
2026-05-07 02:00:00,25.4,49,9.4,91,0.1,981.0,190.0
2026-05-07 03:00:00,24.5,52,12.1,123,0.0,981.7,255.0
2026-05-07 04:00:00,23.0,60,12.6,121,0.0,981.9,220.0
2026-05-07 05:00:00,23.7,60,9.4,144,0.0,981.8,295.0
2026-05-07 06:00:00,24.3,58,11.2,138,0.0,982.4,410.0
2026-05-07 07:00:00,25.2,57,11.6,126,0.0,983.2,430.0
2026-05-07 08:00:00,26.9,54,13.3,122,0.0,983.9,655.0
2026-05-07 09:00:00,28.1,49,16.0,105,0.0,984.7,910.0
2026-05-07 10:00:00,29.9,43,19.2,126,0.0,984.4,1090.0
2026-05-07 11:00:00,30.1,43,17.4,124,0.0,985.2,1555.0
2026-05-07 12:00:00,29.6,45,17.9,122,0.0,985.1,1490.0
2026-05-07 13:00:00,29.1,46,18.3,104,0.0,984.8,1345.0
2026-05-07 14:00:00,29.9,42,13.5,115,0.0,984.4,1355.0
2026-05-07 15:00:00,29.9,41,14.7,104,0.0,983.4,1325.0
2026-05-07 16:00:00,29.9,41,14.3,124,0.0,983.2,1290.0
2026-05-07 17:00:00,30.5,36,15.1,115,0.0,982.5,1260.0
2026-05-07 18:00:00,29.5,39,12.0,106,0.0,983.0,1110.0
2026-05-07 19:00:00,27.7,46,12.6,88,0.0,983.5,555.0
2026-05-07 20:00:00,26.5,53,12.3,93,0.0,984.1,515.0
2026-05-07 21:00:00,25.7,60,12.1,95,0.0,984.5,465.0
2026-05-07 22:00:00,25.1,63,11.0,104,0.0,984.3,405.0
2026-05-07 23:00:00,24.8,68,11.3,110,0.0,984.1,385.0
2026-05-08 00:00:00,24.0,73,9.2,118,0.0,983.7,320.0
2026-05-08 01:00:00,23.5,76,8.9,117,0.0,983.0,265.0
2026-05-08 02:00:00,23.0,79,9.2,106,0.0,982.9,250.0
2026-05-08 03:00:00,22.5,84,9.0,106,0.0,982.9,260.0
2026-05-08 04:00:00,22.1,86,8.5,102,0.0,983.3,250.0
2026-05-08 05:00:00,22.2,87,10.5,121,0.0,983.9,295.0
2026-05-08 06:00:00,22.7,84,9.7,105,0.0,984.3,345.0
2026-05-08 07:00:00,24.2,76,9.8,120,0.0,985.0,430.0
2026-05-08 08:00:00,26.4,64,11.0,124,0.0,985.4,600.0
2026-05-08 09:00:00,28.7,54,12.3,120,0.0,985.8,845.0
2026-05-08 10:00:00,30.6,45,13.3,117,0.0,985.8,1180.0
2026-05-08 11:00:00,32.0,38,14.5,120,0.0,985.2,1450.0
2026-05-08 12:00:00,33.2,34,13.6,114,0.0,984.8,1675.0
2026-05-08 13:00:00,34.0,31,12.6,114,0.0,984.2,1880.0
2026-05-08 14:00:00,34.4,30,10.7,110,0.0,983.4,2050.0
2026-05-08 15:00:00,34.3,30,9.9,92,0.0,982.7,2135.0
2026-05-08 16:00:00,31.1,40,11.3,42,0.4,983.7,560.0
2026-05-08 17:00:00,32.7,32,10.4,92,0.0,982.3,1790.0
2026-05-08 18:00:00,31.7,34,11.7,79,0.0,982.5,1295.0
2026-05-08 19:00:00,30.6,38,9.7,79,0.0,983.2,630.0
2026-05-08 20:00:00,29.7,41,8.7,83,0.0,983.5,350.0
2026-05-08 21:00:00,28.7,45,8.5,85,0.0,983.9,275.0
2026-05-08 22:00:00,28.0,48,7.8,83,0.0,984.1,220.0
2026-05-08 23:00:00,27.5,52,7.1,100,0.0,983.7,160.0
2026-05-09 00:00:00,27.3,53,6.5,92,0.0,983.2,155.0
2026-05-09 01:00:00,26.6,57,7.5,98,0.0,983.0,175.0
2026-05-09 02:00:00,25.9,59,8.0,99,0.0,983.1,190.0
2026-05-09 03:00:00,25.3,61,7.8,97,0.0,983.3,190.0
2026-05-09 04:00:00,24.8,63,7.2,108,0.0,983.7,195.0
2026-05-09 05:00:00,24.8,68,7.2,102,0.0,984.0,205.0
2026-05-09 06:00:00,25.3,65,6.5,95,0.0,984.6,210.0
2026-05-09 07:00:00,26.6,59,6.7,92,0.0,985.3,265.0
2026-05-09 08:00:00,28.7,52,7.4,94,0.0,985.8,440.0
2026-05-09 09:00:00,30.8,45,8.4,105,0.0,986.1,940.0
2026-05-09 10:00:00,32.6,38,8.7,112,0.0,985.8,1760.0
2026-05-09 11:00:00,33.5,34,9.2,107,0.0,985.3,2055.0
2026-05-09 12:00:00,34.7,32,8.3,103,0.0,984.9,2200.0
2026-05-09 13:00:00,35.3,30,7.1,97,0.0,984.2,2315.0
2026-05-09 14:00:00,35.5,29,7.3,97,0.0,983.3,2455.0
2026-05-09 15:00:00,35.5,28,6.7,82,0.0,982.6,2505.0
2026-05-09 16:00:00,35.3,28,7.5,66,0.0,982.2,2625.0
2026-05-09 17:00:00,34.5,30,8.9,82,0.0,981.7,2205.0
2026-05-09 18:00:00,33.4,33,11.9,75,0.0,982.2,1605.0
2026-05-09 19:00:00,32.2,37,9.9,61,0.0,982.7,710.0
2026-05-09 20:00:00,31.0,43,9.0,70,0.0,983.0,420.0
2026-05-09 21:00:00,30.0,48,9.4,91,0.0,983.6,310.0
2026-05-09 22:00:00,29.2,50,6.8,107,0.0,983.7,225.0
2026-05-09 23:00:00,28.8,54,7.3,130,0.0,983.7,220.0
2026-05-10 00:00:00,28.3,56,5.5,117,0.0,983.3,205.0
2026-05-10 01:00:00,27.7,58,5.6,130,0.0,982.8,145.0
2026-05-10 02:00:00,27.2,59,5.6,140,0.0,982.5,140.0
2026-05-10 03:00:00,26.9,59,6.1,133,0.0,982.8,135.0
2026-05-10 04:00:00,26.5,59,6.9,127,0.0,983.2,145.0
2026-05-10 05:00:00,26.3,63,7.7,139,0.0,983.6,235.0
2026-05-10 06:00:00,26.9,60,6.9,118,0.0,984.7,255.0
2026-05-10 07:00:00,28.1,55,6.9,123,0.0,985.4,295.0
2026-05-10 08:00:00,30.2,49,5.8,126,0.0,985.9,560.0
2026-05-10 09:00:00,32.4,40,8.1,133,0.0,986.3,1395.0
2026-05-10 10:00:00,33.8,35,10.1,125,0.0,985.7,1745.0
2026-05-10 11:00:00,34.8,34,11.7,117,0.0,985.1,2230.0
2026-05-10 12:00:00,35.8,31,9.3,118,0.0,984.5,2490.0
2026-05-10 13:00:00,36.7,28,6.4,126,0.0,983.7,2680.0
2026-05-10 14:00:00,37.2,26,6.6,145,0.0,982.4,2860.0
2026-05-10 15:00:00,37.3,24,8.3,138,0.0,981.4,2870.0
2026-05-10 16:00:00,36.9,26,6.7,128,0.0,980.8,2900.0
2026-05-10 17:00:00,35.4,29,9.6,98,0.0,980.5,2170.0
2026-05-10 18:00:00,34.1,32,12.2,82,0.0,980.9,1360.0
2026-05-10 19:00:00,32.5,37,11.6,66,0.0,981.4,775.0
2026-05-10 20:00:00,31.6,39,8.3,85,0.0,981.9,355.0
2026-05-10 21:00:00,30.8,41,7.9,103,0.0,982.6,340.0
2026-05-10 22:00:00,30.0,43,8.5,95,0.0,982.7,315.0
2026-05-10 23:00:00,29.9,46,8.5,102,0.0,982.8,250.0
2026-05-11 00:00:00,29.8,47,8.7,107,0.0,982.8,265.0
2026-05-11 01:00:00,29.3,49,7.8,98,0.0,982.6,265.0
2026-05-11 02:00:00,28.7,51,8.4,110,0.0,982.4,245.0
2026-05-11 03:00:00,28.2,52,8.0,108,0.0,982.6,225.0
2026-05-11 04:00:00,27.8,53,7.2,108,0.0,983.2,205.0
2026-05-11 05:00:00,27.3,57,8.8,123,0.0,983.8,295.0
2026-05-11 06:00:00,27.8,56,8.3,106,0.0,984.5,305.0
2026-05-11 07:00:00,29.0,52,9.2,111,0.0,984.9,375.0
2026-05-11 08:00:00,30.9,47,10.0,120,0.0,985.3,615.0
2026-05-11 09:00:00,33.1,40,6.8,125,0.0,985.9,1175.0
2026-05-11 10:00:00,34.7,35,7.3,138,0.0,985.7,1820.0
2026-05-11 11:00:00,34.4,34,4.2,170,0.0,985.3,1975.0
2026-05-11 12:00:00,35.2,33,7.6,128,0.0,984.0,1675.0
2026-05-11 13:00:00,36.1,31,7.4,133,0.0,983.0,1970.0
2026-05-11 14:00:00,37.0,29,7.4,141,0.0,981.9,1980.0
2026-05-11 15:00:00,37.4,28,4.6,149,0.0,981.1,2310.0
2026-05-11 16:00:00,37.7,27,1.1,162,0.0,980.8,2655.0
2026-05-11 17:00:00,36.7,30,3.8,335,0.0,980.8,2405.0
2026-05-11 18:00:00,36.3,31,2.4,347,0.0,980.4,2105.0
2026-05-11 19:00:00,35.1,33,3.7,35,0.0,980.8,485.0
2026-05-11 20:00:00,33.9,37,7.0,80,0.0,981.1,460.0
2026-05-11 21:00:00,32.6,42,7.2,102,0.0,981.5,270.0
2026-05-11 22:00:00,31.6,45,6.8,108,0.0,981.6,210.0
2026-05-11 23:00:00,30.9,49,9.9,123,0.0,980.8,275.0
2026-05-12 00:00:00,30.3,51,8.9,115,0.0,980.4,285.0
2026-05-12 01:00:00,29.9,51,8.5,117,0.0,980.4,280.0
2026-05-12 02:00:00,29.5,51,8.5,122,0.0,980.2,240.0
2026-05-12 03:00:00,29.1,52,7.5,130,0.0,980.4,210.0
2026-05-12 04:00:00,28.8,53,7.7,143,0.0,980.6,205.0
2026-05-12 05:00:00,28.1,61,8.7,120,0.0,981.0,330.0
2026-05-12 06:00:00,28.5,59,9.0,120,0.0,981.5,385.0
2026-05-12 07:00:00,29.7,54,11.0,128,0.0,981.7,440.0
2026-05-12 08:00:00,31.6,46,11.8,140,0.0,982.1,610.0
2026-05-12 09:00:00,31.3,50,17.3,31,1.0,983.9,635.0
2026-05-12 10:00:00,27.9,68,15.3,128,5.5,982.8,270.0
2026-05-12 11:00:00,37.1,30,15.7,132,0.0,981.7,1720.0
2026-05-12 12:00:00,38.1,28,14.8,138,0.0,980.8,2090.0
2026-05-12 13:00:00,38.6,27,13.1,143,0.0,979.8,2185.0
2026-05-12 14:00:00,38.8,26,11.2,136,0.0,978.9,2760.0
2026-05-12 15:00:00,38.0,27,8.9,144,0.0,978.5,2535.0
2026-05-12 16:00:00,36.9,30,8.7,76,0.3,978.4,2650.0
2026-05-12 17:00:00,35.6,34,14.2,116,0.2,977.3,1045.0
2026-05-12 18:00:00,34.2,38,13.2,104,0.0,977.5,850.0
2026-05-12 19:00:00,33.0,43,9.6,81,0.0,977.9,525.0
2026-05-12 20:00:00,32.0,49,8.3,85,0.0,978.6,365.0
2026-05-12 21:00:00,31.1,53,8.9,65,0.0,979.1,320.0
2026-05-12 22:00:00,30.4,55,7.3,70,0.0,979.3,250.0
2026-05-12 23:00:00,30.0,57,8.4,109,0.0,979.5,225.0
2026-05-13 00:00:00,29.2,59,8.3,91,0.0,978.7,205.0
2026-05-13 01:00:00,28.2,61,8.7,103,0.0,978.2,235.0
2026-05-13 02:00:00,27.5,63,8.6,121,0.0,978.0,230.0
2026-05-13 03:00:00,27.0,64,7.8,127,0.0,978.4,245.0
2026-05-13 04:00:00,26.8,65,6.5,84,0.0,978.8,215.0
2026-05-13 05:00:00,26.7,69,10.1,114,0.0,979.0,315.0
2026-05-13 06:00:00,26.8,70,7.8,116,0.0,979.5,305.0
2026-05-13 07:00:00,28.2,65,8.5,102,0.0,980.2,320.0
2026-05-13 08:00:00,30.4,58,9.1,82,0.0,980.8,395.0
2026-05-13 09:00:00,32.7,49,9.6,86,0.0,981.1,485.0
2026-05-13 10:00:00,35.1,41,8.5,114,0.0,980.7,765.0
2026-05-13 11:00:00,36.1,33,11.3,136,0.0,980.7,955.0
2026-05-13 12:00:00,36.7,32,7.5,117,0.0,979.7,1185.0
2026-05-13 13:00:00,37.7,29,6.2,116,0.0,978.6,1395.0
2026-05-13 14:00:00,38.3,27,5.3,128,0.0,977.0,1815.0
2026-05-13 15:00:00,38.7,25,3.0,155,0.0,976.3,2310.0
2026-05-13 16:00:00,39.1,23,6.9,275,0.0,976.3,3835.0
2026-05-13 17:00:00,37.8,31,7.9,135,0.3,974.4,1180.0
2026-05-13 18:00:00,36.4,35,5.4,143,0.0,975.1,755.0
2026-05-13 19:00:00,35.4,39,3.9,156,0.0,975.7,230.0
2026-05-13 20:00:00,34.7,46,2.0,153,0.0,976.9,155.0
2026-05-13 21:00:00,34.0,47,0.6,146,0.0,977.6,190.0
2026-05-13 22:00:00,33.5,49,0.5,45,0.0,977.5,175.0
2026-05-13 23:00:00,29.0,58,11.7,36,0.0,978.4,450.0
2026-05-14 00:00:00,28.1,59,7.9,47,0.0,977.2,280.0
2026-05-14 01:00:00,27.8,56,4.4,58,0.0,976.4,210.0
2026-05-14 02:00:00,27.6,61,1.1,171,0.0,976.1,55.0
2026-05-14 03:00:00,27.5,58,3.2,214,0.0,976.0,60.0
2026-05-14 04:00:00,27.2,57,7.4,209,0.0,976.4,100.0
2026-05-14 05:00:00,25.9,68,10.3,202,0.0,976.6,150.0
2026-05-14 06:00:00,26.3,64,6.2,224,0.0,977.9,210.0
2026-05-14 07:00:00,28.2,53,5.5,221,0.0,978.3,240.0
2026-05-14 08:00:00,31.0,43,5.5,218,0.0,978.8,360.0
2026-05-14 09:00:00,33.8,34,6.2,224,0.0,979.3,680.0
2026-05-14 10:00:00,36.0,28,4.7,230,0.0,979.9,1070.0
2026-05-14 11:00:00,37.6,24,3.0,163,0.0,979.8,1610.0
2026-05-14 12:00:00,38.7,22,2.2,138,0.0,979.2,2215.0
2026-05-14 13:00:00,39.3,21,2.9,191,0.0,978.4,3225.0
2026-05-14 14:00:00,39.0,20,6.4,212,0.2,977.4,2815.0
2026-05-14 15:00:00,39.4,18,7.7,323,0.0,976.6,2970.0
2026-05-14 16:00:00,39.1,18,8.7,326,0.0,975.8,2650.0
2026-05-14 17:00:00,38.5,24,9.0,100,0.0,974.7,2295.0
2026-05-14 18:00:00,37.2,27,9.0,96,0.0,975.2,1275.0
2026-05-14 19:00:00,35.6,33,8.8,95,0.0,975.9,690.0
2026-05-14 20:00:00,34.7,37,7.9,73,0.0,976.4,500.0
2026-05-14 21:00:00,34.1,38,5.9,79,0.0,977.1,335.0
2026-05-14 22:00:00,33.4,41,3.7,119,0.0,977.6,165.0
2026-05-14 23:00:00,32.6,45,15.4,238,0.0,978.3,945.0
2026-05-15 00:00:00,31.4,39,13.9,283,0.0,978.1,640.0
2026-05-15 01:00:00,30.0,49,12.5,323,0.0,978.5,555.0
2026-05-15 02:00:00,29.8,50,12.3,329,0.0,978.3,635.0
2026-05-15 03:00:00,29.1,48,10.8,349,0.0,977.6,450.0
2026-05-15 04:00:00,28.6,49,8.2,351,0.0,977.4,415.0
2026-05-15 05:00:00,29.4,45,6.5,96,0.0,976.8,290.0
2026-05-15 06:00:00,29.5,45,7.2,243,0.0,977.9,190.0
2026-05-15 07:00:00,31.0,40,6.2,232,0.0,978.7,260.0
2026-05-15 08:00:00,33.0,33,3.7,203,0.0,979.3,490.0
2026-05-15 09:00:00,35.1,26,3.3,216,0.0,980.0,1250.0
2026-05-15 10:00:00,36.7,23,5.1,228,0.0,980.3,1885.0
2026-05-15 11:00:00,38.1,21,9.0,215,0.0,980.3,2700.0
2026-05-15 12:00:00,39.1,18,10.9,253,0.0,979.7,3510.0
2026-05-15 13:00:00,39.4,17,13.3,279,0.0,978.8,3625.0
2026-05-15 14:00:00,40.0,16,14.3,298,0.0,977.6,3680.0
2026-05-15 15:00:00,39.9,15,16.0,306,0.0,977.0,3610.0
2026-05-15 16:00:00,39.0,16,16.8,308,0.0,976.4,3190.0
2026-05-15 17:00:00,38.6,18,13.2,325,0.0,976.2,2490.0
2026-05-15 18:00:00,37.4,19,10.9,348,0.0,976.4,2300.0
2026-05-15 19:00:00,36.1,23,7.8,26,0.0,976.9,1210.0
2026-05-15 20:00:00,34.8,29,6.3,51,0.0,977.5,430.0
2026-05-15 21:00:00,33.7,34,2.8,35,0.0,978.1,215.0
2026-05-15 22:00:00,33.3,33,4.7,16,0.0,978.5,320.0
2026-05-15 23:00:00,32.6,39,3.8,3,0.0,978.3,330.0
2026-05-16 00:00:00,31.5,44,2.9,338,0.0,978.0,215.0
2026-05-16 01:00:00,31.0,44,3.2,313,0.0,977.9,200.0
2026-05-16 02:00:00,30.3,43,4.0,306,0.0,977.9,235.0
2026-05-16 03:00:00,29.6,43,3.9,292,0.0,978.1,170.0
2026-05-16 04:00:00,29.1,43,5.0,305,0.0,978.5,195.0
2026-05-16 05:00:00,29.0,47,2.7,337,0.0,978.7,130.0
2026-05-16 06:00:00,29.7,44,2.6,348,0.0,979.3,180.0
2026-05-16 07:00:00,30.9,40,3.8,352,0.0,979.9,315.0
2026-05-16 08:00:00,32.6,36,4.4,333,0.0,980.4,510.0
2026-05-16 09:00:00,34.6,31,5.5,306,0.0,980.9,740.0
2026-05-16 10:00:00,36.5,27,7.2,298,0.0,980.8,1140.0
2026-05-16 11:00:00,39.2,20,7.7,288,0.0,980.6,3600.0
2026-05-16 12:00:00,40.3,16,12.0,305,0.0,980.0,3895.0
2026-05-16 13:00:00,40.3,15,14.7,306,0.0,979.4,3740.0
2026-05-16 14:00:00,40.4,15,14.5,304,0.0,978.7,3720.0
2026-05-16 15:00:00,40.0,16,16.5,306,0.0,978.0,3605.0
2026-05-16 16:00:00,39.4,16,16.6,311,0.0,977.5,3275.0
2026-05-16 17:00:00,39.7,15,17.1,318,0.0,977.1,3415.0
2026-05-16 18:00:00,38.6,17,16.6,323,0.0,977.6,3005.0
2026-05-16 19:00:00,37.3,19,14.7,327,0.0,978.2,1655.0
2026-05-16 20:00:00,36.7,20,11.3,327,0.0,978.7,1415.0
2026-05-16 21:00:00,35.7,22,8.3,330,0.0,979.3,795.0
2026-05-16 22:00:00,34.4,25,6.4,315,0.0,979.3,435.0
2026-05-16 23:00:00,34.1,28,5.3,315,0.0,979.0,430.0
2026-05-17 00:00:00,32.8,31,4.2,306,0.0,978.4,245.0
2026-05-17 01:00:00,32.1,32,4.4,291,0.0,978.0,175.0
2026-05-17 02:00:00,31.4,33,4.5,304,0.0,978.2,180.0
2026-05-17 03:00:00,30.7,35,4.5,293,0.0,978.3,165.0
2026-05-17 04:00:00,29.9,37,4.9,287,0.0,978.6,155.0
2026-05-17 05:00:00,30.1,38,5.0,289,0.0,978.7,170.0
2026-05-17 06:00:00,30.4,38,6.9,298,0.0,979.5,230.0
2026-05-17 07:00:00,31.6,36,6.5,294,0.0,980.3,345.0
2026-05-17 08:00:00,33.5,33,7.3,300,0.0,980.8,505.0
2026-05-17 09:00:00,35.9,28,7.6,297,0.0,981.0,1205.0
2026-05-17 10:00:00,37.8,24,10.8,291,0.0,980.8,2050.0
2026-05-17 11:00:00,40.1,21,13.5,280,0.0,980.1,2865.0
2026-05-17 12:00:00,40.8,20,18.0,290,0.0,979.7,3485.0
2026-05-17 13:00:00,41.0,20,18.5,298,0.0,978.9,3545.0
2026-05-17 14:00:00,41.2,20,18.2,291,0.0,977.9,3720.0
2026-05-17 15:00:00,41.3,20,19.3,295,0.1,977.0,3795.0
2026-05-17 16:00:00,40.6,19,20.0,301,0.0,976.4,3430.0
2026-05-17 17:00:00,40.9,16,21.5,307,0.0,976.1,3455.0
2026-05-17 18:00:00,40.1,17,18.3,305,0.0,976.1,3215.0
2026-05-17 19:00:00,39.3,19,13.9,314,0.0,976.1,2885.0
2026-05-17 20:00:00,38.2,21,12.4,332,0.0,976.5,1465.0
2026-05-17 21:00:00,37.2,22,11.1,331,0.0,976.8,1000.0
2026-05-17 22:00:00,36.1,23,8.5,325,0.0,977.1,675.0
2026-05-17 23:00:00,35.7,24,8.2,331,0.0,976.8,640.0
2026-05-18 00:00:00,34.3,25,6.7,329,0.0,976.0,455.0
2026-05-18 01:00:00,33.2,27,5.0,308,0.0,975.4,305.0
2026-05-18 02:00:00,32.2,29,5.4,274,0.0,975.3,205.0
2026-05-18 03:00:00,31.1,32,6.3,263,0.0,975.3,160.0
2026-05-18 04:00:00,30.2,35,6.7,261,0.0,975.7,150.0
2026-05-18 05:00:00,30.0,40,7.6,275,0.0,975.9,210.0
2026-05-18 06:00:00,30.1,41,7.1,277,0.0,976.6,220.0
2026-05-18 07:00:00,31.5,40,6.9,277,0.0,977.6,310.0
2026-05-18 08:00:00,33.6,37,8.0,278,0.0,978.4,500.0
2026-05-18 09:00:00,35.8,33,8.4,281,0.0,978.7,915.0
2026-05-18 10:00:00,37.9,27,9.9,285,0.0,979.1,1470.0
2026-05-18 11:00:00,40.1,23,12.1,280,0.0,978.6,2535.0
2026-05-18 12:00:00,41.2,21,13.2,292,0.0,978.1,2860.0
2026-05-18 13:00:00,41.8,21,15.1,299,0.0,977.2,3085.0
2026-05-18 14:00:00,42.3,20,16.5,303,0.0,976.4,3190.0
2026-05-18 15:00:00,42.5,20,17.2,302,0.0,975.9,3145.0
2026-05-18 16:00:00,42.8,17,18.6,303,0.0,975.3,3790.0
2026-05-18 17:00:00,43.3,14,17.5,307,0.0,974.8,3545.0
2026-05-18 18:00:00,42.4,15,13.5,297,0.0,974.8,3540.0
2026-05-18 19:00:00,40.8,17,11.3,283,0.0,975.0,975.0
2026-05-18 20:00:00,39.3,18,10.9,287,0.0,975.5,485.0
2026-05-18 21:00:00,38.2,18,9.3,292,0.0,975.9,345.0
2026-05-18 22:00:00,38.0,18,10.0,309,0.0,975.9,350.0
2026-05-18 23:00:00,37.8,19,8.6,306,0.0,975.6,395.0
2026-05-19 00:00:00,35.2,23,7.4,264,0.0,975.5,240.0
2026-05-19 01:00:00,33.8,26,5.7,279,0.0,975.2,155.0
2026-05-19 02:00:00,32.8,28,6.0,267,0.0,975.4,125.0
2026-05-19 03:00:00,31.8,29,8.3,250,0.0,975.8,140.0
2026-05-19 04:00:00,31.1,30,7.2,257,0.0,976.2,115.0
2026-05-19 05:00:00,31.6,30,6.6,259,0.0,976.5,105.0
2026-05-19 06:00:00,31.8,29,8.1,265,0.0,977.5,135.0
2026-05-19 07:00:00,33.5,27,8.1,264,0.0,978.6,215.0
2026-05-19 08:00:00,35.8,23,9.6,283,0.0,979.4,320.0
2026-05-19 09:00:00,38.6,19,10.5,299,0.0,979.9,995.0
2026-05-19 10:00:00,41.0,13,13.9,310,0.0,980.1,1725.0
2026-05-19 11:00:00,43.3,11,16.1,307,0.0,979.7,3865.0
2026-05-19 12:00:00,44.0,10,15.6,301,0.0,979.1,4185.0
2026-05-19 13:00:00,44.4,9,14.0,294,0.0,978.3,4325.0
2026-05-19 14:00:00,44.4,10,14.2,288,0.0,977.4,4420.0
2026-05-19 15:00:00,44.1,11,15.2,284,0.0,976.9,4330.0
2026-05-19 16:00:00,43.3,11,15.5,279,0.0,976.4,4065.0
2026-05-19 17:00:00,43.3,11,15.3,274,0.0,975.9,4060.0
2026-05-19 18:00:00,42.0,12,11.1,279,0.0,975.9,3500.0
2026-05-19 19:00:00,40.3,15,5.6,310,0.0,976.3,485.0
2026-05-19 20:00:00,39.1,16,5.9,310,0.0,976.7,430.0
2026-05-19 21:00:00,38.4,16,8.0,286,0.0,977.1,380.0
2026-05-19 22:00:00,38.3,15,10.4,280,0.0,977.2,370.0
2026-05-19 23:00:00,36.4,19,9.7,239,0.0,977.6,235.0
2026-05-20 00:00:00,35.1,22,8.1,269,0.0,977.1,235.0
2026-05-20 01:00:00,33.9,23,6.6,279,0.0,976.6,215.0
2026-05-20 02:00:00,33.1,24,6.7,278,0.0,976.4,220.0
2026-05-20 03:00:00,32.6,23,8.8,281,0.0,976.4,225.0
2026-05-20 04:00:00,32.1,23,8.7,284,0.0,976.7,230.0
2026-05-20 05:00:00,32.4,24,9.9,275,0.0,977.1,220.0
2026-05-20 06:00:00,32.2,26,9.4,277,0.0,977.8,240.0
2026-05-20 07:00:00,33.5,26,9.4,294,0.0,978.3,360.0
2026-05-20 08:00:00,35.6,25,10.2,293,0.0,978.7,410.0
2026-05-20 09:00:00,37.9,24,10.6,294,0.0,978.9,650.0
2026-05-20 10:00:00,40.1,22,11.6,298,0.0,978.7,1085.0
2026-05-20 11:00:00,42.2,18,11.4,291,0.0,978.2,3810.0
2026-05-20 12:00:00,42.7,16,10.6,274,0.0,977.8,3670.0
2026-05-20 13:00:00,43.3,14,9.5,261,0.0,976.8,3860.0
2026-05-20 14:00:00,43.6,14,10.9,263,0.0,976.0,4020.0
2026-05-20 15:00:00,43.4,14,11.0,267,0.0,975.2,3845.0
2026-05-20 16:00:00,43.0,14,10.1,282,0.0,974.5,3765.0
2026-05-20 17:00:00,43.2,13,6.5,256,0.0,974.0,3780.0
2026-05-20 18:00:00,41.7,15,10.5,233,0.0,974.2,1420.0
2026-05-20 19:00:00,40.1,18,8.0,239,0.0,974.5,490.0
2026-05-20 20:00:00,38.9,20,5.9,252,0.0,975.2,295.0
2026-05-20 21:00:00,38.1,20,8.2,232,0.0,975.8,430.0
2026-05-20 22:00:00,36.0,23,6.4,205,0.0,976.2,285.0
2026-05-20 23:00:00,35.8,22,9.1,240,0.0,976.2,415.0
2026-05-21 00:00:00,34.8,23,9.4,250,0.0,975.9,390.0
2026-05-21 01:00:00,34.0,24,10.8,259,0.0,975.5,400.0
2026-05-21 02:00:00,33.7,25,13.6,265,0.0,975.4,470.0
2026-05-21 03:00:00,33.5,27,14.1,268,0.0,975.7,505.0
2026-05-21 04:00:00,33.2,29,12.8,271,0.0,976.3,545.0
2026-05-21 05:00:00,33.8,32,15.3,268,0.0,976.6,710.0
2026-05-21 06:00:00,33.8,34,15.0,265,0.0,977.2,745.0
2026-05-21 07:00:00,34.6,33,14.0,263,0.0,977.8,810.0
2026-05-21 08:00:00,36.3,27,18.7,277,0.0,978.5,965.0
2026-05-21 09:00:00,37.8,25,18.8,275,0.0,978.7,1050.0
2026-05-21 10:00:00,39.3,22,18.2,279,0.0,978.6,1235.0
2026-05-21 11:00:00,40.7,19,18.3,280,0.0,978.9,1710.0
2026-05-21 12:00:00,41.5,18,18.1,287,0.0,978.5,3395.0
2026-05-21 13:00:00,42.2,17,16.7,288,0.0,977.6,3545.0
2026-05-21 14:00:00,42.6,16,15.3,286,0.0,976.8,3475.0
2026-05-21 15:00:00,42.5,16,13.9,284,0.0,976.3,3535.0
2026-05-21 16:00:00,42.3,16,12.9,289,0.0,976.0,3645.0
2026-05-21 17:00:00,42.8,14,12.4,272,0.0,975.3,3710.0
2026-05-21 18:00:00,41.4,15,11.9,259,0.0,975.6,3335.0
2026-05-21 19:00:00,39.7,16,9.1,255,0.0,976.2,430.0
2026-05-21 20:00:00,38.1,17,7.9,240,0.0,976.6,260.0
2026-05-21 21:00:00,37.0,20,10.5,239,0.0,977.3,370.0
2026-05-21 22:00:00,36.6,19,11.2,244,0.0,977.7,340.0
2026-05-21 23:00:00,36.4,19,10.9,251,0.0,977.8,410.0
2026-05-22 00:00:00,35.6,18,11.9,264,0.0,978.1,470.0
2026-05-22 01:00:00,34.3,19,10.8,259,0.0,978.1,400.0
2026-05-22 02:00:00,33.4,19,10.3,264,0.0,978.2,340.0
2026-05-22 03:00:00,32.8,20,10.3,254,0.0,978.2,360.0
2026-05-22 04:00:00,32.3,22,8.1,267,0.0,978.9,355.0
2026-05-22 05:00:00,32.1,24,7.4,264,0.0,979.2,230.0
2026-05-22 06:00:00,32.0,27,8.9,262,0.0,979.7,225.0
2026-05-22 07:00:00,33.2,27,9.5,259,0.0,980.4,325.0
2026-05-22 08:00:00,35.0,24,11.0,265,0.0,981.1,410.0
2026-05-22 09:00:00,36.8,23,10.4,268,0.0,981.3,560.0
2026-05-22 10:00:00,38.6,22,10.3,273,0.0,981.6,840.0
2026-05-22 11:00:00,40.8,18,10.7,275,0.0,981.4,2840.0
2026-05-22 12:00:00,41.6,16,11.4,281,0.0,981.0,3110.0
2026-05-22 13:00:00,41.9,15,11.6,282,0.0,980.1,3300.0
2026-05-22 14:00:00,42.0,15,11.6,283,0.0,979.3,3450.0
2026-05-22 15:00:00,42.0,14,12.2,294,0.0,978.6,3465.0
2026-05-22 16:00:00,41.5,15,13.0,295,0.0,978.3,3530.0
2026-05-22 17:00:00,42.0,12,11.8,320,0.0,977.8,4075.0
2026-05-22 18:00:00,41.0,13,14.3,346,0.0,977.8,4075.0
2026-05-22 19:00:00,39.2,18,12.6,17,0.0,978.4,1660.0
2026-05-22 20:00:00,37.7,22,8.1,21,0.0,979.1,1320.0
2026-05-22 21:00:00,36.9,22,7.9,356,0.0,979.7,1075.0
2026-05-22 22:00:00,36.5,21,8.9,346,0.0,979.9,780.0
2026-05-22 23:00:00,36.1,22,7.1,344,0.0,979.7,645.0
2026-05-23 00:00:00,34.8,24,5.5,343,0.0,979.3,395.0
2026-05-23 01:00:00,33.9,26,4.1,331,0.0,979.2,255.0
2026-05-23 02:00:00,33.4,27,4.8,323,0.0,979.2,245.0
2026-05-23 03:00:00,32.4,30,4.0,300,0.0,979.5,175.0
2026-05-23 04:00:00,31.7,31,4.0,273,0.0,979.7,105.0
2026-05-23 05:00:00,31.6,35,5.2,258,0.0,979.8,100.0
2026-05-23 06:00:00,31.7,36,7.1,279,0.0,980.3,145.0
2026-05-23 07:00:00,33.2,34,7.2,283,0.0,980.8,250.0
2026-05-23 08:00:00,35.7,29,8.1,294,0.0,981.3,475.0
2026-05-23 09:00:00,38.0,24,9.0,290,0.0,981.6,1355.0
2026-05-23 10:00:00,39.6,20,11.5,292,0.0,981.6,3425.0
2026-05-23 11:00:00,41.0,16,16.1,298,0.0,981.1,3820.0
2026-05-23 12:00:00,40.7,15,18.1,320,0.0,981.0,3670.0
2026-05-23 13:00:00,39.8,18,14.5,338,0.0,980.6,3260.0
2026-05-23 14:00:00,40.4,17,13.7,325,0.0,979.8,3290.0
2026-05-23 15:00:00,41.3,13,13.5,303,0.0,978.7,3740.0
2026-05-23 16:00:00,41.2,12,17.2,308,0.0,978.1,4015.0
2026-05-23 17:00:00,40.7,16,13.7,308,0.0,977.5,3775.0
2026-05-23 18:00:00,39.8,15,12.3,282,0.0,977.7,2835.0
2026-05-23 19:00:00,38.0,19,12.0,248,0.0,977.6,630.0
2026-05-23 20:00:00,37.3,18,10.4,262,0.0,978.1,425.0
2026-05-23 21:00:00,36.1,19,9.3,278,0.0,978.6,360.0
2026-05-23 22:00:00,34.9,20,8.2,279,0.0,978.7,415.0
2026-05-23 23:00:00,34.7,23,7.5,285,0.0,978.4,425.0
2026-05-24 00:00:00,33.4,25,5.1,318,0.0,977.8,340.0
2026-05-24 01:00:00,33.0,24,4.1,315,0.0,977.4,320.0
2026-05-24 02:00:00,31.9,25,5.1,253,0.0,977.3,80.0
2026-05-24 03:00:00,30.8,29,6.9,263,0.0,977.7,105.0
2026-05-24 04:00:00,30.0,31,8.2,261,0.0,978.3,130.0
2026-05-24 05:00:00,30.2,33,8.8,259,0.0,978.6,155.0
2026-05-24 06:00:00,30.1,34,8.3,271,0.0,979.5,185.0
2026-05-24 07:00:00,31.7,33,7.7,258,0.0,980.3,240.0
2026-05-24 08:00:00,34.0,29,10.1,267,0.0,980.7,425.0
2026-05-24 09:00:00,36.8,25,10.8,281,0.0,980.9,1050.0
2026-05-24 10:00:00,39.1,19,13.8,291,0.0,981.1,1655.0
2026-05-24 11:00:00,41.3,17,14.0,292,0.0,980.5,3130.0
2026-05-24 12:00:00,42.2,14,16.5,299,0.0,980.0,3760.0
2026-05-24 13:00:00,41.9,15,16.8,291,0.0,979.6,3535.0
2026-05-24 14:00:00,41.9,15,16.6,289,0.0,978.9,3930.0
2026-05-24 15:00:00,42.0,15,16.6,296,0.0,978.6,3695.0
2026-05-24 16:00:00,41.7,15,14.6,305,0.0,977.8,3800.0
2026-05-24 17:00:00,42.3,12,8.1,294,0.0,976.9,3740.0
2026-05-24 18:00:00,41.2,15,4.3,285,0.0,976.6,2615.0
2026-05-24 19:00:00,39.7,17,1.3,315,0.0,977.0,35.0
2026-05-24 20:00:00,38.3,17,4.0,159,0.0,977.0,65.0
2026-05-24 21:00:00,37.2,20,3.8,169,0.0,977.6,95.0
2026-05-24 22:00:00,36.2,20,4.9,180,0.0,978.2,550.0
2026-05-24 23:00:00,35.9,22,6.6,151,0.0,977.9,115.0
2026-05-25 00:00:00,34.2,25,5.2,211,0.0,977.1,400.0
2026-05-25 01:00:00,34.8,19,13.6,258,0.0,976.4,650.0
2026-05-25 02:00:00,34.8,19,16.5,256,0.0,976.3,660.0
2026-05-25 03:00:00,33.9,21,14.3,276,0.0,976.9,675.0
2026-05-25 04:00:00,32.8,22,13.7,275,0.0,977.3,615.0
2026-05-25 05:00:00,33.3,24,13.0,268,0.0,977.6,685.0
2026-05-25 06:00:00,33.3,24,12.3,273,0.0,978.1,705.0
2026-05-25 07:00:00,34.2,25,9.9,260,0.0,978.7,700.0
2026-05-25 08:00:00,36.0,23,13.2,265,0.0,979.1,835.0
2026-05-25 09:00:00,37.8,22,15.3,271,0.0,979.4,990.0
2026-05-25 10:00:00,39.3,21,16.2,280,0.0,979.3,1295.0
2026-05-25 11:00:00,41.6,18,12.0,282,0.0,978.8,2210.0
2026-05-25 12:00:00,42.5,16,10.0,279,0.0,978.2,2960.0
2026-05-25 13:00:00,42.8,16,11.6,266,0.0,977.3,3895.0
2026-05-25 14:00:00,43.0,13,14.2,279,0.0,976.5,4235.0
2026-05-25 15:00:00,42.9,13,14.2,271,0.0,975.9,4100.0
2026-05-25 16:00:00,42.1,15,12.2,283,0.0,975.3,3730.0
2026-05-25 17:00:00,41.5,13,12.1,310,0.0,975.3,1920.0
2026-05-25 18:00:00,40.8,14,10.0,322,0.0,975.1,1350.0
2026-05-25 19:00:00,39.4,16,4.5,331,0.0,975.6,270.0
2026-05-25 20:00:00,38.6,17,5.9,270,0.0,976.2,205.0
2026-05-25 21:00:00,37.2,21,3.6,288,0.0,976.7,130.0
2026-05-25 22:00:00,36.6,21,5.3,308,0.0,977.3,355.0
2026-05-25 23:00:00,37.2,19,8.6,345,0.0,977.5,690.0
2026-05-26 00:00:00,35.6,20,5.4,354,0.0,977.5,490.0
2026-05-26 01:00:00,34.4,22,4.2,313,0.0,977.3,280.0
2026-05-26 02:00:00,33.7,23,5.4,312,0.0,977.5,275.0
2026-05-26 03:00:00,32.7,24,4.9,324,0.0,977.3,165.0
2026-05-26 04:00:00,32.0,24,5.1,315,0.0,977.5,160.0
2026-05-26 05:00:00,32.3,24,7.4,296,0.0,977.9,200.0
2026-05-26 06:00:00,31.8,26,9.4,277,0.0,978.9,210.0
2026-05-26 07:00:00,32.8,26,6.7,279,0.0,979.5,235.0
2026-05-26 08:00:00,35.2,22,7.2,276,0.0,980.0,390.0
2026-05-26 09:00:00,37.2,20,9.6,276,0.0,980.8,795.0
2026-05-26 10:00:00,39.2,18,10.5,292,0.0,981.0,2295.0
2026-05-26 11:00:00,41.8,10,13.4,301,0.0,980.4,3970.0
2026-05-26 12:00:00,42.2,10,14.9,312,0.0,980.1,3965.0
2026-05-26 13:00:00,42.4,11,17.3,298,0.0,979.2,4215.0
2026-05-26 14:00:00,42.6,10,18.0,289,0.0,978.4,4235.0
2026-05-26 15:00:00,42.2,11,19.5,284,0.0,977.8,3980.0
2026-05-26 16:00:00,41.7,11,15.9,297,0.0,977.6,3525.0
2026-05-26 17:00:00,42.0,9,13.4,306,0.0,977.0,3620.0
2026-05-26 18:00:00,41.1,10,10.7,330,0.0,976.8,1805.0
2026-05-26 19:00:00,39.5,11,7.3,303,0.0,977.4,615.0
2026-05-26 20:00:00,38.4,13,5.4,304,0.0,977.7,325.0
2026-05-26 21:00:00,37.8,14,6.8,338,0.0,978.4,585.0
2026-05-26 22:00:00,37.0,15,6.6,344,0.0,978.6,465.0
2026-05-26 23:00:00,36.1,18,4.6,318,0.0,978.5,390.0
2026-05-27 00:00:00,34.9,19,4.0,302,0.0,978.1,210.0
2026-05-27 01:00:00,34.4,21,2.6,309,0.0,977.4,160.0
2026-05-27 02:00:00,33.5,21,3.4,295,0.0,977.3,125.0
2026-05-27 03:00:00,32.4,22,5.0,296,0.0,977.3,115.0
2026-05-27 04:00:00,31.5,23,5.6,292,0.0,977.5,115.0
2026-05-27 05:00:00,31.4,25,4.9,274,0.0,977.6,80.0
2026-05-27 06:00:00,31.7,25,6.4,286,0.0,978.4,120.0
2026-05-27 07:00:00,33.3,24,6.1,268,0.0,979.2,195.0
2026-05-27 08:00:00,35.6,20,7.2,282,0.0,980.2,360.0
2026-05-27 09:00:00,38.0,17,8.6,292,0.0,980.4,1235.0
2026-05-27 10:00:00,39.6,14,10.2,300,0.0,980.5,1910.0
2026-05-27 11:00:00,41.6,12,10.7,290,0.0,979.7,2385.0
2026-05-27 12:00:00,42.4,11,12.6,296,0.0,979.3,2990.0
2026-05-27 13:00:00,42.8,12,14.9,297,0.0,978.7,3325.0
2026-05-27 14:00:00,42.9,12,15.9,296,0.0,978.0,3390.0
2026-05-27 15:00:00,42.7,13,16.2,294,0.0,977.5,3260.0
2026-05-27 16:00:00,42.5,13,16.3,295,0.0,977.1,3070.0
2026-05-27 17:00:00,43.4,10,19.1,302,0.0,976.2,3555.0
2026-05-27 18:00:00,42.3,11,15.2,300,0.0,976.6,2730.0
2026-05-27 19:00:00,40.8,13,11.4,295,0.0,977.0,775.0
2026-05-27 20:00:00,39.7,15,7.9,325,0.0,977.2,375.0
2026-05-27 21:00:00,38.3,17,4.9,343,0.0,977.5,225.0
2026-05-27 22:00:00,37.9,19,3.1,298,0.0,977.6,110.0
2026-05-27 23:00:00,37.4,19,4.1,52,0.0,977.6,265.0
2026-05-28 00:00:00,35.7,21,4.5,90,0.0,977.0,185.0
2026-05-28 01:00:00,34.5,26,3.4,137,0.0,976.7,95.0
2026-05-28 02:00:00,33.4,28,3.9,164,0.0,976.8,120.0
2026-05-28 03:00:00,32.2,31,3.3,144,0.0,976.8,70.0
2026-05-28 04:00:00,31.5,36,6.9,76,0.0,977.0,100.0
2026-05-28 05:00:00,30.1,45,7.9,102,0.0,977.4,185.0
2026-05-28 06:00:00,29.7,45,9.5,105,0.0,978.2,255.0
2026-05-28 07:00:00,30.6,42,8.7,103,0.0,979.3,310.0
2026-05-28 08:00:00,32.5,40,9.5,105,0.0,980.0,415.0
2026-05-28 09:00:00,34.6,40,11.3,103,0.0,980.2,600.0
2026-05-28 10:00:00,36.7,37,10.0,113,0.0,980.3,1000.0
2026-05-28 11:00:00,38.5,32,10.8,111,0.0,979.8,1020.0
2026-05-28 12:00:00,39.7,30,9.4,103,0.0,979.6,1325.0
2026-05-28 13:00:00,40.4,30,10.6,100,0.0,978.6,1530.0
2026-05-28 14:00:00,40.1,28,11.4,86,0.0,977.5,1495.0
2026-05-28 15:00:00,37.9,29,8.1,87,0.0,977.4,580.0
2026-05-28 16:00:00,37.7,35,12.9,110,0.3,977.0,650.0
2026-05-28 17:00:00,38.0,34,11.0,118,0.0,976.2,775.0
2026-05-28 18:00:00,34.4,42,13.9,199,0.3,977.4,550.0
2026-05-28 19:00:00,29.1,67,14.6,201,1.0,979.0,210.0
2026-05-28 20:00:00,31.0,59,7.1,234,0.9,978.3,85.0
2026-05-28 21:00:00,32.2,50,2.4,261,0.7,978.0,35.0
2026-05-28 22:00:00,31.1,58,3.6,70,0.0,977.2,35.0
2026-05-28 23:00:00,28.7,49,18.6,194,0.0,978.0,285.0
2026-05-29 00:00:00,28.1,52,1.7,319,0.0,977.9,35.0
2026-05-29 01:00:00,28.3,51,6.8,32,0.0,978.3,170.0
2026-05-29 02:00:00,27.8,60,5.9,63,0.0,978.4,205.0
2026-05-29 03:00:00,26.8,71,5.8,86,0.0,978.3,170.0
2026-05-29 04:00:00,26.5,73,9.2,118,0.0,979.3,335.0
2026-05-29 05:00:00,26.0,69,11.6,109,0.0,979.1,490.0
2026-05-29 06:00:00,26.1,69,13.5,106,0.0,980.3,520.0
2026-05-29 07:00:00,27.0,67,15.5,126,0.0,981.2,640.0
2026-05-29 08:00:00,28.1,66,14.4,121,0.0,981.4,615.0
2026-05-29 09:00:00,29.7,63,13.7,120,0.0,981.6,680.0
2026-05-29 10:00:00,31.3,58,12.2,121,0.0,981.6,815.0
2026-05-29 11:00:00,33.5,50,15.3,129,0.0,981.1,1030.0
2026-05-29 12:00:00,32.7,50,12.4,137,0.1,981.1,730.0
2026-05-29 13:00:00,30.9,54,10.5,143,0.4,980.7,490.0
2026-05-29 14:00:00,32.8,51,8.9,137,0.0,980.4,1045.0
2026-05-29 15:00:00,31.7,53,8.9,118,0.2,980.0,610.0
2026-05-29 16:00:00,32.0,52,9.3,118,0.3,979.4,550.0
2026-05-29 17:00:00,33.8,43,15.4,175,0.0,978.7,1195.0
2026-05-29 18:00:00,33.2,45,8.3,156,0.0,979.2,920.0
2026-05-29 19:00:00,32.6,47,8.1,162,0.0,979.5,800.0
2026-05-29 20:00:00,32.3,48,8.1,129,0.0,980.1,605.0
2026-05-29 21:00:00,31.8,48,7.7,126,0.0,980.9,555.0
2026-05-29 22:00:00,31.3,47,9.9,128,0.0,981.5,455.0
2026-05-29 23:00:00,29.3,51,15.5,138,0.0,980.9,705.0
2026-05-30 00:00:00,27.8,58,13.6,131,0.0,981.0,625.0
2026-05-30 01:00:00,26.9,61,12.0,134,0.0,980.7,545.0
2026-05-30 02:00:00,26.3,62,12.2,142,0.0,980.4,495.0
2026-05-30 03:00:00,25.9,64,8.9,156,0.0,980.7,410.0
2026-05-30 04:00:00,25.3,68,6.9,152,0.0,981.2,360.0
2026-05-30 05:00:00,24.7,76,10.3,140,0.0,980.4,370.0
2026-05-30 06:00:00,24.8,76,8.7,143,0.0,981.7,370.0
2026-05-30 07:00:00,25.9,71,9.8,133,0.0,982.7,480.0
2026-05-30 08:00:00,27.9,59,10.4,126,0.0,983.3,730.0
2026-05-30 09:00:00,30.0,49,12.6,134,0.0,983.1,790.0
2026-05-30 10:00:00,31.6,46,5.8,99,0.0,983.7,1315.0
2026-05-30 11:00:00,33.0,46,11.9,122,0.0,982.2,1380.0
2026-05-30 12:00:00,34.4,42,11.4,121,0.0,982.0,1540.0
2026-05-30 13:00:00,35.5,37,10.5,141,0.0,981.5,1870.0
2026-05-30 14:00:00,34.5,35,5.4,184,0.1,981.3,1840.0
2026-05-30 15:00:00,34.0,37,4.9,6,0.3,981.3,2025.0
2026-05-30 16:00:00,24.7,79,11.2,55,2.7,983.5,285.0
2026-05-30 17:00:00,24.0,89,8.5,72,1.4,981.4,240.0
2026-05-30 18:00:00,25.7,80,4.4,201,0.2,980.8,190.0
2026-05-30 19:00:00,26.0,78,2.4,107,0.0,981.0,190.0
2026-05-30 20:00:00,26.2,78,7.7,115,0.0,981.8,290.0
2026-05-30 21:00:00,25.8,82,9.6,113,0.0,981.9,300.0
2026-05-30 22:00:00,25.2,86,11.7,113,0.0,982.2,355.0
2026-05-30 23:00:00,24.7,68,12.7,113,0.0,981.8,360.0
2026-05-31 00:00:00,24.1,70,9.6,124,0.0,981.4,320.0
2026-05-31 01:00:00,23.9,72,6.3,129,0.0,981.9,300.0
2026-05-31 02:00:00,23.6,73,6.5,118,0.0,981.7,255.0
2026-05-31 03:00:00,23.5,73,6.8,122,0.0,981.7,250.0
2026-05-31 04:00:00,23.3,75,6.6,119,0.0,981.8,225.0
2026-05-31 05:00:00,23.9,78,11.3,141,0.0,982.5,420.0
2026-05-31 06:00:00,24.4,77,10.0,139,0.0,983.0,480.0
2026-05-31 07:00:00,25.6,72,10.5,147,0.0,983.7,530.0
2026-05-31 08:00:00,27.3,66,10.4,157,0.0,984.4,705.0
2026-05-31 09:00:00,29.1,59,10.0,159,0.0,984.5,1135.0
2026-05-31 10:00:00,30.6,51,8.8,157,0.0,984.4,1410.0
2026-05-31 11:00:00,32.2,43,8.3,153,0.0,984.9,2030.0
2026-05-31 12:00:00,32.5,43,5.9,133,0.0,984.4,2125.0
2026-05-31 13:00:00,32.7,42,5.6,112,0.0,983.9,2180.0
2026-05-31 14:00:00,33.0,41,4.7,97,0.0,983.1,2200.0
2026-05-31 15:00:00,33.1,41,5.5,79,0.1,982.2,2145.0
2026-05-31 16:00:00,31.1,46,12.9,50,0.6,982.0,1010.0
2026-05-31 17:00:00,26.1,80,10.6,114,0.1,981.9,340.0
2026-05-31 18:00:00,27.3,68,11.9,70,0.0,982.1,535.0
2026-05-31 19:00:00,26.8,68,6.4,79,0.0,982.5,505.0
2026-05-31 20:00:00,26.7,70,4.4,99,0.0,983.3,390.0
2026-05-31 21:00:00,26.4,72,3.6,72,0.0,983.7,330.0
2026-05-31 22:00:00,25.9,75,3.0,65,0.0,983.5,230.0
2026-05-31 23:00:00,26.5,73,2.4,99,0.0,983.2,185.0
2026-06-01 00:00:00,26.1,73,3.1,140,0.0,982.7,240.0
2026-06-01 01:00:00,25.7,76,2.3,148,0.0,982.5,210.0
2026-06-01 02:00:00,25.4,76,2.7,110,0.0,982.5,190.0
2026-06-01 03:00:00,25.0,78,2.9,97,0.0,982.4,180.0
2026-06-01 04:00:00,24.6,82,4.8,77,0.0,982.7,170.0
2026-06-01 05:00:00,24.7,86,5.2,131,0.0,982.8,180.0
2026-06-01 06:00:00,25.2,83,3.8,98,0.0,983.2,230.0
2026-06-01 07:00:00,26.5,76,4.9,88,0.0,984.2,320.0
2026-06-01 08:00:00,25.2,75,13.1,92,0.4,985.0,410.0
2026-06-01 09:00:00,27.5,66,6.8,122,0.0,984.8,305.0
2026-06-01 10:00:00,30.0,56,7.2,84,0.0,984.9,725.0
2026-06-01 11:00:00,32.0,43,10.2,126,0.0,984.6,1415.0
2026-06-01 12:00:00,31.2,46,7.8,112,0.6,984.4,1430.0
2026-06-01 13:00:00,32.4,42,6.9,97,0.1,983.6,1670.0
2026-06-01 14:00:00,32.7,41,6.5,93,0.0,982.5,1625.0
2026-06-01 15:00:00,33.0,40,5.8,92,0.0,981.7,1810.0
2026-06-01 16:00:00,33.1,39,5.3,78,0.0,981.1,1985.0
2026-06-01 17:00:00,32.4,42,10.2,80,0.0,980.5,1810.0
2026-06-01 18:00:00,31.0,49,8.9,84,0.0,981.0,1040.0
2026-06-01 19:00:00,29.7,57,5.6,88,0.0,981.7,260.0
2026-06-01 20:00:00,28.8,62,5.7,81,0.0,982.3,200.0
2026-06-01 21:00:00,28.3,63,4.9,96,0.0,982.8,155.0
2026-06-01 22:00:00,27.8,66,3.9,103,0.0,983.1,95.0
2026-06-01 23:00:00,28.0,65,6.6,111,0.0,982.7,195.0
2026-06-02 00:00:00,27.3,66,6.7,84,0.0,982.3,175.0
2026-06-02 01:00:00,26.6,69,7.0,77,0.0,982.4,220.0
2026-06-02 02:00:00,25.1,77,10.8,181,0.5,983.0,345.0
2026-06-02 03:00:00,24.6,80,4.9,114,0.1,982.6,115.0
2026-06-02 04:00:00,24.4,80,5.5,81,0.0,982.5,105.0
2026-06-02 05:00:00,26.3,74,6.1,212,0.0,983.3,360.0
2026-06-02 06:00:00,26.0,73,7.2,183,0.0,983.7,320.0
2026-06-02 07:00:00,27.2,66,3.4,106,0.0,983.7,275.0
2026-06-02 08:00:00,29.6,54,6.1,95,0.0,984.1,775.0
2026-06-02 09:00:00,31.4,47,7.6,85,0.0,984.1,1160.0
2026-06-02 10:00:00,33.3,40,7.9,91,0.0,983.9,1805.0
2026-06-02 11:00:00,34.5,33,9.3,100,0.1,983.8,2205.0
2026-06-02 12:00:00,35.3,30,7.6,102,0.0,982.8,2340.0
2026-06-02 13:00:00,36.2,28,7.1,117,0.1,982.1,2550.0
2026-06-02 14:00:00,36.3,28,7.6,128,0.1,981.0,2750.0
2026-06-02 15:00:00,36.5,28,7.3,134,0.0,980.1,2670.0
2026-06-02 16:00:00,35.9,29,6.0,139,0.0,979.6,2550.0
2026-06-02 17:00:00,32.5,46,5.8,175,0.0,979.7,1315.0
2026-06-02 18:00:00,32.4,47,5.8,182,0.1,979.4,1275.0
2026-06-02 19:00:00,31.9,49,3.5,168,0.0,980.0,1160.0
2026-06-02 20:00:00,31.6,52,4.2,155,0.0,980.3,950.0
2026-06-02 21:00:00,31.2,54,4.6,141,0.0,980.8,480.0
2026-06-02 22:00:00,30.8,55,3.7,119,0.0,981.2,350.0
2026-06-02 23:00:00,31.0,53,3.3,144,0.0,980.3,175.0
2026-06-03 00:00:00,30.5,59,2.2,171,0.0,980.4,85.0
2026-06-03 01:00:00,30.4,59,1.1,180,0.0,980.4,40.0
2026-06-03 02:00:00,30.1,60,1.8,143,0.0,980.0,55.0
2026-06-03 03:00:00,29.9,60,0.9,127,0.0,979.9,70.0
2026-06-03 04:00:00,29.5,60,1.4,130,0.0,980.0,95.0
2026-06-03 05:00:00,29.1,65,1.9,112,0.0,980.3,120.0
2026-06-03 06:00:00,29.7,59,4.0,93,0.0,980.3,150.0
2026-06-03 07:00:00,31.0,54,4.4,102,0.0,980.6,305.0
2026-06-03 08:00:00,32.7,47,4.5,104,0.0,980.6,1270.0
2026-06-03 09:00:00,34.3,40,3.1,87,0.0,980.6,1825.0
2026-06-03 10:00:00,35.6,35,4.2,72,0.0,980.3,1990.0
2026-06-03 11:00:00,35.4,33,6.4,80,0.0,980.0,2120.0
2026-06-03 12:00:00,36.6,32,7.5,60,0.1,979.6,2300.0
2026-06-03 13:00:00,37.3,31,6.8,55,0.1,978.7,2500.0
2026-06-03 14:00:00,37.9,29,6.6,49,0.0,977.5,2685.0
2026-06-03 15:00:00,38.4,26,6.7,31,0.0,976.6,2730.0
2026-06-03 16:00:00,37.8,27,6.5,360,0.0,975.8,2595.0
2026-06-03 17:00:00,38.5,26,9.0,64,0.0,975.1,2720.0
2026-06-03 18:00:00,36.0,33,9.9,92,0.1,975.7,850.0
2026-06-03 19:00:00,35.1,37,11.1,115,0.4,976.1,975.0
2026-06-03 20:00:00,34.7,38,7.0,103,0.0,976.5,775.0
2026-06-03 21:00:00,34.1,41,5.4,98,0.0,977.1,450.0
2026-06-03 22:00:00,33.2,45,4.6,135,0.0,977.3,290.0
2026-06-03 23:00:00,33.4,46,8.4,171,0.0,977.2,330.0
2026-06-04 00:00:00,32.2,50,5.6,165,0.0,977.1,230.0
2026-06-04 01:00:00,31.1,55,4.2,162,0.0,976.6,170.0
2026-06-04 02:00:00,30.4,57,4.0,185,0.0,976.4,135.0
2026-06-04 03:00:00,29.8,57,4.3,180,0.0,976.3,125.0
2026-06-04 04:00:00,29.3,58,4.3,178,0.0,976.4,110.0
2026-06-04 05:00:00,30.7,51,13.0,215,0.0,976.9,420.0
2026-06-04 06:00:00,30.9,49,2.4,81,0.0,976.7,210.0
2026-06-04 07:00:00,28.4,59,10.5,59,0.1,978.3,230.0
2026-06-04 08:00:00,31.0,50,7.5,143,0.0,977.8,205.0
2026-06-04 09:00:00,33.8,42,8.7,104,0.0,978.4,670.0
2026-06-04 10:00:00,34.5,42,10.2,113,0.0,978.3,700.0
2026-06-04 11:00:00,38.3,25,6.7,128,0.0,977.6,1760.0
2026-06-04 12:00:00,39.5,22,3.9,133,0.2,976.7,3160.0
2026-06-04 13:00:00,39.0,22,11.8,239,0.0,976.6,3150.0
2026-06-04 14:00:00,39.1,23,10.1,260,0.1,975.8,2905.0
2026-06-04 15:00:00,38.5,25,10.7,338,0.0,975.5,2770.0
2026-06-04 16:00:00,37.5,30,11.3,18,0.0,975.2,2115.0
2026-06-04 17:00:00,34.4,34,7.6,98,0.0,974.8,540.0
2026-06-04 18:00:00,34.4,32,11.3,226,0.0,975.4,515.0
2026-06-04 19:00:00,29.9,50,14.8,260,0.1,976.5,290.0
2026-06-04 20:00:00,30.0,53,8.3,275,0.1,976.7,330.0
2026-06-04 21:00:00,29.9,54,8.1,273,0.0,977.7,380.0
2026-06-04 22:00:00,29.7,54,7.1,255,0.0,977.8,265.0
2026-06-04 23:00:00,28.1,55,13.4,332,0.0,978.4,570.0
2026-06-05 00:00:00,26.2,68,2.4,283,0.8,978.6,150.0
2026-06-05 01:00:00,25.4,85,2.6,106,1.2,977.1,60.0
2026-06-05 02:00:00,26.0,77,9.0,136,0.0,976.6,170.0
2026-06-05 03:00:00,26.3,74,4.9,152,0.0,975.8,120.0
2026-06-05 04:00:00,26.7,69,5.6,263,0.0,976.6,185.0
2026-06-05 05:00:00,25.1,85,13.9,268,0.0,977.5,460.0
2026-06-05 06:00:00,26.4,72,2.4,347,0.0,978.3,355.0
2026-06-05 07:00:00,27.0,67,1.8,24,0.0,978.6,295.0
2026-06-05 08:00:00,28.4,59,1.6,186,0.0,979.3,510.0
2026-06-05 09:00:00,29.5,53,4.8,15,0.0,980.3,905.0
2026-06-05 10:00:00,31.2,47,4.9,354,0.0,980.1,930.0
2026-06-05 11:00:00,32.2,42,8.0,326,0.0,980.0,820.0
2026-06-05 12:00:00,32.9,41,9.0,348,0.0,980.1,1380.0
2026-06-05 13:00:00,34.0,41,9.5,358,0.0,979.2,1510.0
2026-06-05 14:00:00,33.8,43,8.3,20,0.0,978.6,1340.0
2026-06-05 15:00:00,33.4,45,8.3,24,0.0,978.0,1435.0
2026-06-05 16:00:00,33.7,45,6.8,27,0.1,977.3,1460.0
2026-06-05 17:00:00,34.7,42,3.5,51,0.0,976.7,1485.0
2026-06-05 18:00:00,34.2,43,3.6,30,0.0,976.7,1435.0
2026-06-05 19:00:00,33.5,47,4.0,360,0.0,977.2,1225.0
2026-06-05 20:00:00,32.8,51,3.1,13,0.0,977.6,660.0
2026-06-05 21:00:00,32.2,54,2.4,54,0.0,978.1,455.0
2026-06-05 22:00:00,31.8,56,3.6,90,0.0,978.4,345.0
2026-06-05 23:00:00,31.7,52,4.0,153,0.0,978.2,220.0
2026-06-06 00:00:00,30.5,59,3.5,125,0.0,977.9,130.0
2026-06-06 01:00:00,29.8,65,4.6,132,0.0,977.7,125.0
2026-06-06 02:00:00,29.2,69,4.2,149,0.0,977.5,115.0
2026-06-06 03:00:00,28.8,71,3.6,160,0.0,977.9,95.0
2026-06-06 04:00:00,28.5,71,4.5,164,0.0,978.0,95.0
2026-06-06 05:00:00,29.0,66,4.4,212,0.0,978.0,115.0
2026-06-06 06:00:00,29.6,62,4.0,212,0.0,978.6,135.0
2026-06-06 07:00:00,31.4,54,2.8,230,0.0,979.5,230.0
2026-06-06 08:00:00,33.5,46,2.2,256,0.0,979.9,675.0
2026-06-06 09:00:00,35.4,40,3.3,279,0.0,980.1,1615.0
2026-06-06 10:00:00,37.0,35,3.4,302,0.0,980.0,1975.0
2026-06-06 11:00:00,38.6,30,6.3,285,0.0,979.8,3140.0
2026-06-06 12:00:00,39.4,27,6.8,310,0.0,979.1,3020.0
2026-06-06 13:00:00,40.3,23,6.6,325,0.0,978.1,3185.0
2026-06-06 14:00:00,40.1,23,8.1,305,0.0,977.6,3130.0
2026-06-06 15:00:00,39.9,24,8.9,308,0.0,977.0,2995.0
2026-06-06 16:00:00,39.2,25,12.1,290,0.0,976.8,2935.0
2026-06-06 17:00:00,35.3,37,12.5,152,0.0,975.9,305.0
2026-06-06 18:00:00,34.8,38,8.6,170,0.0,976.6,775.0
2026-06-06 19:00:00,34.5,34,5.1,207,0.0,977.0,205.0
2026-06-06 20:00:00,34.2,36,4.8,209,0.0,977.6,200.0
2026-06-06 21:00:00,33.9,37,6.0,217,0.0,978.0,165.0
2026-06-06 22:00:00,33.8,37,7.2,251,0.0,978.3,265.0
2026-06-06 23:00:00,32.7,40,11.7,253,0.0,978.7,515.0
2026-06-07 00:00:00,31.1,45,10.9,253,0.0,978.6,405.0
2026-06-07 01:00:00,30.1,50,10.3,258,0.0,978.4,365.0
2026-06-07 02:00:00,29.6,51,9.8,262,0.0,978.3,340.0
2026-06-07 03:00:00,29.1,52,8.7,263,0.0,978.3,280.0
2026-06-07 04:00:00,28.9,51,7.7,273,0.0,978.7,240.0
2026-06-07 05:00:00,29.1,55,6.9,277,0.0,978.7,195.0
2026-06-07 06:00:00,29.2,56,5.6,272,0.0,979.4,215.0
2026-06-07 07:00:00,30.5,51,6.1,275,0.0,980.0,290.0
2026-06-07 08:00:00,32.8,43,6.8,292,0.0,980.3,485.0
2026-06-07 09:00:00,31.7,44,20.5,322,0.1,981.4,700.0
2026-06-07 10:00:00,32.1,44,5.9,40,0.1,980.1,285.0
2026-06-07 11:00:00,38.2,29,5.4,304,0.0,980.3,2145.0
2026-06-07 12:00:00,38.8,28,5.5,311,0.1,979.4,2800.0
2026-06-07 13:00:00,39.8,26,5.5,302,0.0,978.4,3090.0
2026-06-07 14:00:00,40.4,22,7.5,281,0.0,977.4,3185.0
2026-06-07 15:00:00,40.4,21,11.4,275,0.0,976.6,3115.0
2026-06-07 16:00:00,39.4,23,14.1,280,0.0,976.2,2650.0
2026-06-07 17:00:00,34.8,45,20.9,267,0.0,976.0,555.0
2026-06-07 18:00:00,34.6,45,5.8,97,0.1,975.6,155.0
2026-06-07 19:00:00,32.4,53,11.2,118,0.0,976.0,190.0
2026-06-07 20:00:00,32.3,51,7.6,184,0.0,976.3,115.0
2026-06-07 21:00:00,32.3,50,5.3,208,0.0,976.8,100.0
2026-06-07 22:00:00,31.9,52,4.3,165,0.0,977.1,95.0
2026-06-07 23:00:00,32.8,46,11.6,246,0.0,976.6,480.0
2026-06-08 00:00:00,32.5,43,11.2,258,0.0,976.5,400.0
2026-06-08 01:00:00,31.6,44,9.7,259,0.0,976.3,295.0
2026-06-08 02:00:00,30.9,45,9.3,262,0.0,976.2,260.0
2026-06-08 03:00:00,30.4,46,9.1,260,0.0,976.1,210.0
2026-06-08 04:00:00,29.9,47,9.1,262,0.0,976.2,205.0
2026-06-08 05:00:00,30.5,52,9.7,268,0.0,976.7,280.0
2026-06-08 06:00:00,30.7,53,9.2,269,0.0,977.1,325.0
2026-06-08 07:00:00,32.1,49,9.5,271,0.0,977.6,470.0
2026-06-08 08:00:00,34.2,42,10.7,277,0.0,978.0,625.0
2026-06-08 09:00:00,36.2,38,11.3,280,0.0,978.1,960.0
2026-06-08 10:00:00,38.1,32,12.0,289,0.0,977.8,1320.0
2026-06-08 11:00:00,40.0,25,10.8,280,0.0,977.7,3655.0
2026-06-08 12:00:00,41.1,20,12.1,282,0.0,977.0,3820.0
2026-06-08 13:00:00,41.4,17,13.9,287,0.0,976.1,3465.0
2026-06-08 14:00:00,41.7,14,12.5,290,0.0,975.1,3350.0
2026-06-08 15:00:00,42.1,14,14.2,297,0.0,974.8,3630.0
2026-06-08 16:00:00,41.7,14,14.5,305,0.0,974.2,3205.0
2026-06-08 17:00:00,41.7,16,17.6,292,0.0,973.6,3480.0
2026-06-08 18:00:00,41.3,14,14.7,288,0.0,973.5,3440.0
2026-06-08 19:00:00,40.2,17,14.1,280,0.0,973.7,1630.0
2026-06-08 20:00:00,38.8,20,8.8,317,0.0,974.3,540.0
2026-06-08 21:00:00,37.2,26,3.6,333,0.0,974.8,240.0
2026-06-08 22:00:00,36.4,29,1.8,264,0.0,975.1,105.0
2026-06-08 23:00:00,35.4,30,6.2,248,0.0,974.9,105.0
2026-06-09 00:00:00,33.9,33,5.9,250,0.0,974.7,90.0
2026-06-09 01:00:00,32.9,35,6.0,233,0.0,974.2,80.0
2026-06-09 02:00:00,32.5,35,4.6,244,0.0,974.1,70.0
2026-06-09 03:00:00,32.1,34,4.5,256,0.0,974.2,75.0
2026-06-09 04:00:00,31.6,34,8.5,241,0.0,974.7,160.0
2026-06-09 05:00:00,31.7,42,10.2,240,0.0,974.4,285.0
2026-06-09 06:00:00,32.1,45,8.6,254,0.0,974.9,360.0
2026-06-09 07:00:00,33.6,47,10.7,263,0.0,975.5,475.0
2026-06-09 08:00:00,35.5,43,11.0,271,0.0,975.7,555.0
2026-06-09 09:00:00,37.5,38,10.3,276,0.0,975.8,835.0
2026-06-09 10:00:00,39.4,31,9.9,285,0.0,975.9,1690.0
2026-06-09 11:00:00,41.9,20,9.2,290,0.0,975.4,3860.0
2026-06-09 12:00:00,42.5,17,13.1,303,0.0,975.2,3550.0
2026-06-09 13:00:00,42.6,15,14.7,301,0.0,974.5,3505.0
2026-06-09 14:00:00,43.0,14,15.4,302,0.0,973.9,3595.0
2026-06-09 15:00:00,42.9,14,17.3,301,0.0,973.4,3540.0
2026-06-09 16:00:00,42.3,14,16.9,294,0.0,973.0,3425.0
2026-06-09 17:00:00,42.1,16,16.9,279,0.0,972.4,3475.0
2026-06-09 18:00:00,40.8,17,18.7,272,0.0,973.0,2755.0
2026-06-09 19:00:00,38.8,22,15.1,271,0.0,973.7,1105.0
2026-06-09 20:00:00,38.3,23,8.3,271,0.0,974.1,395.0
2026-06-09 21:00:00,37.2,26,2.8,235,0.0,974.1,100.0
2026-06-09 22:00:00,36.5,27,4.0,207,0.0,974.3,90.0
2026-06-09 23:00:00,36.8,25,6.8,270,0.0,975.1,420.0
2026-06-10 00:00:00,35.3,28,9.7,255,0.0,974.7,240.0
2026-06-10 01:00:00,34.4,28,6.2,237,0.0,974.3,100.0
2026-06-10 02:00:00,33.7,29,6.7,246,0.0,974.0,105.0
2026-06-10 03:00:00,33.2,30,5.1,228,0.0,973.6,80.0
2026-06-10 04:00:00,32.7,31,8.2,238,0.0,974.2,160.0
2026-06-10 05:00:00,32.1,36,9.0,235,0.0,974.6,225.0
2026-06-10 06:00:00,31.3,45,8.4,203,0.0,975.4,490.0
2026-06-10 07:00:00,33.0,47,7.3,230,0.0,975.9,815.0
2026-06-10 08:00:00,35.4,46,11.4,263,0.0,976.1,1155.0
2026-06-10 09:00:00,37.1,40,14.1,266,0.0,976.2,1365.0
2026-06-10 10:00:00,38.8,35,13.2,276,0.0,976.2,1640.0
2026-06-10 11:00:00,40.7,25,14.4,279,0.0,976.0,2590.0
2026-06-10 12:00:00,41.4,23,12.3,278,0.0,975.4,2680.0
2026-06-10 13:00:00,42.1,21,11.6,277,0.0,974.4,2750.0
2026-06-10 14:00:00,42.6,19,12.3,282,0.0,973.4,2840.0
2026-06-10 15:00:00,42.3,18,14.8,269,0.4,973.1,3320.0
2026-06-10 16:00:00,41.2,21,14.6,250,0.0,973.0,2665.0
2026-06-10 17:00:00,43.6,18,14.8,264,0.0,971.9,4015.0
2026-06-10 18:00:00,42.9,16,13.0,273,0.0,972.1,3575.0
2026-06-10 19:00:00,41.4,19,5.8,263,0.0,972.5,3295.0
2026-06-10 20:00:00,40.0,21,4.6,193,0.0,972.6,390.0
2026-06-10 21:00:00,39.6,20,5.3,192,0.0,973.1,375.0
2026-06-10 22:00:00,38.7,21,4.0,210,0.0,973.7,245.0
2026-06-10 23:00:00,37.4,24,2.9,356,0.0,974.0,245.0
2026-06-11 00:00:00,36.6,30,0.6,214,0.0,973.9,255.0
2026-06-11 01:00:00,36.6,26,6.4,216,0.0,973.4,195.0
2026-06-11 02:00:00,35.8,29,4.5,247,0.0,973.4,510.0
2026-06-11 03:00:00,35.1,34,4.1,257,0.0,973.2,600.0
2026-06-11 04:00:00,34.6,39,3.2,267,0.0,973.4,665.0
2026-06-11 05:00:00,31.7,47,10.7,147,0.0,973.4,255.0
2026-06-11 06:00:00,30.5,49,11.9,122,0.1,974.8,340.0
2026-06-11 07:00:00,29.5,56,13.0,146,0.1,975.7,295.0
2026-06-11 08:00:00,31.0,54,13.9,137,0.0,976.0,400.0
2026-06-11 09:00:00,32.7,53,13.4,131,0.0,976.7,570.0
2026-06-11 10:00:00,34.7,47,13.8,140,0.0,976.6,740.0
2026-06-11 11:00:00,33.7,50,17.4,113,0.0,977.6,890.0
2026-06-11 12:00:00,34.3,50,16.1,124,0.0,977.1,960.0
2026-06-11 13:00:00,35.5,48,15.3,136,0.0,976.1,1115.0
2026-06-11 14:00:00,36.4,45,13.8,143,0.0,975.3,1205.0
2026-06-11 15:00:00,36.8,45,12.7,144,0.0,974.9,1160.0
2026-06-11 16:00:00,36.8,45,10.1,141,0.0,974.5,1190.0
2026-06-11 17:00:00,36.5,42,16.6,119,0.0,973.6,1030.0
2026-06-11 18:00:00,35.3,45,15.9,117,0.0,973.9,860.0
2026-06-11 19:00:00,34.1,49,16.6,103,0.0,974.4,750.0
2026-06-11 20:00:00,32.7,52,15.9,102,0.0,975.1,655.0
2026-06-11 21:00:00,32.0,54,15.8,88,0.0,976.7,785.0
2026-06-11 22:00:00,31.1,58,19.8,92,0.0,977.5,910.0
2026-06-11 23:00:00,27.4,75,13.6,35,0.0,978.4,450.0
2026-06-12 00:00:00,26.6,78,18.8,49,0.0,979.2,665.0
2026-06-12 01:00:00,26.0,83,17.0,53,0.0,978.6,650.0
2026-06-12 02:00:00,25.9,81,13.4,59,0.1,978.5,560.0
2026-06-12 03:00:00,24.6,89,17.1,93,2.7,979.0,470.0
2026-06-12 04:00:00,24.2,92,19.6,104,1.5,978.2,600.0
2026-06-12 05:00:00,23.6,93,7.3,351,0.0,979.7,680.0
2026-06-12 06:00:00,23.3,93,18.3,97,2.4,980.4,575.0
2026-06-12 07:00:00,24.1,88,15.6,102,0.4,981.1,610.0
2026-06-12 08:00:00,25.7,79,16.6,111,0.0,981.4,640.0
2026-06-12 09:00:00,27.4,73,16.0,111,0.0,981.6,800.0
2026-06-12 10:00:00,29.0,66,16.0,114,0.0,981.5,905.0
2026-06-12 11:00:00,30.4,60,15.4,120,0.0,981.8,1050.0
2026-06-12 12:00:00,31.3,57,15.9,112,0.0,981.7,1230.0
2026-06-12 13:00:00,31.7,55,13.6,119,0.0,981.2,1310.0
2026-06-12 14:00:00,32.2,54,12.1,128,0.0,980.6,1410.0
2026-06-12 15:00:00,32.2,54,10.1,129,0.0,979.9,1380.0
2026-06-12 16:00:00,32.6,53,6.7,126,0.0,979.6,1530.0
2026-06-12 17:00:00,29.6,65,4.2,265,0.0,979.4,100.0
2026-06-12 18:00:00,25.5,87,12.3,55,0.8,979.9,135.0
2026-06-12 19:00:00,26.1,86,3.2,322,0.2,979.3,85.0
2026-06-12 20:00:00,26.6,82,8.8,75,0.0,980.1,135.0
2026-06-12 21:00:00,26.8,78,7.9,106,0.0,980.8,160.0
2026-06-12 22:00:00,26.8,77,8.4,100,0.0,980.9,165.0
2026-06-12 23:00:00,26.2,78,8.8,175,0.0,981.8,175.0
2026-06-13 00:00:00,25.9,80,4.5,203,0.0,981.5,100.0
2026-06-13 01:00:00,25.8,82,5.4,130,0.0,980.5,85.0
2026-06-13 02:00:00,25.4,84,6.9,120,0.5,979.5,90.0
2026-06-13 03:00:00,25.3,85,4.0,240,0.2,979.4,75.0
2026-06-13 04:00:00,25.2,86,4.0,3,0.0,980.7,75.0
2026-06-13 05:00:00,25.0,83,8.3,276,0.0,981.3,295.0
2026-06-13 06:00:00,24.8,84,6.7,261,0.0,981.7,265.0
2026-06-13 07:00:00,25.8,80,5.3,237,0.0,982.2,290.0
2026-06-13 08:00:00,26.5,75,1.8,217,0.0,982.2,265.0
2026-06-13 09:00:00,27.3,70,3.7,79,0.0,982.0,295.0
2026-06-13 10:00:00,28.6,64,6.3,77,0.0,982.0,510.0
2026-06-13 11:00:00,30.5,55,3.0,76,0.0,982.1,520.0
2026-06-13 12:00:00,31.0,55,3.6,357,0.0,981.8,680.0
2026-06-13 13:00:00,32.3,51,2.5,8,0.0,981.4,1200.0
2026-06-13 14:00:00,32.7,49,3.1,31,0.0,980.9,1165.0
2026-06-13 15:00:00,33.0,47,2.0,5,0.0,980.3,1390.0
2026-06-13 16:00:00,32.9,47,1.7,18,0.0,979.4,1385.0
2026-06-13 17:00:00,33.7,43,2.1,149,0.0,979.3,55.0
2026-06-13 18:00:00,32.4,54,5.4,92,0.0,978.9,80.0
2026-06-13 19:00:00,30.3,66,4.0,93,0.0,978.9,90.0
2026-06-13 20:00:00,29.7,70,2.5,172,0.0,979.1,40.0
2026-06-13 21:00:00,29.3,73,0.5,135,0.0,979.5,15.0
2026-06-13 22:00:00,28.4,78,2.3,113,0.0,979.5,30.0
2026-06-13 23:00:00,28.6,72,4.6,225,0.0,979.2,60.0
2026-06-14 00:00:00,27.8,72,4.7,220,0.0,978.9,60.0
2026-06-14 01:00:00,27.2,71,5.2,209,0.0,978.6,60.0
2026-06-14 02:00:00,26.7,71,5.9,218,0.0,978.4,90.0
2026-06-14 03:00:00,26.3,73,5.5,229,0.0,978.5,85.0
2026-06-14 04:00:00,26.0,75,5.3,246,0.0,978.7,75.0
2026-06-14 05:00:00,26.8,82,3.3,279,0.0,979.0,45.0
2026-06-14 06:00:00,27.5,78,3.7,349,0.0,979.4,45.0
2026-06-14 07:00:00,28.6,76,2.7,28,0.0,979.8,140.0
2026-06-14 08:00:00,30.0,71,0.2,180,0.0,980.2,280.0
2026-06-14 09:00:00,31.6,65,1.6,264,0.0,980.3,515.0
2026-06-14 10:00:00,33.0,58,2.4,279,0.0,980.2,1020.0
2026-06-14 11:00:00,34.8,45,2.7,266,0.0,979.7,1725.0
2026-06-14 12:00:00,36.0,40,3.6,264,0.0,979.0,2030.0
2026-06-14 13:00:00,36.8,36,6.5,270,0.0,978.1,2340.0
2026-06-14 14:00:00,35.6,36,10.1,299,0.2,977.7,1450.0
2026-06-14 15:00:00,35.3,36,8.6,296,0.0,977.0,570.0
2026-06-14 16:00:00,34.7,40,10.8,298,0.1,976.9,1735.0
2026-06-14 17:00:00,36.1,39,4.6,301,0.2,975.4,1660.0
2026-06-14 18:00:00,35.1,44,4.9,336,0.0,975.5,50.0
2026-06-14 19:00:00,33.2,56,1.0,149,0.0,975.9,15.0
2026-06-14 20:00:00,32.1,62,3.0,65,0.0,976.5,50.0
2026-06-14 21:00:00,30.5,70,4.6,103,0.0,977.1,75.0
2026-06-14 22:00:00,29.8,74,3.4,137,0.0,977.7,50.0
2026-06-14 23:00:00,30.0,70,8.9,204,0.0,977.8,195.0
2026-06-15 00:00:00,29.5,51,10.1,243,0.0,977.7,310.0
2026-06-15 01:00:00,29.1,52,10.3,247,0.0,977.5,420.0
2026-06-15 02:00:00,28.6,54,9.0,250,0.0,977.4,335.0
2026-06-15 03:00:00,28.1,56,7.8,265,0.0,977.2,240.0
2026-06-15 04:00:00,27.8,58,7.4,267,0.0,977.7,195.0
2026-06-15 05:00:00,27.5,62,7.1,291,0.0,978.2,165.0
2026-06-15 06:00:00,28.0,63,5.9,288,0.0,978.8,150.0
2026-06-15 07:00:00,29.2,60,7.2,283,0.0,979.7,310.0
2026-06-15 08:00:00,30.8,54,8.1,287,0.0,980.1,545.0
2026-06-15 09:00:00,32.6,46,8.4,313,0.0,980.2,795.0
2026-06-15 10:00:00,34.3,43,7.9,313,0.0,980.5,1320.0
2026-06-15 11:00:00,35.1,40,9.8,311,0.0,979.5,1575.0
2026-06-15 12:00:00,35.7,38,10.6,313,0.0,979.1,1855.0
2026-06-15 13:00:00,36.3,36,10.1,305,0.0,978.6,2225.0
2026-06-15 14:00:00,34.6,39,18.8,297,0.0,978.7,1995.0
2026-06-15 15:00:00,30.5,55,9.7,309,0.8,979.3,495.0
2026-06-15 16:00:00,31.6,53,6.4,310,0.5,977.8,620.0
2026-06-15 17:00:00,29.4,62,5.9,259,0.0,977.3,340.0
2026-06-15 18:00:00,29.7,62,5.4,358,0.0,977.5,320.0
2026-06-15 19:00:00,29.1,59,5.4,360,0.0,978.3,170.0
2026-06-15 20:00:00,28.7,62,2.9,330,0.0,979.0,95.0
2026-06-15 21:00:00,28.6,63,0.8,243,0.0,979.6,20.0
2026-06-15 22:00:00,27.4,66,4.0,201,0.0,980.0,40.0
2026-06-15 23:00:00,26.5,65,8.4,214,0.0,980.0,95.0
2026-06-16 00:00:00,26.1,67,5.6,230,0.0,979.5,65.0
2026-06-16 01:00:00,25.8,71,4.3,228,0.0,979.3,50.0
2026-06-16 02:00:00,25.5,75,3.3,216,0.0,978.8,35.0
2026-06-16 03:00:00,25.2,78,3.8,262,0.0,979.0,40.0
2026-06-16 04:00:00,25.4,76,4.5,284,0.0,979.2,50.0
2026-06-16 05:00:00,25.7,74,1.3,286,0.1,978.7,20.0
2026-06-16 06:00:00,26.4,71,1.9,343,0.0,979.8,15.0
2026-06-16 07:00:00,27.8,66,17.5,253,0.0,981.7,530.0
2026-06-16 08:00:00,28.1,65,6.5,267,0.0,981.5,190.0
2026-06-16 09:00:00,29.6,58,10.5,257,0.0,982.2,400.0
2026-06-16 10:00:00,29.8,55,9.4,266,0.0,982.6,405.0
2026-06-16 11:00:00,26.6,75,10.7,258,0.0,982.7,195.0
2026-06-16 12:00:00,27.7,65,7.2,284,0.5,982.0,230.0
2026-06-16 13:00:00,29.4,53,3.8,197,0.0,981.3,280.0
2026-06-16 14:00:00,29.2,54,5.2,229,0.0,980.2,220.0
2026-06-16 15:00:00,31.0,51,5.8,265,0.0,980.0,240.0
2026-06-16 16:00:00,32.3,44,4.5,310,0.0,979.3,365.0
2026-06-16 17:00:00,32.0,50,8.1,271,0.0,979.3,625.0
2026-06-16 18:00:00,31.1,55,9.5,279,0.0,979.6,630.0
2026-06-16 19:00:00,29.6,62,6.9,287,0.0,979.7,305.0
2026-06-16 20:00:00,28.6,69,4.1,283,0.0,979.6,135.0
2026-06-16 21:00:00,28.3,71,3.8,315,0.0,980.2,105.0
2026-06-16 22:00:00,28.0,72,3.6,307,0.0,980.7,80.0
2026-06-16 23:00:00,27.3,69,9.0,244,0.0,981.1,165.0
2026-06-17 00:00:00,26.6,70,6.2,263,0.0,980.6,135.0
2026-06-17 01:00:00,26.1,73,4.4,282,0.0,980.2,95.0
2026-06-17 02:00:00,25.5,75,6.1,251,0.0,980.3,145.0
2026-06-17 03:00:00,25.0,77,5.9,258,0.0,980.5,125.0
2026-06-17 04:00:00,24.7,77,7.1,277,0.0,980.6,140.0
2026-06-17 05:00:00,25.2,79,6.6,261,0.0,980.8,115.0
2026-06-17 06:00:00,25.8,76,5.8,286,0.0,981.5,145.0
2026-06-17 07:00:00,27.1,72,3.6,297,0.0,981.9,185.0
2026-06-17 08:00:00,28.9,64,3.4,313,0.0,982.0,320.0
2026-06-17 09:00:00,30.7,56,2.6,309,0.0,981.9,660.0
2026-06-17 10:00:00,32.2,50,2.0,275,0.0,981.9,905.0
2026-06-17 11:00:00,33.9,41,2.5,278,0.0,981.8,1285.0
2026-06-17 12:00:00,35.3,36,2.8,281,0.0,981.2,1630.0
2026-06-17 13:00:00,36.4,32,3.8,275,0.0,980.4,2140.0
2026-06-17 14:00:00,37.0,30,5.6,264,0.0,979.6,2410.0
2026-06-17 15:00:00,37.3,29,8.5,270,0.0,978.8,2470.0
2026-06-17 16:00:00,36.9,29,10.2,280,0.0,977.9,2320.0
2026-06-17 17:00:00,36.1,36,11.6,289,0.0,977.4,1600.0
2026-06-17 18:00:00,35.4,38,10.7,292,0.0,977.5,1360.0
2026-06-17 19:00:00,34.5,41,6.8,287,0.0,977.6,895.0
2026-06-17 20:00:00,33.8,45,4.3,292,0.0,978.2,335.0
2026-06-17 21:00:00,33.3,51,2.8,288,0.0,978.8,80.0
2026-06-17 22:00:00,32.9,54,2.1,308,0.0,979.4,45.0
2026-06-17 23:00:00,32.4,52,5.4,278,0.0,979.9,220.0
2026-06-18 00:00:00,31.6,55,5.1,280,0.0,980.0,215.0
2026-06-18 01:00:00,31.2,56,5.6,274,0.0,979.7,195.0
2026-06-18 02:00:00,30.6,59,3.7,309,0.0,979.3,180.0
2026-06-18 03:00:00,30.3,61,2.1,20,0.0,979.4,155.0
2026-06-18 04:00:00,29.8,64,1.3,106,0.0,979.1,45.0
2026-06-18 05:00:00,29.5,69,3.0,287,0.0,979.1,105.0
2026-06-18 06:00:00,30.1,63,4.2,280,0.0,979.3,115.0
2026-06-18 07:00:00,31.6,57,4.2,280,0.0,980.0,225.0
2026-06-18 08:00:00,33.7,48,3.9,292,0.0,980.4,935.0
2026-06-18 09:00:00,35.6,39,5.8,309,0.0,980.7,1875.0
2026-06-18 10:00:00,36.8,35,6.9,301,0.0,980.6,2170.0
2026-06-18 11:00:00,38.0,31,8.3,286,0.0,980.7,2550.0
2026-06-18 12:00:00,38.9,28,8.8,281,0.0,980.0,2685.0
2026-06-18 13:00:00,39.4,26,12.1,282,0.0,979.4,2760.0
2026-06-18 14:00:00,39.0,28,13.2,285,0.0,978.4,2615.0
2026-06-18 15:00:00,38.6,29,13.1,282,0.0,977.7,2300.0
2026-06-18 16:00:00,37.9,30,15.3,292,0.1,977.4,2240.0
2026-06-18 17:00:00,38.6,25,12.5,293,0.0,976.2,2200.0
2026-06-18 18:00:00,37.5,27,13.0,299,0.0,976.5,1745.0
2026-06-18 19:00:00,36.1,30,12.6,296,0.0,977.4,885.0
2026-06-18 20:00:00,35.3,32,11.0,295,0.0,978.0,690.0
2026-06-18 21:00:00,34.9,34,9.5,295,0.0,978.7,620.0
2026-06-18 22:00:00,33.9,38,11.8,293,0.0,979.4,510.0
2026-06-18 23:00:00,32.4,42,10.1,280,0.0,979.2,530.0
2026-06-19 00:00:00,31.7,44,10.6,288,0.0,979.3,485.0
2026-06-19 01:00:00,31.4,44,8.3,297,0.0,979.1,455.0
2026-06-19 02:00:00,31.1,45,10.9,287,0.0,978.7,575.0
2026-06-19 03:00:00,30.3,47,11.5,292,0.0,979.1,535.0
2026-06-19 04:00:00,29.6,49,7.6,295,0.0,979.0,375.0
2026-06-19 05:00:00,28.2,61,7.5,278,0.0,979.0,385.0
2026-06-19 06:00:00,28.2,60,8.6,260,0.0,979.6,365.0
2026-06-19 07:00:00,29.2,56,5.4,291,0.0,979.6,320.0
2026-06-19 08:00:00,31.2,49,1.9,304,0.0,979.8,415.0
2026-06-19 09:00:00,33.0,45,2.9,277,0.0,980.0,645.0
2026-06-19 10:00:00,34.9,40,4.4,277,0.0,980.2,1125.0
2026-06-19 11:00:00,37.2,34,7.5,281,0.0,980.3,2135.0
2026-06-19 12:00:00,37.8,32,11.1,278,0.0,979.9,2420.0
2026-06-19 13:00:00,38.1,32,12.8,273,0.0,979.5,2485.0
2026-06-19 14:00:00,38.1,32,13.3,271,0.0,979.0,2410.0
2026-06-19 15:00:00,37.8,33,12.5,275,0.0,978.5,2220.0
2026-06-19 16:00:00,37.5,34,11.5,284,0.0,977.7,2000.0
2026-06-19 17:00:00,37.8,28,12.6,275,0.0,977.7,2010.0
2026-06-19 18:00:00,36.9,31,13.5,293,0.0,977.8,1805.0
2026-06-19 19:00:00,36.1,33,12.7,303,0.0,978.2,1695.0
2026-06-19 20:00:00,35.5,36,10.4,306,0.0,978.9,1690.0
2026-06-19 21:00:00,34.9,38,8.0,312,0.0,979.9,1205.0
2026-06-19 22:00:00,34.3,40,7.3,314,0.0,980.4,690.0
2026-06-19 23:00:00,33.4,44,8.5,276,0.0,980.3,610.0
2026-06-20 00:00:00,32.6,46,8.0,284,0.0,979.9,525.0
2026-06-20 01:00:00,32.2,46,8.0,286,0.0,979.5,460.0
2026-06-20 02:00:00,31.7,46,7.7,291,0.0,979.3,375.0
2026-06-20 03:00:00,31.2,47,6.4,288,0.0,978.9,290.0
2026-06-20 04:00:00,30.7,48,5.9,281,0.0,979.0,230.0
2026-06-20 05:00:00,30.8,53,6.1,282,0.0,978.8,235.0
2026-06-20 06:00:00,31.0,53,5.0,272,0.0,979.5,240.0
2026-06-20 07:00:00,32.3,49,5.8,292,0.0,979.9,515.0
2026-06-20 08:00:00,34.2,43,8.9,291,0.0,980.6,1515.0
2026-06-20 09:00:00,35.3,40,14.9,287,0.1,980.9,1790.0
2026-06-20 10:00:00,36.1,38,13.9,289,0.1,981.1,1960.0
2026-06-20 11:00:00,36.3,39,14.3,288,0.0,980.6,2095.0
2026-06-20 12:00:00,37.1,36,13.9,287,0.0,980.2,2205.0
2026-06-20 13:00:00,37.6,34,13.2,287,0.0,979.5,2325.0
2026-06-20 14:00:00,38.1,32,13.3,295,0.0,978.9,2405.0
2026-06-20 15:00:00,38.1,31,12.8,296,0.0,978.2,2380.0
2026-06-20 16:00:00,37.8,32,12.5,290,0.0,977.6,2310.0
2026-06-20 17:00:00,33.8,46,0.6,108,0.0,978.1,305.0
2026-06-20 18:00:00,34.5,42,7.4,225,0.3,977.5,210.0
2026-06-20 19:00:00,34.8,41,5.9,239,0.0,977.7,190.0
2026-06-20 20:00:00,35.0,40,7.0,271,0.0,978.0,320.0
2026-06-20 21:00:00,34.9,38,7.3,263,0.0,978.8,280.0
2026-06-20 22:00:00,34.1,41,9.9,249,0.0,979.3,360.0
2026-06-20 23:00:00,33.4,43,11.3,248,0.0,979.1,380.0
2026-06-21 00:00:00,32.8,42,10.0,262,0.0,978.8,405.0
2026-06-21 01:00:00,32.1,43,8.2,262,0.0,978.5,325.0
2026-06-21 02:00:00,31.4,45,7.8,262,0.0,978.3,245.0
2026-06-21 03:00:00,31.0,47,7.6,266,0.0,978.1,230.0
2026-06-21 04:00:00,30.7,48,7.2,264,0.0,978.1,235.0
2026-06-21 05:00:00,30.1,51,8.1,274,0.0,978.5,395.0
2026-06-21 06:00:00,30.6,51,5.9,297,0.0,979.1,380.0
2026-06-21 07:00:00,31.3,48,8.3,270,0.0,979.5,415.0
2026-06-21 08:00:00,31.7,47,9.6,287,0.0,979.6,490.0
2026-06-21 09:00:00,32.1,47,8.0,279,0.0,979.6,505.0
2026-06-21 10:00:00,34.4,43,8.4,280,0.0,979.6,915.0
2026-06-21 11:00:00,33.9,43,10.0,278,0.0,979.4,995.0
2026-06-21 12:00:00,35.0,39,8.8,282,0.0,979.0,1570.0
2026-06-21 13:00:00,36.4,34,8.6,271,0.0,978.0,1910.0
2026-06-21 14:00:00,37.3,31,10.4,270,0.0,977.2,2110.0
2026-06-21 15:00:00,38.1,29,10.7,275,0.0,976.4,2245.0
2026-06-21 16:00:00,38.1,29,10.5,278,0.0,976.2,2495.0
2026-06-21 17:00:00,38.5,28,9.9,251,0.0,975.1,2445.0
2026-06-21 18:00:00,37.6,29,11.8,264,0.0,975.3,2105.0
2026-06-21 19:00:00,36.9,30,10.6,270,0.0,976.2,1700.0
2026-06-21 20:00:00,35.9,33,12.2,261,0.0,977.0,710.0
2026-06-21 21:00:00,35.1,33,13.0,273,0.0,977.8,845.0
2026-06-21 22:00:00,34.3,34,11.0,284,0.0,978.3,650.0
2026-06-21 23:00:00,33.3,36,8.1,288,0.0,978.1,505.0
2026-06-22 00:00:00,32.7,37,6.6,305,0.0,978.1,395.0
2026-06-22 01:00:00,32.1,40,7.6,317,0.0,977.9,445.0
2026-06-22 02:00:00,31.3,45,9.8,332,0.0,978.1,560.0
2026-06-22 03:00:00,30.5,48,5.7,332,0.0,977.9,415.0
2026-06-22 04:00:00,30.1,50,3.4,267,0.0,977.8,230.0
2026-06-22 05:00:00,28.6,59,9.8,264,0.0,978.5,330.0
2026-06-22 06:00:00,28.5,59,11.7,260,0.0,979.2,430.0
2026-06-22 07:00:00,29.7,52,10.4,262,0.0,979.7,455.0
2026-06-22 08:00:00,31.0,46,7.0,271,0.0,979.7,440.0
2026-06-22 09:00:00,31.3,44,8.3,286,0.0,980.0,500.0
2026-06-22 10:00:00,31.7,43,14.2,292,0.0,980.4,945.0
2026-06-22 11:00:00,35.3,34,14.8,302,0.0,980.0,1385.0
2026-06-22 12:00:00,36.6,32,11.5,320,0.0,979.0,1690.0
2026-06-22 13:00:00,35.8,34,11.2,307,0.0,978.3,1760.0
2026-06-22 14:00:00,36.3,33,14.1,291,0.1,978.0,1995.0
2026-06-22 15:00:00,35.7,35,11.7,301,0.1,977.5,1740.0
2026-06-22 16:00:00,35.4,37,11.1,300,0.2,977.2,1870.0
2026-06-22 17:00:00,36.7,29,13.8,303,0.0,976.5,2340.0
2026-06-22 18:00:00,35.8,30,11.8,291,0.0,976.4,1785.0
2026-06-22 19:00:00,35.0,32,9.7,268,0.0,976.7,1245.0
2026-06-22 20:00:00,34.4,35,10.3,263,0.0,977.2,820.0
2026-06-22 21:00:00,34.0,37,9.3,286,0.0,978.1,695.0
2026-06-22 22:00:00,33.4,38,6.5,304,0.0,978.3,495.0
2026-06-22 23:00:00,32.9,43,2.9,274,0.0,977.9,295.0
2026-06-23 00:00:00,32.0,46,3.8,267,0.0,977.5,195.0
2026-06-23 01:00:00,31.4,49,4.7,277,0.0,977.4,215.0
2026-06-23 02:00:00,30.9,51,3.4,313,0.0,977.2,200.0
2026-06-23 03:00:00,30.6,52,3.3,338,0.0,977.0,205.0
2026-06-23 04:00:00,30.3,52,3.5,9,0.0,976.9,215.0
2026-06-23 05:00:00,30.6,56,1.3,326,0.0,977.1,210.0
2026-06-23 06:00:00,31.1,51,2.5,274,0.0,977.4,250.0
2026-06-23 07:00:00,32.3,46,3.2,289,0.0,977.9,500.0
2026-06-23 08:00:00,33.7,41,3.4,302,0.0,978.1,1110.0
2026-06-23 09:00:00,35.3,37,5.7,281,0.0,977.9,1525.0
2026-06-23 10:00:00,36.6,33,8.2,280,0.0,977.7,2420.0
2026-06-23 11:00:00,38.7,28,11.7,279,0.0,977.2,2945.0
2026-06-23 12:00:00,37.7,27,17.8,300,0.4,976.9,2395.0
2026-06-23 13:00:00,36.8,30,10.0,291,0.4,976.5,1980.0
2026-06-23 14:00:00,36.1,32,14.4,271,0.5,976.0,1900.0
2026-06-23 15:00:00,36.2,34,9.8,277,0.1,975.5,1765.0
2026-06-23 16:00:00,35.9,34,11.7,281,0.0,975.2,1860.0
2026-06-23 17:00:00,32.6,44,10.4,222,0.0,975.2,385.0
2026-06-23 18:00:00,33.4,41,5.2,239,0.0,974.9,400.0
2026-06-23 19:00:00,32.9,43,6.1,238,0.0,975.2,285.0
2026-06-23 20:00:00,32.6,45,6.1,242,0.0,975.9,280.0
2026-06-23 21:00:00,32.1,48,4.2,258,0.0,976.4,210.0
2026-06-23 22:00:00,31.4,53,3.2,214,0.0,976.9,135.0
2026-06-23 23:00:00,31.2,54,5.7,229,0.0,976.5,225.0
2026-06-24 00:00:00,30.5,56,3.7,256,0.0,976.5,140.0
2026-06-24 01:00:00,30.1,57,2.7,238,0.0,976.4,110.0
2026-06-24 02:00:00,29.6,59,4.4,218,0.0,976.3,105.0
2026-06-24 03:00:00,29.2,59,3.6,229,0.0,976.1,85.0
2026-06-24 04:00:00,28.9,62,2.3,252,0.0,976.1,50.0
2026-06-24 05:00:00,29.1,62,6.7,200,0.0,976.6,115.0
2026-06-24 06:00:00,29.0,61,8.3,200,0.0,977.2,230.0
2026-06-24 07:00:00,30.2,56,8.2,202,0.0,977.7,325.0
2026-06-24 08:00:00,32.9,43,8.8,219,0.0,978.0,610.0
2026-06-24 09:00:00,34.7,37,9.3,245,0.0,978.2,1125.0
2026-06-24 10:00:00,35.7,35,7.2,248,0.0,978.0,1470.0
2026-06-24 11:00:00,36.5,33,9.8,235,0.0,978.3,2220.0
2026-06-24 12:00:00,35.6,34,12.2,250,0.0,977.7,1935.0
2026-06-24 13:00:00,35.7,33,9.4,252,0.0,977.0,1590.0
2026-06-24 14:00:00,37.6,29,6.8,253,0.0,976.0,1985.0
2026-06-24 15:00:00,38.0,28,6.6,261,0.0,975.5,2065.0
2026-06-24 16:00:00,38.1,26,7.7,270,0.0,975.1,2430.0
2026-06-24 17:00:00,28.6,68,21.3,79,0.2,975.4,275.0
2026-06-24 18:00:00,29.4,55,9.4,197,0.4,975.0,90.0
2026-06-24 19:00:00,31.4,50,10.8,267,0.0,975.6,205.0
2026-06-24 20:00:00,32.1,46,3.9,233,0.0,976.1,100.0
2026-06-24 21:00:00,32.2,49,2.8,255,0.0,976.9,80.0
2026-06-24 22:00:00,32.4,48,3.0,287,0.0,977.8,90.0
2026-06-24 23:00:00,32.8,46,5.5,316,0.0,977.7,195.0
2026-06-25 00:00:00,32.0,50,3.6,330,0.0,977.6,230.0
2026-06-25 01:00:00,31.8,51,2.9,22,0.0,977.2,200.0
2026-06-25 02:00:00,31.7,53,1.2,63,0.0,977.0,130.0
2026-06-25 03:00:00,31.5,56,0.4,153,0.0,976.9,15.0
2026-06-25 04:00:00,31.0,58,0.2,180,0.0,977.4,10.0
2026-06-25 05:00:00,30.4,57,7.1,120,0.0,977.4,155.0
2026-06-25 06:00:00,30.5,58,3.8,188,0.0,978.1,90.0
2026-06-25 07:00:00,30.3,59,9.6,218,0.3,979.2,285.0
2026-06-25 08:00:00,30.2,58,10.9,38,0.2,980.2,290.0
2026-06-25 09:00:00,32.2,52,6.9,203,0.0,980.0,280.0
2026-06-25 10:00:00,34.4,42,4.4,207,0.2,980.1,750.0
2026-06-25 11:00:00,36.9,33,6.6,225,0.0,979.6,2365.0
2026-06-25 12:00:00,37.5,32,6.3,239,0.0,979.0,2350.0
2026-06-25 13:00:00,38.5,31,6.3,252,0.0,978.2,2565.0
2026-06-25 14:00:00,38.9,30,7.0,249,0.0,977.5,2645.0
2026-06-25 15:00:00,39.0,30,7.2,251,0.0,976.8,2725.0
2026-06-25 16:00:00,38.6,30,7.8,266,0.0,976.1,2640.0
2026-06-25 17:00:00,37.4,35,3.2,106,0.0,975.8,1870.0
2026-06-25 18:00:00,37.3,34,3.0,163,0.0,975.9,1905.0
2026-06-25 19:00:00,37.2,34,2.7,200,0.0,976.5,2105.0
2026-06-25 20:00:00,36.6,35,4.4,207,0.1,977.3,2105.0
2026-06-25 21:00:00,35.6,41,4.8,200,0.0,978.1,460.0
2026-06-25 22:00:00,34.8,45,2.7,203,0.0,978.7,350.0
2026-06-25 23:00:00,33.5,45,6.0,286,0.0,979.1,610.0
2026-06-26 00:00:00,33.0,46,4.9,352,0.0,978.9,320.0
2026-06-26 01:00:00,32.9,48,1.5,225,0.0,978.5,210.0
2026-06-26 02:00:00,32.4,50,2.7,228,0.0,978.3,155.0
2026-06-26 03:00:00,32.1,52,3.1,230,0.0,978.0,80.0
2026-06-26 04:00:00,31.3,54,6.4,220,0.0,978.7,165.0
2026-06-26 05:00:00,29.8,67,5.8,244,0.0,978.6,135.0
2026-06-26 06:00:00,30.3,65,4.6,239,0.0,979.4,155.0
2026-06-26 07:00:00,31.8,59,4.9,260,0.1,979.8,230.0
2026-06-26 08:00:00,34.0,50,5.2,264,0.0,980.3,530.0
2026-06-26 09:00:00,35.9,42,4.5,270,0.0,980.4,940.0
2026-06-26 10:00:00,37.6,38,4.3,255,0.0,980.4,1855.0
2026-06-26 11:00:00,39.4,33,5.0,255,0.0,980.2,2845.0
2026-06-26 12:00:00,39.9,31,4.1,270,0.0,979.6,2875.0
2026-06-26 13:00:00,40.5,29,3.4,286,0.0,978.8,2955.0
2026-06-26 14:00:00,40.7,29,2.4,287,0.0,978.0,3175.0
2026-06-26 15:00:00,40.7,28,4.1,315,0.0,977.0,2985.0
2026-06-26 16:00:00,37.6,35,7.4,131,0.4,977.1,1380.0
2026-06-26 17:00:00,30.7,71,6.9,107,0.6,976.8,85.0
2026-06-26 18:00:00,35.4,39,2.9,150,0.1,976.8,170.0
2026-06-26 19:00:00,35.4,38,4.3,213,0.0,977.7,235.0
2026-06-26 20:00:00,35.4,39,4.0,234,0.0,978.3,170.0
2026-06-26 21:00:00,35.2,39,6.3,255,0.0,979.0,310.0
2026-06-26 22:00:00,35.0,40,5.3,282,0.0,979.4,215.0
2026-06-26 23:00:00,34.3,45,4.9,280,0.0,979.1,230.0
2026-06-27 00:00:00,33.6,48,4.4,289,0.0,978.6,195.0
2026-06-27 01:00:00,33.4,49,4.5,284,0.0,978.2,180.0
2026-06-27 02:00:00,33.1,50,4.7,274,0.0,978.1,235.0
2026-06-27 03:00:00,32.4,53,4.7,252,0.0,978.2,180.0
2026-06-27 04:00:00,31.7,58,5.4,270,0.0,978.3,190.0
2026-06-27 05:00:00,26.8,87,5.9,281,0.0,978.1,70.0
2026-06-27 06:00:00,27.5,86,12.8,215,0.7,979.2,185.0
2026-06-27 07:00:00,30.4,68,6.0,267,0.0,979.1,180.0
2026-06-27 08:00:00,33.6,53,5.6,295,0.0,979.3,345.0
2026-06-27 09:00:00,36.2,42,3.4,313,0.0,979.4,735.0
2026-06-27 10:00:00,38.2,35,2.6,295,0.0,979.4,1970.0
2026-06-27 11:00:00,39.6,32,2.3,321,0.0,979.2,2805.0
2026-06-27 12:00:00,38.9,34,5.3,308,0.0,978.6,2745.0
2026-06-27 13:00:00,39.4,33,5.0,314,0.0,977.7,2770.0
2026-06-27 14:00:00,39.8,31,5.2,290,0.0,976.9,2770.0
2026-06-27 15:00:00,40.1,30,6.3,273,0.0,976.0,2785.0
2026-06-27 16:00:00,39.7,30,9.4,271,0.0,974.9,2785.0
2026-06-27 17:00:00,37.2,37,6.4,280,0.0,974.7,445.0
2026-06-27 18:00:00,38.5,33,4.4,212,0.1,974.6,360.0
2026-06-27 19:00:00,37.7,35,5.6,272,0.2,975.1,625.0
2026-06-27 20:00:00,37.0,37,3.5,235,0.0,975.6,390.0
2026-06-27 21:00:00,36.3,40,5.2,180,0.0,976.3,205.0
2026-06-27 22:00:00,35.5,44,6.3,180,0.0,976.7,190.0
2026-06-27 23:00:00,34.8,50,6.6,125,0.0,976.0,130.0
2026-06-28 00:00:00,34.6,53,4.3,228,0.6,976.2,165.0
2026-06-28 01:00:00,33.6,55,5.8,248,0.0,976.0,175.0
2026-06-28 02:00:00,32.0,59,9.1,207,0.3,975.7,115.0
2026-06-28 03:00:00,32.0,54,7.7,208,0.0,975.5,120.0
2026-06-28 04:00:00,31.8,55,4.2,220,0.0,975.8,90.0
2026-06-28 05:00:00,29.5,72,11.0,228,0.0,975.2,135.0
2026-06-28 06:00:00,31.1,66,10.9,220,0.1,975.3,225.0
2026-06-28 07:00:00,33.6,51,9.7,236,0.0,975.9,330.0
2026-06-28 08:00:00,35.1,46,10.4,238,0.0,976.6,575.0
2026-06-28 09:00:00,36.7,43,6.9,256,0.0,977.0,860.0
2026-06-28 10:00:00,38.6,38,4.9,272,0.0,977.0,2340.0
2026-06-28 11:00:00,40.4,32,3.7,309,0.0,976.6,2545.0
2026-06-28 12:00:00,41.5,29,5.6,297,0.0,975.7,2790.0
2026-06-28 13:00:00,41.9,28,7.7,301,0.0,974.9,2920.0
2026-06-28 14:00:00,41.9,29,8.9,310,0.0,974.0,2885.0
2026-06-28 15:00:00,41.8,28,9.5,307,0.0,973.3,2795.0
2026-06-28 16:00:00,41.0,29,12.4,312,0.0,972.7,2650.0
2026-06-28 17:00:00,40.0,30,14.3,317,0.0,972.7,2485.0
2026-06-28 18:00:00,38.8,33,13.5,318,0.0,973.1,2000.0
2026-06-28 19:00:00,37.8,37,9.9,316,0.0,973.7,1285.0
2026-06-28 20:00:00,37.4,38,7.5,314,0.0,974.3,1105.0
2026-06-28 21:00:00,37.1,39,6.7,308,0.0,974.9,1185.0
2026-06-28 22:00:00,36.6,41,5.2,299,0.0,975.3,870.0
2026-06-28 23:00:00,35.5,50,2.5,184,0.0,975.1,50.0
2026-06-29 00:00:00,35.3,49,3.3,189,0.0,974.6,70.0
2026-06-29 01:00:00,34.5,53,3.3,151,0.0,974.2,65.0
2026-06-29 02:00:00,33.7,55,6.5,175,0.0,974.1,145.0
2026-06-29 03:00:00,33.0,58,5.2,209,0.0,974.1,125.0
2026-06-29 04:00:00,32.5,57,4.7,189,0.0,974.4,125.0
2026-06-29 05:00:00,32.5,57,8.6,258,0.0,974.2,215.0
2026-06-29 06:00:00,32.1,58,10.5,241,0.2,974.5,280.0
2026-06-29 07:00:00,33.4,51,10.3,230,0.0,974.7,365.0
2026-06-29 08:00:00,35.6,44,11.7,243,0.0,975.3,800.0
2026-06-29 09:00:00,37.2,38,13.7,274,0.0,975.8,1475.0
2026-06-29 10:00:00,38.3,35,12.1,291,0.1,976.0,1540.0
2026-06-29 11:00:00,39.6,33,10.5,287,0.0,975.7,2230.0
2026-06-29 12:00:00,40.4,30,10.7,293,0.1,975.2,2505.0
2026-06-29 13:00:00,41.2,29,11.0,288,0.0,974.3,2810.0
2026-06-29 14:00:00,41.7,29,13.6,287,0.0,973.6,2875.0
2026-06-29 15:00:00,40.1,31,12.4,296,1.0,973.2,2445.0
2026-06-29 16:00:00,40.0,32,11.6,292,0.0,972.3,2510.0
2026-06-29 17:00:00,41.5,26,12.6,308,0.0,972.1,2980.0
2026-06-29 18:00:00,40.6,26,10.2,319,0.0,971.9,2870.0
2026-06-29 19:00:00,39.6,28,3.9,326,0.0,972.4,2555.0
2026-06-29 20:00:00,38.7,30,3.1,170,0.0,973.2,620.0
2026-06-29 21:00:00,37.5,35,7.3,163,0.0,973.8,365.0
2026-06-29 22:00:00,36.4,40,7.7,164,0.0,974.5,250.0
2026-06-29 23:00:00,35.9,45,6.5,177,0.0,974.2,175.0
2026-06-30 00:00:00,34.2,50,6.7,117,0.1,974.0,150.0
2026-06-30 01:00:00,28.9,78,14.3,109,1.2,973.7,140.0
2026-06-30 02:00:00,30.3,67,9.1,188,0.3,972.5,125.0
2026-06-30 03:00:00,31.0,66,10.0,203,0.0,972.9,125.0
2026-06-30 04:00:00,31.7,60,6.5,208,0.0,973.5,110.0
2026-06-30 05:00:00,31.7,70,6.0,173,0.0,973.4,145.0
2026-06-30 06:00:00,33.5,52,8.5,232,0.0,974.0,940.0
2026-06-30 07:00:00,34.8,41,12.3,264,0.0,974.7,1120.0
2026-06-30 08:00:00,34.7,43,13.4,276,0.0,975.5,1075.0
2026-06-30 09:00:00,35.8,41,14.4,274,0.0,975.7,1210.0
2026-06-30 10:00:00,36.8,39,14.4,286,0.0,976.1,1240.0
2026-06-30 11:00:00,36.5,42,14.1,289,0.0,976.2,1280.0
2026-06-30 12:00:00,38.0,37,11.6,307,0.0,976.1,1660.0
2026-06-30 13:00:00,38.8,36,8.2,320,0.0,975.7,2050.0
2026-06-30 14:00:00,39.5,35,7.6,322,0.0,974.7,2670.0
2026-06-30 15:00:00,38.6,38,5.8,64,0.0,974.3,2330.0
2026-06-30 16:00:00,34.0,61,10.4,79,2.2,974.4,595.0
2026-06-30 17:00:00,32.8,66,7.7,89,0.5,973.8,285.0
2026-06-30 18:00:00,34.8,53,7.4,151,0.1,974.0,515.0
2026-06-30 19:00:00,34.5,54,8.4,145,0.0,974.2,615.0
2026-06-30 20:00:00,33.8,57,12.7,122,0.0,974.8,715.0
2026-06-30 21:00:00,32.4,65,13.3,120,0.0,975.5,515.0
2026-06-30 22:00:00,31.8,70,11.4,123,0.0,975.9,480.0
2026-06-30 23:00:00,31.7,73,12.4,141,0.0,976.0,630.0
2026-07-01 00:00:00,31.3,73,11.1,133,0.0,975.7,595.0
2026-07-01 01:00:00,31.0,74,11.5,124,0.0,975.4,645.0
2026-07-01 02:00:00,30.4,74,11.0,118,0.0,975.6,555.0
2026-07-01 03:00:00,29.9,70,10.5,117,0.0,975.4,440.0
2026-07-01 04:00:00,28.8,74,10.6,105,0.5,975.8,425.0
2026-07-01 05:00:00,27.7,94,10.0,126,0.3,975.8,455.0
2026-07-01 06:00:00,26.9,91,13.8,104,0.3,976.5,480.0
2026-07-01 07:00:00,27.0,90,10.4,108,0.4,976.9,370.0
2026-07-01 08:00:00,28.5,84,8.7,114,0.1,977.2,365.0
2026-07-01 09:00:00,29.7,81,5.2,94,0.0,977.6,355.0
2026-07-01 10:00:00,30.7,77,5.6,86,0.0,977.8,420.0
2026-07-01 11:00:00,30.3,71,8.6,98,0.1,978.4,650.0
2026-07-01 12:00:00,30.8,70,7.2,103,0.0,977.9,605.0
2026-07-01 13:00:00,31.3,69,7.2,109,0.0,977.1,610.0
2026-07-01 14:00:00,32.2,65,8.1,94,0.0,976.2,760.0
2026-07-01 15:00:00,32.7,62,7.9,87,0.0,975.4,930.0
2026-07-01 16:00:00,32.1,65,8.0,81,0.0,974.9,770.0
2026-07-01 17:00:00,32.6,60,9.4,108,0.0,974.3,865.0
2026-07-01 18:00:00,31.2,66,8.0,106,0.0,974.4,615.0
2026-07-01 19:00:00,30.4,70,6.9,110,0.0,975.0,415.0
2026-07-01 20:00:00,29.9,73,5.8,120,0.0,975.8,275.0
2026-07-01 21:00:00,29.8,74,4.6,149,0.0,976.6,230.0
2026-07-01 22:00:00,29.7,75,2.9,184,0.0,977.5,275.0
2026-07-01 23:00:00,30.2,73,6.6,163,0.1,977.3,355.0
2026-07-02 00:00:00,30.2,75,2.3,135,0.0,977.4,300.0
2026-07-02 01:00:00,29.7,75,4.7,358,0.0,977.3,145.0
2026-07-02 02:00:00,28.9,78,7.3,126,0.1,976.9,245.0
2026-07-02 03:00:00,28.1,76,7.1,139,0.0,977.0,175.0
2026-07-02 04:00:00,27.9,75,6.6,137,0.0,977.4,130.0
2026-07-02 05:00:00,25.9,95,6.5,34,0.0,977.9,295.0
2026-07-02 06:00:00,25.9,93,3.8,73,4.4,978.2,180.0
2026-07-02 07:00:00,26.1,93,3.8,229,1.9,977.8,135.0
2026-07-02 08:00:00,26.8,92,4.0,212,0.4,977.5,165.0
2026-07-02 09:00:00,28.3,82,4.3,204,0.0,978.1,300.0
2026-07-02 10:00:00,28.0,83,2.1,211,0.0,978.5,265.0
2026-07-02 11:00:00,27.1,85,0.8,333,0.0,978.3,250.0
2026-07-02 12:00:00,27.9,77,2.7,307,0.0,977.9,340.0
2026-07-02 13:00:00,29.7,69,5.2,6,0.0,977.1,855.0
2026-07-02 14:00:00,30.2,66,6.3,355,0.0,976.1,815.0
2026-07-02 15:00:00,30.8,65,6.6,313,0.0,975.5,880.0
2026-07-02 16:00:00,31.2,64,5.8,340,0.0,974.9,1160.0
2026-07-02 17:00:00,31.5,64,4.0,58,0.0,974.6,1135.0
2026-07-02 18:00:00,31.4,65,3.3,68,0.0,974.7,475.0
2026-07-02 19:00:00,30.7,73,5.3,62,0.0,975.1,360.0
2026-07-02 20:00:00,30.0,78,5.6,73,0.0,975.8,390.0
2026-07-02 21:00:00,29.7,81,5.8,83,0.0,976.8,420.0
2026-07-02 22:00:00,29.3,83,6.2,83,0.0,977.5,400.0
2026-07-02 23:00:00,29.2,82,7.4,91,0.0,977.9,380.0
2026-07-03 00:00:00,28.9,84,5.4,90,0.0,977.6,350.0
2026-07-03 01:00:00,28.6,86,6.4,80,0.0,977.4,365.0
2026-07-03 02:00:00,28.2,87,6.9,84,0.0,976.9,355.0
2026-07-03 03:00:00,27.9,88,6.3,88,0.0,976.8,320.0
2026-07-03 04:00:00,27.8,88,6.5,90,0.0,976.7,305.0
2026-07-03 05:00:00,27.0,91,6.3,66,0.0,977.0,170.0
2026-07-03 06:00:00,27.6,87,5.8,76,0.0,977.4,210.0
2026-07-03 07:00:00,28.8,81,3.6,81,0.0,978.0,240.0
2026-07-03 08:00:00,30.5,73,4.3,85,0.0,977.9,395.0
2026-07-03 09:00:00,32.4,62,6.0,99,0.0,977.9,1040.0
2026-07-03 10:00:00,33.5,55,7.9,125,0.1,978.0,1240.0
2026-07-03 11:00:00,34.5,49,5.8,160,0.1,977.6,1265.0
2026-07-03 12:00:00,33.8,54,6.2,165,0.3,977.3,1225.0
2026-07-03 13:00:00,33.9,55,4.8,155,0.0,976.6,1225.0
2026-07-03 14:00:00,34.0,55,2.9,173,0.0,975.6,1300.0
2026-07-03 15:00:00,34.3,54,2.4,193,0.0,975.1,1365.0
2026-07-03 16:00:00,34.4,53,2.9,187,0.0,974.5,1410.0
2026-07-03 17:00:00,33.8,57,5.6,180,0.0,974.0,1250.0
2026-07-03 18:00:00,32.7,64,5.8,175,0.0,974.6,435.0
2026-07-03 19:00:00,31.6,71,6.5,172,0.0,975.3,270.0
2026-07-03 20:00:00,30.9,75,4.8,165,0.0,975.8,195.0
2026-07-03 21:00:00,30.5,77,4.4,150,0.0,976.5,155.0
2026-07-03 22:00:00,30.4,79,4.2,137,0.0,976.6,130.0
2026-07-03 23:00:00,30.7,75,5.1,135,0.0,976.1,110.0
2026-07-04 00:00:00,30.5,74,3.9,103,0.0,976.1,110.0
2026-07-04 01:00:00,30.2,74,4.0,90,0.0,976.0,105.0
2026-07-04 02:00:00,30.0,74,4.3,95,0.0,975.9,130.0
2026-07-04 03:00:00,29.9,75,3.4,108,0.0,975.7,105.0
2026-07-04 04:00:00,29.9,76,2.4,103,0.0,975.6,60.0
2026-07-04 05:00:00,29.2,82,3.9,124,0.0,975.8,95.0
2026-07-04 06:00:00,29.6,81,3.8,115,0.0,976.2,165.0
2026-07-04 07:00:00,30.7,77,2.8,108,0.0,976.7,280.0
2026-07-04 08:00:00,31.2,71,4.9,126,0.2,976.4,590.0
2026-07-04 09:00:00,32.2,66,4.3,158,0.4,976.2,820.0
2026-07-04 10:00:00,33.4,62,4.1,151,0.0,976.4,1280.0
2026-07-04 11:00:00,32.6,65,2.5,159,0.1,976.3,1090.0
2026-07-04 12:00:00,34.1,57,2.4,207,0.3,976.1,1175.0
2026-07-04 13:00:00,35.7,51,2.2,265,0.1,975.0,1445.0
2026-07-04 14:00:00,36.4,49,3.9,294,0.0,974.1,1525.0
2026-07-04 15:00:00,36.5,48,5.1,306,0.1,973.3,1545.0
2026-07-04 16:00:00,36.5,49,5.2,326,0.1,972.7,1585.0
2026-07-04 17:00:00,33.4,67,6.8,335,0.1,972.8,785.0
2026-07-04 18:00:00,32.9,70,4.6,9,0.0,972.4,630.0
2026-07-04 19:00:00,32.1,78,2.2,76,0.0,972.8,85.0
2026-07-04 20:00:00,31.7,79,4.3,85,0.0,973.3,130.0
2026-07-04 21:00:00,31.5,81,2.7,132,0.0,973.8,30.0
2026-07-04 22:00:00,31.0,82,6.2,120,0.0,974.6,235.0
2026-07-04 23:00:00,31.7,76,6.1,66,0.0,974.6,260.0
2026-07-05 00:00:00,30.8,81,3.5,35,0.0,974.0,125.0
2026-07-05 01:00:00,30.4,84,3.2,16,0.0,974.0,120.0
2026-07-05 02:00:00,30.2,85,4.5,34,0.0,973.9,165.0
2026-07-05 03:00:00,29.7,86,6.1,120,0.0,974.0,220.0
2026-07-05 04:00:00,29.0,88,6.9,123,0.5,974.2,255.0
2026-07-05 05:00:00,28.8,91,6.6,101,0.1,974.3,165.0
2026-07-05 06:00:00,29.4,87,3.8,87,0.0,974.7,165.0
2026-07-05 07:00:00,30.8,80,3.8,93,0.0,975.4,200.0
2026-07-05 08:00:00,32.8,70,4.7,99,0.0,975.5,490.0
2026-07-05 09:00:00,34.4,59,4.7,118,0.0,975.4,1070.0
2026-07-05 10:00:00,34.5,55,8.8,102,0.2,975.4,1275.0
2026-07-05 11:00:00,31.5,75,6.5,30,2.5,975.8,395.0
2026-07-05 12:00:00,33.9,64,1.7,13,0.0,975.1,950.0
2026-07-05 13:00:00,33.4,63,8.4,83,0.2,974.5,880.0
2026-07-05 14:00:00,32.1,71,8.5,89,0.2,973.7,450.0
2026-07-05 15:00:00,32.9,69,2.7,82,0.0,973.0,525.0
2026-07-05 16:00:00,33.4,66,1.2,63,0.0,972.6,710.0
2026-07-05 17:00:00,31.5,72,5.3,82,0.0,972.2,510.0
2026-07-05 18:00:00,31.2,74,3.3,61,0.0,972.7,475.0
2026-07-05 19:00:00,30.9,77,7.4,89,0.0,973.6,370.0
2026-07-05 20:00:00,30.6,80,8.8,116,0.0,974.4,360.0
2026-07-05 21:00:00,30.3,82,6.3,114,0.0,975.1,325.0
2026-07-05 22:00:00,30.0,84,4.0,100,0.0,975.5,270.0
2026-07-05 23:00:00,30.0,82,3.9,114,0.0,974.8,195.0
2026-07-06 00:00:00,30.1,80,7.3,115,0.0,975.0,295.0
2026-07-06 01:00:00,30.1,77,6.5,113,0.0,975.2,380.0
2026-07-06 02:00:00,29.9,77,7.3,123,0.0,974.9,385.0
2026-07-06 03:00:00,29.7,77,5.1,129,0.0,974.4,285.0
2026-07-06 04:00:00,29.6,78,1.6,174,0.0,975.0,175.0
2026-07-06 05:00:00,26.8,95,5.9,88,0.0,974.4,75.0
2026-07-06 06:00:00,27.7,94,5.1,58,0.0,975.0,150.0
2026-07-06 07:00:00,28.7,89,3.1,59,0.0,975.1,200.0
2026-07-06 08:00:00,30.3,82,3.5,81,0.0,976.0,325.0
2026-07-06 09:00:00,31.7,76,4.4,111,0.0,976.3,595.0
2026-07-06 10:00:00,33.0,67,5.7,131,0.1,976.4,925.0
2026-07-06 11:00:00,34.1,55,7.3,144,0.0,976.1,1150.0
2026-07-06 12:00:00,35.3,50,2.3,151,0.0,975.3,1435.0
2026-07-06 13:00:00,36.1,48,0.4,297,0.0,974.8,1605.0
2026-07-06 14:00:00,36.5,48,2.0,280,0.0,973.8,1775.0
2026-07-06 15:00:00,36.7,48,2.6,286,0.0,973.2,1930.0
2026-07-06 16:00:00,36.6,48,1.1,279,0.0,972.5,1855.0
2026-07-06 17:00:00,34.5,59,7.0,119,0.0,972.2,520.0
2026-07-06 18:00:00,33.6,68,4.5,143,0.4,972.7,150.0
2026-07-06 19:00:00,32.5,76,3.3,229,0.0,973.3,45.0
2026-07-06 20:00:00,32.1,80,2.0,5,0.0,973.7,30.0
2026-07-06 21:00:00,32.0,78,4.2,83,0.0,974.7,145.0
2026-07-06 22:00:00,31.7,76,4.2,102,0.0,975.1,155.0
2026-07-06 23:00:00,31.1,79,3.5,111,0.0,975.1,85.0
2026-07-07 00:00:00,31.0,80,3.1,90,0.0,975.0,70.0
2026-07-07 01:00:00,30.9,81,2.3,94,0.0,974.6,65.0
2026-07-07 02:00:00,30.6,82,4.0,120,0.0,974.3,140.0
2026-07-07 03:00:00,30.2,84,3.7,125,0.0,973.6,160.0
2026-07-07 04:00:00,29.8,85,4.0,175,0.0,974.1,145.0
2026-07-07 05:00:00,27.5,96,7.9,16,0.0,974.3,120.0
2026-07-07 06:00:00,27.6,95,5.6,360,1.2,974.6,130.0
2026-07-07 07:00:00,28.2,95,5.0,178,0.1,975.1,155.0
2026-07-07 08:00:00,29.8,88,5.2,245,0.0,975.7,295.0
2026-07-07 09:00:00,31.6,76,7.5,250,0.0,975.6,495.0
2026-07-07 10:00:00,32.8,68,7.3,224,0.0,975.5,765.0
2026-07-07 11:00:00,31.0,81,4.9,287,0.0,975.3,440.0
2026-07-07 12:00:00,32.5,70,1.4,203,0.0,975.0,840.0
2026-07-07 13:00:00,30.9,72,5.7,307,0.6,974.6,425.0
2026-07-07 14:00:00,31.9,69,1.5,346,0.2,973.5,455.0
2026-07-07 15:00:00,32.5,64,6.2,73,0.0,972.8,925.0
2026-07-07 16:00:00,30.4,78,9.8,96,0.0,972.3,425.0
2026-07-07 17:00:00,26.5,94,7.6,89,0.0,972.2,210.0
2026-07-07 18:00:00,26.7,96,2.0,80,3.1,972.1,170.0
2026-07-07 19:00:00,26.8,96,2.6,282,1.6,972.9,125.0
2026-07-07 20:00:00,27.0,96,4.3,92,1.0,973.8,155.0
2026-07-07 21:00:00,26.9,97,6.6,103,0.5,975.0,190.0
2026-07-07 22:00:00,27.0,96,2.8,130,0.1,975.2,155.0
2026-07-07 23:00:00,27.0,95,4.0,95,0.0,974.4,155.0
2026-07-08 00:00:00,26.9,95,1.6,96,0.0,974.3,130.0
2026-07-08 01:00:00,27.0,94,1.4,310,0.0,973.7,80.0
2026-07-08 02:00:00,26.9,96,9.6,323,0.0,973.8,270.0
2026-07-08 03:00:00,26.8,94,4.6,9,0.0,973.8,150.0
2026-07-08 04:00:00,26.7,93,8.2,26,0.0,973.9,305.0
2026-07-08 05:00:00,26.1,97,7.1,30,0.5,973.6,400.0
2026-07-08 06:00:00,26.3,97,9.5,33,1.5,973.6,425.0
2026-07-08 07:00:00,26.6,97,9.7,59,0.9,973.9,440.0
2026-07-08 08:00:00,27.1,94,10.8,69,0.2,974.3,385.0
2026-07-08 09:00:00,27.8,89,9.3,63,0.1,974.5,470.0
2026-07-08 10:00:00,28.7,83,10.1,70,0.0,974.7,555.0
2026-07-08 11:00:00,27.3,92,8.3,89,0.1,974.7,410.0
2026-07-08 12:00:00,27.7,88,8.1,61,1.2,974.3,480.0
2026-07-08 13:00:00,29.1,79,7.7,57,0.1,973.6,665.0
2026-07-08 14:00:00,29.3,78,8.3,41,0.1,973.0,600.0
2026-07-08 15:00:00,29.0,80,7.8,13,0.1,972.3,545.0
2026-07-08 16:00:00,29.1,80,7.9,4,0.3,971.9,535.0
2026-07-08 17:00:00,27.1,91,8.0,44,0.1,972.3,355.0
2026-07-08 18:00:00,26.5,96,8.1,360,2.1,972.0,220.0
2026-07-08 19:00:00,26.3,95,8.4,25,0.7,972.3,215.0
2026-07-08 20:00:00,26.5,94,8.8,33,0.2,973.2,350.0
2026-07-08 21:00:00,26.6,95,10.3,27,0.6,973.7,420.0
2026-07-08 22:00:00,26.7,96,10.2,32,1.0,973.7,540.0
2026-07-08 23:00:00,26.2,94,8.6,16,2.0,973.4,390.0
2026-07-09 00:00:00,26.0,96,9.0,357,1.9,973.0,335.0
2026-07-09 01:00:00,25.9,95,9.9,2,1.8,972.3,350.0
2026-07-09 02:00:00,25.8,96,9.4,352,1.8,972.1,365.0
2026-07-09 03:00:00,25.8,95,9.9,335,1.7,971.9,450.0
2026-07-09 04:00:00,25.7,96,10.2,321,8.0,972.2,395.0
2026-07-09 05:00:00,25.4,96,11.4,355,18.1,972.7,525.0
2026-07-09 06:00:00,25.2,97,11.1,333,10.1,972.2,350.0
2026-07-09 07:00:00,25.0,98,16.5,349,7.3,972.5,430.0
2026-07-09 08:00:00,25.6,93,18.9,2,12.1,973.5,620.0
2026-07-09 09:00:00,25.3,94,15.8,352,15.1,973.9,595.0
2026-07-09 10:00:00,25.4,94,13.2,331,9.0,974.4,560.0
2026-07-09 11:00:00,25.2,94,8.8,20,8.1,975.6,375.0
2026-07-09 12:00:00,25.4,94,6.9,327,3.5,975.4,325.0
2026-07-09 13:00:00,26.4,92,7.5,320,1.2,974.8,565.0
2026-07-09 14:00:00,27.9,83,11.5,335,0.1,974.2,740.0
2026-07-09 15:00:00,28.6,78,12.4,341,0.0,974.4,735.0
2026-07-09 16:00:00,28.9,77,10.4,326,0.0,973.7,705.0
2026-07-09 17:00:00,29.2,75,12.9,335,0.0,973.5,780.0
2026-07-09 18:00:00,28.3,80,10.6,341,0.0,973.7,605.0
2026-07-09 19:00:00,27.3,86,8.5,348,0.0,974.5,435.0
2026-07-09 20:00:00,26.8,89,6.4,328,0.0,974.8,380.0
2026-07-09 21:00:00,26.5,91,5.8,358,0.0,975.6,305.0
2026-07-09 22:00:00,26.1,92,4.7,310,0.0,975.4,180.0
2026-07-09 23:00:00,27.1,95,6.4,350,0.0,975.5,250.0
2026-07-10 00:00:00,26.5,97,6.2,345,0.0,975.2,220.0
2026-07-10 01:00:00,26.3,97,5.6,303,0.0,974.6,190.0
2026-07-10 02:00:00,26.0,97,6.3,325,0.0,974.3,230.0
2026-07-10 03:00:00,25.7,96,6.8,307,0.0,974.1,235.0
2026-07-10 04:00:00,25.5,96,7.1,294,0.0,974.7,235.0
2026-07-10 05:00:00,26.9,97,6.3,263,0.0,974.5,180.0
2026-07-10 06:00:00,27.2,94,6.2,291,0.3,974.7,275.0
2026-07-10 07:00:00,27.8,90,7.4,356,0.1,975.7,450.0
2026-07-10 08:00:00,28.4,86,6.6,299,0.2,976.0,460.0
2026-07-10 09:00:00,30.1,79,9.9,318,0.0,976.3,915.0
2026-07-10 10:00:00,30.0,78,11.5,350,0.0,976.6,810.0
2026-07-10 11:00:00,31.1,73,9.7,320,0.0,976.3,965.0
2026-07-10 12:00:00,32.1,68,10.0,322,0.0,976.2,1145.0
2026-07-10 13:00:00,32.5,66,10.5,329,0.0,975.1,1170.0
2026-07-10 14:00:00,32.8,63,10.7,327,0.0,974.7,1155.0
2026-07-10 15:00:00,33.0,62,10.5,335,0.0,974.3,1165.0
2026-07-10 16:00:00,32.8,62,8.7,339,0.0,973.7,995.0
2026-07-10 17:00:00,32.0,64,4.5,323,0.0,973.3,635.0
2026-07-10 18:00:00,31.3,72,4.0,267,0.0,973.8,155.0
2026-07-10 19:00:00,30.1,78,4.6,261,0.0,974.3,95.0
2026-07-10 20:00:00,29.6,79,7.2,266,0.0,974.9,190.0
2026-07-10 21:00:00,29.1,81,8.1,274,0.0,975.5,325.0
2026-07-10 22:00:00,28.5,86,3.6,250,0.0,975.5,200.0
2026-07-10 23:00:00,28.3,87,4.8,283,0.0,975.4,160.0
2026-07-11 00:00:00,27.9,89,5.2,268,0.0,974.7,120.0
2026-07-11 01:00:00,27.7,89,5.2,266,0.0,974.3,150.0
2026-07-11 02:00:00,27.6,90,2.4,279,0.0,973.7,55.0
2026-07-11 03:00:00,27.5,91,1.9,326,0.0,973.8,45.0
2026-07-11 04:00:00,27.5,91,0.8,225,0.0,974.0,20.0
2026-07-11 05:00:00,27.4,93,2.8,310,0.0,974.0,55.0
2026-07-11 06:00:00,27.7,93,4.8,297,0.0,974.3,105.0
2026-07-11 07:00:00,28.6,87,1.7,41,0.0,974.7,195.0
2026-07-11 08:00:00,29.1,84,5.6,69,0.0,975.6,260.0
2026-07-11 09:00:00,30.5,77,4.7,212,0.0,975.6,875.0
2026-07-11 10:00:00,32.3,64,10.3,270,0.0,975.4,1090.0
2026-07-11 11:00:00,33.1,60,11.8,289,0.0,975.3,1200.0
2026-07-11 12:00:00,33.7,59,9.3,299,0.1,974.9,1230.0
2026-07-11 13:00:00,34.1,58,8.1,299,0.1,974.1,1260.0
2026-07-11 14:00:00,34.3,57,6.6,291,0.1,973.4,1305.0
2026-07-11 15:00:00,34.2,57,5.8,275,0.0,972.8,1295.0
2026-07-11 16:00:00,34.2,57,6.4,243,0.0,972.2,1335.0
2026-07-11 17:00:00,34.1,61,4.9,242,0.0,972.1,1050.0
2026-07-11 18:00:00,32.7,71,4.6,211,0.0,972.3,165.0
2026-07-11 19:00:00,31.7,78,2.3,162,0.0,972.7,30.0
2026-07-11 20:00:00,31.5,79,1.0,149,0.0,973.4,15.0
2026-07-11 21:00:00,31.0,81,4.0,170,0.0,974.0,55.0
2026-07-11 22:00:00,30.7,77,6.2,187,0.0,974.1,165.0
2026-07-11 23:00:00,31.0,76,5.4,214,0.0,973.8,130.0
2026-07-12 00:00:00,29.9,79,7.8,226,0.0,972.8,135.0
2026-07-12 01:00:00,29.5,80,6.6,237,0.0,972.3,135.0
2026-07-12 02:00:00,29.1,80,6.0,249,0.0,971.9,115.0
2026-07-12 03:00:00,28.9,79,6.5,240,0.0,971.3,135.0
2026-07-12 04:00:00,28.7,78,5.9,243,0.0,971.3,120.0
2026-07-12 05:00:00,29.4,74,10.9,243,0.0,971.1,435.0
2026-07-12 06:00:00,29.6,72,10.5,246,0.0,971.7,490.0
2026-07-12 07:00:00,30.5,70,10.5,253,0.0,972.2,570.0
2026-07-12 08:00:00,31.3,67,12.3,258,0.0,972.6,690.0
2026-07-12 09:00:00,32.2,64,11.8,261,0.0,973.1,755.0
2026-07-12 10:00:00,33.2,62,11.4,264,0.0,973.2,870.0
2026-07-12 11:00:00,34.3,59,11.8,276,0.0,973.3,1085.0
2026-07-12 12:00:00,34.6,57,10.7,286,0.1,973.4,1270.0
2026-07-12 13:00:00,35.0,55,9.6,290,0.1,972.7,1295.0
2026-07-12 14:00:00,35.0,55,8.8,290,0.1,972.3,1400.0
2026-07-12 15:00:00,34.3,59,8.9,297,0.3,972.2,1045.0
2026-07-12 16:00:00,32.4,65,9.6,311,0.3,972.2,450.0
2026-07-12 17:00:00,34.6,58,5.4,276,0.6,971.6,1230.0
2026-07-12 18:00:00,33.6,68,3.8,289,0.0,971.6,165.0
2026-07-12 19:00:00,32.3,73,4.2,295,0.0,971.9,75.0
2026-07-12 20:00:00,31.9,75,2.7,270,0.0,972.6,40.0
2026-07-12 21:00:00,31.5,77,2.4,228,0.0,973.4,35.0
2026-07-12 22:00:00,31.1,78,3.4,245,0.0,973.9,40.0
2026-07-12 23:00:00,31.5,72,8.4,254,0.0,973.5,220.0
2026-07-13 00:00:00,30.5,72,11.3,245,0.1,973.1,545.0
2026-07-13 01:00:00,30.5,64,13.7,275,0.0,973.0,800.0
2026-07-13 02:00:00,29.6,67,9.8,283,0.0,973.0,510.0
2026-07-13 03:00:00,28.9,70,7.7,270,0.0,972.8,325.0
2026-07-13 04:00:00,28.4,72,7.9,274,0.0,973.1,315.0
2026-07-13 05:00:00,29.0,73,11.6,262,0.0,973.1,435.0
2026-07-13 06:00:00,29.1,72,11.5,262,0.0,973.3,450.0
2026-07-13 07:00:00,30.0,70,10.4,268,0.0,973.8,540.0
2026-07-13 08:00:00,31.2,67,9.5,268,0.0,974.6,670.0
2026-07-13 09:00:00,32.4,63,11.0,275,0.0,974.7,820.0
2026-07-13 10:00:00,33.4,60,10.8,281,0.0,974.8,1155.0
2026-07-13 11:00:00,34.7,54,10.3,285,0.0,974.7,1275.0
2026-07-13 12:00:00,35.2,51,7.7,286,0.0,974.8,1410.0
2026-07-13 13:00:00,35.7,48,5.9,268,0.0,974.4,1570.0
2026-07-13 14:00:00,35.8,48,6.9,264,0.0,973.9,1640.0
2026-07-13 15:00:00,35.6,49,8.8,261,0.0,973.3,1585.0
2026-07-13 16:00:00,35.4,50,8.5,265,0.0,973.1,1660.0
2026-07-13 17:00:00,34.3,65,5.2,155,0.0,972.6,160.0
2026-07-13 18:00:00,33.5,71,4.4,150,0.0,973.0,125.0
2026-07-13 19:00:00,32.6,74,3.8,197,0.0,973.4,80.0
2026-07-13 20:00:00,32.2,67,6.4,252,0.0,974.1,145.0
2026-07-13 21:00:00,31.8,63,6.1,273,0.0,974.5,110.0
2026-07-13 22:00:00,30.8,69,6.4,310,0.0,975.3,225.0
2026-07-13 23:00:00,30.6,72,6.1,240,0.0,974.9,75.0
2026-07-14 00:00:00,29.8,77,4.3,253,0.0,974.9,65.0
2026-07-14 01:00:00,29.7,77,5.1,238,0.0,974.4,90.0
2026-07-14 02:00:00,29.8,72,7.6,265,0.0,974.4,240.0
2026-07-14 03:00:00,29.3,74,6.6,303,0.0,974.3,205.0
2026-07-14 04:00:00,28.7,77,6.2,330,0.0,974.7,175.0
2026-07-14 05:00:00,26.1,95,5.3,258,0.0,975.3,115.0
2026-07-14 06:00:00,26.4,85,19.6,250,1.0,975.3,255.0
2026-07-14 07:00:00,28.1,76,9.7,242,0.1,975.4,90.0
2026-07-14 08:00:00,30.8,70,7.9,266,0.0,975.6,380.0
2026-07-14 09:00:00,32.0,65,8.0,262,0.0,976.3,500.0
2026-07-14 10:00:00,33.4,60,9.8,262,0.0,976.7,955.0
2026-07-14 11:00:00,35.2,51,11.7,287,0.0,976.9,1480.0
2026-07-14 12:00:00,35.6,48,9.6,296,0.0,976.7,1550.0
2026-07-14 13:00:00,36.0,46,8.6,293,0.0,976.3,1695.0
2026-07-14 14:00:00,36.2,45,7.7,291,0.0,975.7,1750.0
2026-07-14 15:00:00,36.2,45,8.3,290,0.0,975.1,1815.0
2026-07-14 16:00:00,35.8,45,9.9,292,0.0,974.9,1760.0
2026-07-14 17:00:00,28.1,89,8.2,194,0.0,975.0,130.0
2026-07-14 18:00:00,28.7,89,9.7,205,1.1,975.0,190.0
2026-07-14 19:00:00,28.2,88,11.3,193,0.1,976.0,230.0
2026-07-14 20:00:00,28.0,83,6.5,208,0.0,976.7,145.0
2026-07-14 21:00:00,28.4,80,5.8,202,0.0,977.1,90.0
2026-07-14 22:00:00,28.7,76,6.6,221,0.0,977.6,125.0
2026-07-14 23:00:00,29.4,74,4.6,225,0.0,977.4,65.0
2026-07-15 00:00:00,27.4,83,7.4,84,0.0,977.2,70.0
2026-07-15 01:00:00,26.3,87,9.4,150,0.0,976.9,85.0
2026-07-15 02:00:00,25.9,88,6.9,173,0.0,976.7,65.0
2026-07-15 03:00:00,26.2,90,2.6,78,0.0,976.2,40.0
2026-07-15 04:00:00,26.3,91,2.3,119,0.0,976.3,35.0
2026-07-15 05:00:00,26.4,88,6.8,180,0.0,976.9,200.0
2026-07-15 06:00:00,25.4,96,9.5,111,2.4,977.7,135.0
2026-07-15 07:00:00,26.0,98,7.2,168,0.9,977.5,95.0
2026-07-15 08:00:00,29.1,84,5.3,188,0.1,978.1,355.0
2026-07-15 09:00:00,31.9,65,5.6,249,0.0,978.5,740.0
2026-07-15 10:00:00,33.7,55,8.7,275,0.0,978.8,955.0
2026-07-15 11:00:00,35.4,48,8.8,271,0.0,978.8,1605.0
2026-07-15 12:00:00,36.0,44,8.5,276,0.0,978.5,1825.0
2026-07-15 13:00:00,36.3,42,9.7,281,0.0,977.7,1880.0
2026-07-15 14:00:00,36.3,43,9.7,294,0.0,977.3,1875.0
2026-07-15 15:00:00,36.1,43,9.2,293,0.0,976.9,1790.0
2026-07-15 16:00:00,35.8,44,9.4,274,0.0,976.4,1615.0
2026-07-15 17:00:00,34.0,52,8.8,178,0.0,976.0,380.0
2026-07-15 18:00:00,32.8,57,8.1,176,0.0,976.4,200.0
2026-07-15 19:00:00,31.9,64,7.6,198,0.0,977.0,195.0
2026-07-15 20:00:00,31.6,65,8.3,237,0.0,977.6,200.0
2026-07-15 21:00:00,31.5,64,6.4,260,0.0,978.3,160.0
2026-07-15 22:00:00,31.2,64,4.9,262,0.0,978.8,130.0
2026-07-15 23:00:00,31.8,63,5.6,239,0.0,978.1,100.0
2026-07-16 00:00:00,31.0,66,6.3,257,0.0,978.4,200.0
2026-07-16 01:00:00,30.6,67,5.2,256,0.0,978.0,135.0
2026-07-16 02:00:00,30.3,67,6.1,251,0.0,977.9,130.0
2026-07-16 03:00:00,30.0,66,7.5,253,0.0,977.8,180.0
2026-07-16 04:00:00,29.8,65,9.0,268,0.0,977.9,310.0
2026-07-16 05:00:00,30.0,64,9.0,269,0.0,978.0,235.0
2026-07-16 06:00:00,30.2,63,9.2,274,0.0,978.2,260.0
2026-07-16 07:00:00,31.3,61,7.9,270,0.0,978.6,320.0
2026-07-16 08:00:00,32.7,56,9.2,282,0.0,978.8,430.0
2026-07-16 09:00:00,34.1,53,9.6,284,0.0,979.1,950.0
2026-07-16 10:00:00,35.6,48,10.9,290,0.0,979.2,1690.0
2026-07-16 11:00:00,36.9,42,12.6,303,0.0,979.2,1865.0
2026-07-16 12:00:00,36.7,42,11.7,299,0.0,978.9,1890.0
2026-07-16 13:00:00,37.1,40,12.5,295,0.0,978.1,1930.0
2026-07-16 14:00:00,37.3,40,12.5,298,0.0,977.5,1960.0
2026-07-16 15:00:00,37.2,39,12.5,297,0.0,976.7,1980.0
2026-07-16 16:00:00,37.1,39,11.4,296,0.0,976.2,2050.0
2026-07-16 17:00:00,37.3,38,12.4,310,0.0,975.5,2055.0
2026-07-16 18:00:00,36.6,40,7.8,314,0.0,975.8,1475.0
2026-07-16 19:00:00,35.1,46,5.2,316,0.0,976.3,190.0
2026-07-16 20:00:00,34.3,56,2.4,306,0.0,976.9,40.0
2026-07-16 21:00:00,34.0,59,1.5,339,0.0,977.6,20.0
2026-07-16 22:00:00,33.7,61,1.5,21,0.0,977.7,25.0
2026-07-16 23:00:00,34.3,58,1.4,180,0.0,977.0,20.0
2026-07-17 00:00:00,33.2,60,3.2,183,0.0,976.8,35.0
2026-07-17 01:00:00,32.5,65,2.3,162,0.0,976.6,55.0
2026-07-17 02:00:00,31.7,67,2.8,225,0.0,976.6,85.0
2026-07-17 03:00:00,31.1,69,4.0,252,0.0,976.5,95.0
2026-07-17 04:00:00,30.7,70,4.6,239,0.0,976.7,70.0
2026-07-17 05:00:00,31.1,70,3.5,279,0.0,976.7,115.0
2026-07-17 06:00:00,31.0,69,7.0,252,0.0,977.4,145.0
2026-07-17 07:00:00,31.8,65,7.5,260,0.0,977.8,270.0
2026-07-17 08:00:00,33.0,56,9.4,268,0.0,978.1,400.0
2026-07-17 09:00:00,34.5,51,10.5,277,0.0,978.3,680.0
2026-07-17 10:00:00,36.0,45,11.2,281,0.0,978.5,1555.0
2026-07-17 11:00:00,36.6,41,11.8,301,0.0,978.7,1795.0
2026-07-17 12:00:00,36.4,42,11.8,309,0.2,978.3,1790.0
2026-07-17 13:00:00,36.9,41,11.6,305,0.1,977.6,1840.0
2026-07-17 14:00:00,37.2,40,10.9,304,0.0,976.8,1830.0
2026-07-17 15:00:00,37.4,39,11.8,295,0.0,975.9,1910.0
2026-07-17 16:00:00,37.0,39,12.1,295,0.0,975.5,1940.0
2026-07-17 17:00:00,37.0,38,11.3,301,0.0,975.5,2090.0
2026-07-17 18:00:00,35.8,45,6.3,307,0.0,975.9,1680.0
2026-07-17 19:00:00,34.7,55,2.8,320,0.0,976.2,225.0
2026-07-17 20:00:00,34.4,57,1.0,248,0.0,976.8,30.0
2026-07-17 21:00:00,33.9,61,1.3,188,0.0,977.6,35.0
2026-07-17 22:00:00,33.0,64,2.9,187,0.0,977.7,65.0
2026-07-17 23:00:00,33.1,65,2.6,192,0.0,977.2,35.0
2026-07-18 00:00:00,31.9,68,6.1,214,0.0,977.1,135.0
2026-07-18 01:00:00,31.4,66,3.1,242,0.0,976.9,90.0
2026-07-18 02:00:00,31.2,65,3.1,273,0.0,976.7,80.0
2026-07-18 03:00:00,31.3,61,4.5,270,0.0,976.4,110.0
2026-07-18 04:00:00,31.2,59,8.0,252,0.0,976.5,215.0
2026-07-18 05:00:00,31.1,65,11.0,276,0.0,976.3,530.0
2026-07-18 06:00:00,31.0,61,11.1,282,0.0,976.7,585.0
2026-07-18 07:00:00,31.8,57,10.7,279,0.0,977.1,670.0
2026-07-18 08:00:00,32.1,58,9.7,273,0.0,977.4,765.0
2026-07-18 09:00:00,33.1,56,11.5,278,0.0,977.6,895.0
2026-07-18 10:00:00,34.8,51,13.7,283,0.0,977.7,1110.0
2026-07-18 11:00:00,35.5,49,14.9,291,0.0,977.7,1180.0
2026-07-18 12:00:00,35.6,49,13.7,295,0.0,977.2,1225.0
2026-07-18 13:00:00,36.0,47,11.9,297,0.0,976.5,1310.0
2026-07-18 14:00:00,36.0,47,9.8,294,0.0,976.1,1340.0
2026-07-18 15:00:00,36.3,44,9.3,292,0.0,975.6,1640.0
2026-07-18 16:00:00,35.7,46,7.9,281,0.0,975.2,1615.0
2026-07-18 17:00:00,36.3,42,5.8,306,0.0,975.1,1775.0
2026-07-18 18:00:00,35.5,49,3.8,245,0.0,975.8,270.0
2026-07-18 19:00:00,34.4,51,4.9,246,0.0,976.3,140.0
2026-07-18 20:00:00,34.1,52,4.4,249,0.0,976.4,105.0
2026-07-18 21:00:00,33.9,52,4.4,218,0.0,976.8,55.0
2026-07-18 22:00:00,33.2,57,4.1,178,0.0,977.4,80.0
2026-07-18 23:00:00,33.6,52,6.6,202,0.0,977.2,160.0
2026-07-19 00:00:00,32.0,65,4.9,188,0.0,977.0,110.0
2026-07-19 01:00:00,31.2,70,5.7,191,0.0,976.6,95.0
2026-07-19 02:00:00,30.7,71,5.6,186,0.0,976.4,125.0
2026-07-19 03:00:00,30.4,70,6.9,194,0.0,976.5,190.0
2026-07-19 04:00:00,30.1,70,6.7,214,0.0,976.5,205.0
2026-07-19 05:00:00,29.8,81,2.8,108,0.0,976.2,15.0
2026-07-19 06:00:00,30.4,80,5.3,204,0.0,977.0,40.0
2026-07-19 07:00:00,31.6,71,6.8,238,0.0,976.9,275.0
2026-07-19 08:00:00,32.5,62,8.1,269,0.0,977.6,500.0
2026-07-19 09:00:00,33.0,58,7.5,278,0.0,978.1,550.0
2026-07-19 10:00:00,34.1,54,8.0,284,0.0,978.2,750.0
2026-07-19 11:00:00,35.6,47,11.1,304,0.0,978.2,1550.0
2026-07-19 12:00:00,36.0,46,11.2,308,0.0,978.0,1670.0
2026-07-19 13:00:00,35.0,51,8.1,294,0.4,977.5,1535.0
2026-07-19 14:00:00,35.2,51,4.9,231,0.0,976.8,1490.0
2026-07-19 15:00:00,34.9,55,4.3,204,0.0,976.2,550.0
2026-07-19 16:00:00,33.6,60,5.4,48,1.8,976.4,920.0
2026-07-19 17:00:00,36.6,43,1.6,354,0.1,975.5,1800.0
2026-07-19 18:00:00,34.2,57,10.4,100,0.2,976.3,655.0
2026-07-19 19:00:00,31.6,79,11.2,122,0.1,976.4,325.0
2026-07-19 20:00:00,31.2,81,9.7,155,0.0,977.3,425.0
2026-07-19 21:00:00,31.2,81,6.5,157,0.1,978.4,710.0
2026-07-19 22:00:00,30.7,84,6.4,122,0.5,978.6,515.0
2026-07-19 23:00:00,31.6,78,8.7,137,0.5,978.4,590.0
2026-07-20 00:00:00,30.3,84,7.5,120,0.0,977.6,395.0
2026-07-20 01:00:00,28.8,89,8.5,128,0.1,977.2,250.0
2026-07-20 02:00:00,28.1,90,7.6,117,0.0,976.9,270.0
2026-07-20 03:00:00,28.4,90,4.2,220,0.0,977.1,430.0
2026-07-20 04:00:00,26.8,94,9.4,225,4.8,977.1,265.0
2026-07-20 05:00:00,28.5,84,8.5,207,1.1,976.9,350.0
2026-07-20 06:00:00,28.6,85,8.0,218,0.2,976.8,285.0
2026-07-20 07:00:00,28.2,87,6.7,251,0.6,977.3,410.0
2026-07-20 08:00:00,27.7,92,1.8,135,4.2,978.0,140.0
2026-07-20 09:00:00,28.7,90,6.7,185,0.9,978.6,365.0
2026-07-20 10:00:00,29.5,86,0.6,18,0.9,979.0,485.0
2026-07-20 11:00:00,30.1,82,1.8,225,0.4,978.6,540.0
2026-07-20 12:00:00,30.9,77,4.0,306,0.3,978.1,905.0
2026-07-20 13:00:00,31.6,73,5.3,308,0.4,977.5,915.0
2026-07-20 14:00:00,32.5,69,5.5,308,0.2,976.5,1105.0
2026-07-20 15:00:00,32.4,69,4.8,326,0.2,975.9,1060.0
2026-07-20 16:00:00,32.5,70,3.3,331,0.1,975.6,1035.0
2026-07-20 17:00:00,29.7,83,7.6,1,2.9,975.3,265.0
2026-07-20 18:00:00,27.9,93,5.1,67,3.3,975.7,135.0
2026-07-20 19:00:00,28.0,93,2.9,83,0.3,975.9,105.0
2026-07-20 20:00:00,28.0,94,4.3,90,0.2,976.7,135.0
2026-07-20 21:00:00,27.8,95,4.1,128,0.0,977.5,125.0
2026-07-20 22:00:00,27.5,95,4.3,165,0.0,977.6,115.0
2026-07-20 23:00:00,27.4,94,5.5,122,0.0,977.6,210.0
